{"type":"FeatureCollection","features":[{"type":"Feature","properties":{"id":null,"Name":null,"description":null,"timestamp":null,"begin":null,"end":null,"altitudeMode":null,"tessellate":-1,"extrude":0,"visibility":-1,"drawOrder":null,"icon":null},"geometry":{"type":"MultiPolygon","coordinates":[[[[-46.5639495,-20.5316221],[-46.5643722,-20.5324053],[-46.5641097,-20.5320348],[-46.5639495,-20.5316221]]],[[[-46.5639495,-20.5316221],[-46.5638939,-20.5315192],[-46.5639377,-20.5315917],[-46.5639495,-20.5316221]]],[[[-46.9198027,-20.0758734],[-46.9325491,-20.1408723],[-46.9328223,-20.140818],[-46.9330041,-20.1407192],[-46.9331516,-20.1406391],[-46.9334386,-20.1404182],[-46.9337821,-20.1402966],[-46.934033,-20.1403226],[-46.9343135,-20.1402908],[-46.9345494,-20.1403384],[-46.9348073,-20.1403212],[-46.9351036,-20.1403395],[-46.935438,-20.1403716],[-46.9357964,-20.140478],[-46.9359949,-20.140595],[-46.9362767,-20.1406636],[-46.9365123,-20.1406896],[-46.936687,-20.1406949],[-46.936862,-20.1407288],[-46.9370297,-20.1407456],[-46.9371681,-20.1405931],[-46.9373954,-20.1404825],[-46.9375633,-20.1405596],[-46.937659,-20.14072],[-46.9378869,-20.1407319],[-46.9381449,-20.1407219],[-46.9382903,-20.140645],[-46.9384881,-20.1406542],[-46.9386416,-20.1407746],[-46.9387544,-20.1408944],[-46.9389379,-20.1410071],[-46.9390833,-20.1410987],[-46.9392344,-20.1410397],[-46.9393473,-20.1409596],[-46.9395817,-20.1408853],[-46.9397726,-20.1407752],[-46.9399825,-20.140759],[-46.9401355,-20.1408505],[-46.9402132,-20.1410002],[-46.940246,-20.1411934],[-46.9402481,-20.1413655],[-46.9402422,-20.1415018],[-46.9403579,-20.1416511],[-46.9403901,-20.1418013],[-46.9404152,-20.1419874],[-46.9404025,-20.1421331],[-46.9404945,-20.142259],[-46.940616,-20.1422648],[-46.9407512,-20.1421486],[-46.9409254,-20.1421108],[-46.9410923,-20.1421018],[-46.9412298,-20.1421599],[-46.9413672,-20.142346],[-46.9414477,-20.1424552],[-46.9415694,-20.1426199],[-46.9417756,-20.1427252],[-46.9419828,-20.1429022],[-46.942092,-20.1431376],[-46.9422545,-20.1433867],[-46.942319,-20.1436405],[-46.9424348,-20.1437715],[-46.9425697,-20.1437749],[-46.9426173,-20.1438478],[-46.9426396,-20.143975],[-46.942667,-20.1440971],[-46.9427677,-20.1442723],[-46.9428677,-20.1443888],[-46.9429115,-20.1445696],[-46.9429448,-20.1447455],[-46.9429312,-20.1449073],[-46.9428652,-20.1450207],[-46.9427783,-20.1451295],[-46.9426349,-20.1452731],[-46.9425539,-20.1454356],[-46.9425042,-20.1456076],[-46.9425067,-20.1458134],[-46.9425291,-20.1459901],[-46.9425934,-20.1461112],[-46.9427443,-20.1461487],[-46.9429761,-20.1460758],[-46.9431061,-20.1460468],[-46.9432465,-20.1460746],[-46.9433205,-20.1461865],[-46.9434217,-20.1464009],[-46.9434181,-20.1465332],[-46.9434048,-20.1467146],[-46.9433913,-20.1468764],[-46.9434086,-20.1470182],[-46.9434448,-20.1471704],[-46.9435162,-20.1473305],[-46.9435234,-20.1474921],[-46.9435663,-20.1476092],[-46.9435491,-20.147861],[-46.9435412,-20.1480944],[-46.9435234,-20.1483298],[-46.9435676,-20.1485497],[-46.9435751,-20.1487407],[-46.9435411,-20.1489223],[-46.9434547,-20.1490702],[-46.9433991,-20.1491835],[-46.9433909,-20.1493599],[-46.943418,-20.1494527],[-46.9434816,-20.1495695],[-46.9435303,-20.1496567],[-46.9435984,-20.1497789],[-46.9436832,-20.1499249],[-46.9437068,-20.1501549],[-46.9437296,-20.1503261],[-46.9438276,-20.1506667],[-46.9440102,-20.1511998],[-46.9440492,-20.1514198],[-46.9441134,-20.1515807],[-46.9441047,-20.1517131],[-46.9440602,-20.1518899],[-46.9440842,-20.1521542],[-46.9440661,-20.152365],[-46.9440733,-20.1525315],[-46.9441999,-20.1526966],[-46.9443617,-20.1528373],[-46.9444838,-20.1530223],[-46.9445448,-20.1531253],[-46.9446173,-20.1533008],[-46.9446612,-20.1535096],[-46.9446849,-20.1536],[-46.9448094,-20.1537431],[-46.9449632,-20.1538463],[-46.9450913,-20.1538918],[-46.9451757,-20.1540035],[-46.9452803,-20.154071],[-46.9454319,-20.1541673],[-46.9455564,-20.1541708],[-46.9456957,-20.1541105],[-46.9458091,-20.1540504],[-46.9460517,-20.1539547],[-46.9462072,-20.153948],[-46.9463731,-20.1539413],[-46.9465339,-20.1539346],[-46.9466743,-20.1539625],[-46.9468098,-20.1540198],[-46.9469665,-20.1541013],[-46.9471023,-20.1541782],[-46.9471865,-20.1542801],[-46.9472609,-20.1544213],[-46.9473864,-20.1545032],[-46.9475579,-20.1545307],[-46.9477077,-20.1544752],[-46.9478312,-20.1544003],[-46.9479229,-20.1542622],[-46.94802,-20.1541435],[-46.948159,-20.1540587],[-46.9483182,-20.1539296],[-46.9484721,-20.1537956],[-46.9486528,-20.1537202],[-46.9488539,-20.1536298],[-46.9490765,-20.1535881],[-46.9491912,-20.1536358],[-46.9492544,-20.1537135],[-46.9492558,-20.1538261],[-46.949179,-20.1539054],[-46.9490975,-20.1540225],[-46.9490312,-20.1541881],[-46.9490371,-20.1543921],[-46.9490418,-20.1545584],[-46.9489498,-20.1546652],[-46.9489331,-20.1547758],[-46.9488856,-20.1549434],[-46.9488915,-20.1551094],[-46.9488481,-20.1552463],[-46.9488645,-20.1553196],[-46.9489434,-20.155402],[-46.9491458,-20.1554096],[-46.9492802,-20.1553738],[-46.9494313,-20.1554309],[-46.949597,-20.1554095],[-46.9497775,-20.1553193],[-46.949853,-20.1551372],[-46.9500093,-20.1550478],[-46.950277,-20.1550248],[-46.9505054,-20.1550418],[-46.9506982,-20.1551083],[-46.9508491,-20.1551507],[-46.9509693,-20.1552228],[-46.951064,-20.1553295],[-46.9511905,-20.155403],[-46.9514379,-20.1554089],[-46.9516151,-20.1554263],[-46.9517566,-20.1553982],[-46.9519506,-20.1553277],[-46.952095,-20.1553405],[-46.9522022,-20.1554182],[-46.9522367,-20.1555363],[-46.9521935,-20.1557303],[-46.9521807,-20.1559169],[-46.9521598,-20.1560749],[-46.9520932,-20.1562118],[-46.9521705,-20.1563185],[-46.9523831,-20.1563233],[-46.9525866,-20.1561992],[-46.9528079,-20.1562971],[-46.9528097,-20.1564405],[-46.9527304,-20.1565909],[-46.9527846,-20.1566825],[-46.9529055,-20.1568453],[-46.9530735,-20.1570718],[-46.9532611,-20.1573245],[-46.9533543,-20.1574955],[-46.9534473,-20.1576451],[-46.9536241,-20.1578223],[-46.9537252,-20.1580148],[-46.9537809,-20.1582221],[-46.953814,-20.1584368],[-46.9539237,-20.1586781],[-46.9541165,-20.158807],[-46.9542822,-20.1588474],[-46.9545016,-20.1587805],[-46.9547352,-20.1586417],[-46.9549538,-20.1585173],[-46.9550819,-20.1584371],[-46.9551904,-20.1584802],[-46.9552087,-20.1585766],[-46.9551812,-20.158701],[-46.9552076,-20.1587798],[-46.9552859,-20.1589653],[-46.955424,-20.1590857],[-46.9555375,-20.1590486],[-46.9557632,-20.1588883],[-46.9559587,-20.1587356],[-46.9561607,-20.1585746],[-46.9563819,-20.1584411],[-46.9566368,-20.1583122],[-46.9568332,-20.1582312],[-46.9571132,-20.1581635],[-46.9573394,-20.158155],[-46.9576561,-20.1581187],[-46.9578392,-20.1580405],[-46.9581558,-20.1579604],[-46.9582893,-20.1578784],[-46.9584728,-20.1578417],[-46.9586669,-20.1578231],[-46.9589118,-20.1578456],[-46.959136,-20.1578112],[-46.9594179,-20.1578941],[-46.9596397,-20.1580207],[-46.9598609,-20.1581043],[-46.9600363,-20.1581669],[-46.9602354,-20.1583009],[-46.9602755,-20.1584725],[-46.9602632,-20.1587092],[-46.960147,-20.1589541],[-46.9600517,-20.159204],[-46.9597604,-20.15957],[-46.9595596,-20.159717],[-46.9594094,-20.1598549],[-46.9592448,-20.1600503],[-46.9591943,-20.1602964],[-46.9592809,-20.1605087],[-46.959474,-20.1605983],[-46.9596716,-20.1605799],[-46.9598619,-20.1606208],[-46.9599616,-20.1606985],[-46.959933,-20.1608351],[-46.9598139,-20.16103],[-46.9598819,-20.1612118],[-46.9598994,-20.161398],[-46.9598975,-20.1616456],[-46.9598419,-20.1618705],[-46.9599754,-20.1620765],[-46.9601585,-20.1621928],[-46.9603302,-20.1622634],[-46.9605486,-20.1623085],[-46.9606811,-20.1625171],[-46.960662,-20.1626695],[-46.9607847,-20.1627685],[-46.9609307,-20.1629103],[-46.9611301,-20.1630658],[-46.9612991,-20.1632288],[-46.9616324,-20.1633719],[-46.9618193,-20.1635385],[-46.962018,-20.1636438],[-46.9622431,-20.1636375],[-46.9624263,-20.1635828],[-46.962581,-20.163478],[-46.9627217,-20.1634764],[-46.962816,-20.1635196],[-46.9628682,-20.1636036],[-46.9628165,-20.1637424],[-46.9627592,-20.1638538],[-46.9625531,-20.1639318],[-46.9624719,-20.1639965],[-46.9624491,-20.1640786],[-46.9623873,-20.1642381],[-46.9623993,-20.1643852],[-46.9624249,-20.1646072],[-46.9624806,-20.1648145],[-46.9625222,-20.1651008],[-46.9625334,-20.1653946],[-46.9625372,-20.1656957],[-46.9625925,-20.1658671],[-46.9627307,-20.1659875],[-46.9628745,-20.16595],[-46.9629337,-20.1658275],[-46.9630532,-20.1656684],[-46.9632561,-20.1655174],[-46.9634277,-20.1654849],[-46.963666,-20.1653187],[-46.963854,-20.1651876],[-46.963952,-20.1651192],[-46.9641328,-20.1650707],[-46.9642981,-20.1650379],[-46.9644431,-20.1651008],[-46.9644747,-20.1652009],[-46.9644456,-20.1653016],[-46.9643484,-20.1654245],[-46.964205,-20.1654907],[-46.9639351,-20.165658],[-46.9638557,-20.1657489],[-46.9636943,-20.1659337],[-46.9636811,-20.1660916],[-46.9637816,-20.166241],[-46.9639487,-20.1662463],[-46.9640513,-20.1662489],[-46.9642403,-20.1661658],[-46.9645436,-20.1660566],[-46.9647734,-20.16598],[-46.9649073,-20.1659117],[-46.9650606,-20.1658334],[-46.9652187,-20.1657528],[-46.9654218,-20.1656491],[-46.9656338,-20.1655966],[-46.9658389,-20.1656086],[-46.9659465,-20.165715],[-46.9659617,-20.1657737],[-46.9659191,-20.1658396],[-46.9658047,-20.1659101],[-46.9656311,-20.1659909],[-46.9654585,-20.1661506],[-46.9654374,-20.166287],[-46.965386,-20.1664238],[-46.9654117,-20.1666601],[-46.9654375,-20.1669036],[-46.9655614,-20.1670958],[-46.9657072,-20.1672161],[-46.9659272,-20.1671993],[-46.9660853,-20.1670971],[-46.9663101,-20.166858],[-46.9664965,-20.1667254],[-46.9666243,-20.1666165],[-46.9667147,-20.166573],[-46.9668078,-20.1665872],[-46.9668622,-20.166687],[-46.9667955,-20.1668168],[-46.9666855,-20.1669383],[-46.9665407,-20.1670777],[-46.9665344,-20.1671853],[-46.9665214,-20.1673611],[-46.9665044,-20.1674843],[-46.9664866,-20.1676124],[-46.9665726,-20.1678122],[-46.9666855,-20.1679492],[-46.9667809,-20.1680293],[-46.9668362,-20.1682394],[-46.9670427,-20.168359],[-46.9672024,-20.1683859],[-46.9674714,-20.1682465],[-46.9677598,-20.1682361],[-46.9678483,-20.1684217],[-46.9679108,-20.1685644],[-46.9679727,-20.168864],[-46.9679978,-20.1690097],[-46.9681046,-20.1692977],[-46.9681924,-20.1694827],[-46.9682381,-20.1696315],[-46.9682648,-20.1697936],[-46.9683106,-20.1700092],[-46.9685815,-20.170404],[-46.9686654,-20.1705508],[-46.9688607,-20.1708247],[-46.9690163,-20.1710353],[-46.9691003,-20.171207],[-46.9691994,-20.1714721],[-46.9692719,-20.1717372],[-46.9693039,-20.1718755],[-46.9693765,-20.1720109],[-46.9694065,-20.1721901],[-46.9694575,-20.1724202],[-46.9695419,-20.1726965],[-46.9695848,-20.1728872],[-46.9697204,-20.1732011],[-46.9698254,-20.1735058],[-46.9701099,-20.1735887],[-46.9702538,-20.1737591],[-46.9704359,-20.1737475],[-46.9706286,-20.173774],[-46.9708817,-20.1737712],[-46.9710746,-20.1738168],[-46.9713392,-20.1739286],[-46.9715532,-20.1740409],[-46.9717275,-20.174211],[-46.9718823,-20.1744483],[-46.9720278,-20.1747414],[-46.9719289,-20.1749353],[-46.9718965,-20.1751762],[-46.971969,-20.175428],[-46.9721278,-20.17565],[-46.972238,-20.1759642],[-46.972279,-20.1762075],[-46.9723412,-20.1765025],[-46.9724912,-20.1767787],[-46.9726983,-20.1769413],[-46.972904,-20.1769963],[-46.973167,-20.1767783],[-46.9733701,-20.1766254],[-46.9735281,-20.176509],[-46.9737179,-20.1765068],[-46.9738782,-20.1765696],[-46.9739192,-20.1768129],[-46.9739597,-20.1770131],[-46.9740538,-20.1772559],[-46.9742371,-20.1773398],[-46.9744742,-20.1774734],[-46.974704,-20.1776285],[-46.9748571,-20.1777344],[-46.9750415,-20.1779044],[-46.9752113,-20.1781175],[-46.9751841,-20.1783688],[-46.9751559,-20.1785412],[-46.9751203,-20.1787351],[-46.9753278,-20.1789335],[-46.9755115,-20.1791596],[-46.9755225,-20.1794204],[-46.9756864,-20.179668],[-46.9758093,-20.1797813],[-46.9759634,-20.1799588],[-46.9761856,-20.180114],[-46.9763545,-20.1802627],[-46.9764935,-20.1804475],[-46.9765564,-20.1806189],[-46.9765449,-20.180913],[-46.976579,-20.1812065],[-46.9766655,-20.1814422],[-46.9767439,-20.1816349],[-46.9768297,-20.1818203],[-46.9769825,-20.1818903],[-46.9771649,-20.1819026],[-46.9773401,-20.1817585],[-46.9775586,-20.1815376],[-46.9776434,-20.1813093],[-46.9776703,-20.1810365],[-46.9776071,-20.1808067],[-46.9776197,-20.1804644],[-46.977683,-20.1802334],[-46.9778714,-20.1801238],[-46.9781,-20.1801857],[-46.9783215,-20.1802908],[-46.9785132,-20.1804392],[-46.9786534,-20.1807172],[-46.9787856,-20.1809666],[-46.9789409,-20.1812373],[-46.9791481,-20.1814071],[-46.9793556,-20.1816055],[-46.9796258,-20.1819537],[-46.9799102,-20.1822301],[-46.9801937,-20.1824277],[-46.980576,-20.1826385],[-46.9809276,-20.1828209],[-46.9812397,-20.1828819],[-46.981612,-20.1828992],[-46.9819835,-20.182852],[-46.9822939,-20.1827768],[-46.9826715,-20.1826149],[-46.9830388,-20.1825305],[-46.9833203,-20.1825704],[-46.9835114,-20.1826757],[-46.9835902,-20.1828971],[-46.9835778,-20.1830907],[-46.983518,-20.1831919],[-46.9834285,-20.1833219],[-46.9832783,-20.1834527],[-46.9830889,-20.1835991],[-46.9830279,-20.1837001],[-46.9829385,-20.1838532],[-46.9829211,-20.1840303],[-46.9828925,-20.1841668],[-46.9829704,-20.1843236],[-46.9831165,-20.1844726],[-46.9833525,-20.1845129],[-46.9835424,-20.1845179],[-46.9837107,-20.1843563],[-46.9837737,-20.1841999],[-46.9840206,-20.1839103],[-46.9842232,-20.1837145],[-46.9844566,-20.1836638],[-46.9846224,-20.183459],[-46.9848265,-20.183385],[-46.9850021,-20.1834619],[-46.9850201,-20.1836839],[-46.9849148,-20.1838665],[-46.9847885,-20.1839805],[-46.9846391,-20.1841758],[-46.9845347,-20.1843275],[-46.9845468,-20.1846858],[-46.9846102,-20.1850436],[-46.9846414,-20.1852988],[-46.9846917,-20.1855801],[-46.9847782,-20.1857818],[-46.9849679,-20.186158],[-46.9851445,-20.1863137],[-46.9852801,-20.1862262],[-46.9854837,-20.1861163],[-46.9856528,-20.1859795],[-46.9858744,-20.1857821],[-46.9860543,-20.1856008],[-46.9861204,-20.1852864],[-46.9860013,-20.1850135],[-46.9860565,-20.1845756],[-46.9862678,-20.1844728],[-46.9864435,-20.1845569],[-46.9865369,-20.1847351],[-46.9866384,-20.1849562],[-46.9867109,-20.185278],[-46.9868284,-20.1855634],[-46.9868331,-20.1859362],[-46.986753,-20.186312],[-46.986726,-20.1864679],[-46.9867665,-20.1866682],[-46.9866929,-20.1868554],[-46.9865794,-20.1869694],[-46.9864913,-20.187123],[-46.9865424,-20.1873147],[-46.986768,-20.1873923],[-46.9869738,-20.1874473],[-46.987202,-20.1874806],[-46.9874761,-20.1875349],[-46.987659,-20.1875901],[-46.9878354,-20.1877244],[-46.9879885,-20.187823],[-46.9881649,-20.1879644],[-46.9882885,-20.1881279],[-46.9884351,-20.1883126],[-46.9885897,-20.188526],[-46.9887898,-20.1887316],[-46.9889668,-20.188916],[-46.9891837,-20.1890594],[-46.9893512,-20.1890933],[-46.989633,-20.1891546],[-46.9898464,-20.1892168],[-46.9901655,-20.1892346],[-46.9905003,-20.1892882],[-46.9907973,-20.1893494],[-46.9909663,-20.1895052],[-46.9910689,-20.1898123],[-46.9911567,-20.1901483],[-46.9912136,-20.1904416],[-46.9912774,-20.1906774],[-46.9911329,-20.1908607],[-46.9911876,-20.1911827],[-46.9915465,-20.1912405],[-46.9916561,-20.1911965],[-46.9917219,-20.1910022],[-46.9918406,-20.1907786],[-46.9919516,-20.1905479],[-46.9921153,-20.190288],[-46.9922274,-20.1901433],[-46.9923999,-20.1899765],[-46.9925193,-20.1898102],[-46.9926849,-20.1896936],[-46.9928043,-20.1895274],[-46.9929852,-20.189425],[-46.9931365,-20.1893802],[-46.9933271,-20.1894354],[-46.9934878,-20.189534],[-46.993611,-20.1896688],[-46.9937046,-20.1898613],[-46.9938048,-20.189982],[-46.9938527,-20.1901607],[-46.993946,-20.1903389],[-46.9940286,-20.1905475],[-46.994055,-20.1907451],[-46.9941987,-20.1908964],[-46.9944031,-20.1910179],[-46.9946062,-20.1911046],[-46.9948318,-20.1911438],[-46.9950213,-20.1910926],[-46.9952071,-20.1909758],[-46.995409,-20.1909257],[-46.9956416,-20.190904],[-46.9958128,-20.1908351],[-46.9959376,-20.1906951],[-46.9960856,-20.1903875],[-46.9962608,-20.1902374],[-46.9965684,-20.1901383],[-46.9967951,-20.1900544],[-46.9970535,-20.1900706],[-46.997191,-20.190136],[-46.9973393,-20.1902538],[-46.9974822,-20.190343],[-46.9976823,-20.190551],[-46.9977863,-20.1907649],[-46.9978899,-20.1909501],[-46.9979978,-20.1910732],[-46.9981466,-20.1912292],[-46.9983897,-20.1912408],[-46.9986589,-20.1913046],[-46.998994,-20.1913821],[-46.9991421,-20.1914855],[-46.9993557,-20.1915596],[-46.9994885,-20.1915994],[-46.9995375,-20.1917595],[-46.9994664,-20.1919024],[-46.957305,-20.1919848],[-46.9570461,-20.1918144],[-46.9569829,-20.1916143],[-46.9568965,-20.1913859],[-46.9568479,-20.1911426],[-46.9569142,-20.1909842],[-46.9570417,-20.1908537],[-46.9571768,-20.1907303],[-46.9573882,-20.1906276],[-46.9576524,-20.1905028],[-46.9578855,-20.1903138],[-46.9581344,-20.1901819],[-46.9583449,-20.1900075],[-46.9584322,-20.1897054],[-46.9584134,-20.1894189],[-46.9583342,-20.1891545],[-46.9582087,-20.1888332],[-46.9581076,-20.188648],[-46.958037,-20.1884623],[-46.9577936,-20.1884292],[-46.9576055,-20.1885747],[-46.9574792,-20.1887983],[-46.9572993,-20.1889796],[-46.9571198,-20.1892038],[-46.9568867,-20.1893857],[-46.9565311,-20.18949],[-46.9561441,-20.1895158],[-46.9558332,-20.1895551],[-46.9554707,-20.1897097],[-46.9552154,-20.189942],[-46.9549144,-20.1901604],[-46.9546598,-20.19045],[-46.9544725,-20.1906529],[-46.9542541,-20.1907987],[-46.9539358,-20.1908524],[-46.9535559,-20.1908351],[-46.9532907,-20.1908811],[-46.9529582,-20.1910138],[-46.952663,-20.191096],[-46.9523682,-20.1911996],[-46.952013,-20.1913398],[-46.9516642,-20.1913795],[-46.951369,-20.1914545],[-46.95102,-20.1914799],[-46.9506776,-20.1914263],[-46.9503344,-20.1913082],[-46.9501428,-20.1911741],[-46.9499199,-20.1909386],[-46.9498477,-20.1906469],[-46.9497533,-20.1903826],[-46.9496504,-20.1900468],[-46.9495477,-20.1897253],[-46.9494241,-20.1895618],[-46.9493227,-20.1893407],[-46.9491982,-20.1890983],[-46.9490367,-20.1889423],[-46.948825,-20.1888196],[-46.9486103,-20.1888467],[-46.9483896,-20.1888061],[-46.9481987,-20.1887222],[-46.9481061,-20.1886014],[-46.9481103,-20.1883289],[-46.9482677,-20.1881622],[-46.9485399,-20.1880732],[-46.9487369,-20.1880351],[-46.9489407,-20.1879325],[-46.9491507,-20.1877223],[-46.9492618,-20.1874988],[-46.9493955,-20.1872607],[-46.9495366,-20.187001],[-46.9496858,-20.1867915],[-46.9498198,-20.1865749],[-46.9498781,-20.1863735],[-46.9498314,-20.186288],[-46.949664,-20.1862611],[-46.9494737,-20.1862202],[-46.9492448,-20.1861367],[-46.9490726,-20.1863322],[-46.9489923,-20.1865912],[-46.948851,-20.1868294],[-46.9484579,-20.18697],[-46.948118,-20.1871171],[-46.9478311,-20.1872494],[-46.9475211,-20.1873603],[-46.9471817,-20.1875505],[-46.9468344,-20.1877121],[-46.9465481,-20.1878873],[-46.9461857,-20.1880562],[-46.9458694,-20.1882748],[-46.9456818,-20.188449],[-46.9455478,-20.1886727],[-46.9453999,-20.1889898],[-46.9452661,-20.1892207],[-46.9450568,-20.1894883],[-46.9448681,-20.1895836],[-46.9446552,-20.1895573],[-46.9443133,-20.1895467],[-46.9441329,-20.1896035],[-46.9441329,-20.1898782],[-46.9442282,-20.1900352],[-46.9442383,-20.1902358],[-46.9441575,-20.1904518],[-46.9440313,-20.1906898],[-46.9438527,-20.1909786],[-46.9436582,-20.1912173],[-46.9435702,-20.1914692],[-46.9434132,-20.1916717],[-46.9432177,-20.1918244],[-46.9429072,-20.1918924],[-46.9426183,-20.1918669],[-46.9423064,-20.1918273],[-46.9419575,-20.1918599],[-46.9417072,-20.1918841],[-46.9415568,-20.1920005],[-46.941612,-20.1921648],[-46.9417435,-20.1923641],[-46.9419125,-20.1925199],[-46.9421049,-20.1927257],[-46.9421233,-20.1929836],[-46.9420589,-20.1932998],[-46.9419561,-20.1935877],[-46.9417313,-20.1938268],[-46.9415138,-20.1940515],[-46.9415702,-20.1942786],[-46.9417768,-20.1944357],[-46.9420578,-20.1944398],[-46.9422446,-20.1943071],[-46.9424277,-20.1942565],[-46.9426786,-20.1942824],[-46.9428629,-20.1944452],[-46.9429565,-20.1946449],[-46.9430283,-20.1949238],[-46.9429941,-20.1952253],[-46.9428778,-20.1956496],[-46.9426923,-20.1959957],[-46.9424903,-20.1962417],[-46.9423018,-20.1963514],[-46.9420377,-20.1964905],[-46.9418258,-20.1965502],[-46.9414313,-20.1965832],[-46.941096,-20.1964866],[-46.9409279,-20.1964024],[-46.940593,-20.1963416],[-46.9403408,-20.1962153],[-46.940055,-20.1960752],[-46.9397155,-20.1959474],[-46.9393378,-20.1957986],[-46.9392246,-20.1956182],[-46.9391018,-20.195512],[-46.9389186,-20.1954352],[-46.9387204,-20.1953728],[-46.938317,-20.1952984],[-46.9379816,-20.1952017],[-46.9376307,-20.1950694],[-46.9371815,-20.1949811],[-46.9369422,-20.1949766],[-46.9367133,-20.1948697],[-46.9366141,-20.1948354],[-46.9364329,-20.1946237],[-46.9362491,-20.1945039],[-46.936052,-20.1945276],[-46.9359465,-20.1946618],[-46.9358518,-20.1949169],[-46.935688,-20.195184],[-46.9355838,-20.1953572],[-46.935327,-20.1954676],[-46.9349934,-20.1955143],[-46.9345919,-20.1955976],[-46.9343277,-20.1957224],[-46.9341628,-20.1959034],[-46.9340449,-20.1961915],[-46.9340422,-20.1965859],[-46.9341458,-20.1969862],[-46.9342333,-20.1973007],[-46.9343837,-20.1978009],[-46.934586,-20.198193],[-46.9347341,-20.1984997],[-46.9348303,-20.1989073],[-46.934773,-20.1991875],[-46.9347148,-20.1993961],[-46.9345363,-20.1996992],[-46.9343264,-20.1999238],[-46.9341003,-20.2000625],[-46.933745,-20.2001954],[-46.9334865,-20.2001696],[-46.9333472,-20.1999632],[-46.9333029,-20.1997583],[-46.9333256,-20.1994401],[-46.9333753,-20.1991599],[-46.9335096,-20.1989649],[-46.9336342,-20.198605],[-46.9338037,-20.1981801],[-46.9336949,-20.1979806],[-46.9334746,-20.1978509],[-46.9332138,-20.1977708],[-46.9328553,-20.1976385],[-46.932564,-20.1974195],[-46.932295,-20.1971571],[-46.9321106,-20.1969871],[-46.9319713,-20.1967735],[-46.9318953,-20.1965177],[-46.9318514,-20.1962945],[-46.9317424,-20.1960734],[-46.9315672,-20.1960638],[-46.9314027,-20.1962421],[-46.9312756,-20.1964012],[-46.9310492,-20.1965184],[-46.9307991,-20.196557],[-46.9305334,-20.1965671],[-46.9302146,-20.1965778],[-46.9301401,-20.1966933],[-46.9301046,-20.1968944],[-46.9300767,-20.1970955],[-46.9300727,-20.1973895],[-46.9298771,-20.1975422],[-46.9296196,-20.1975952],[-46.9293684,-20.1975478],[-46.9291158,-20.1973857],[-46.9289236,-20.1971942],[-46.9287027,-20.1971464],[-46.9284837,-20.197242],[-46.9284642,-20.1975075],[-46.9284522,-20.1977658],[-46.9283866,-20.1979887],[-46.9282293,-20.1981697],[-46.9280409,-20.1982865],[-46.9279455,-20.19856],[-46.9279047,-20.1989476],[-46.9277251,-20.1991646],[-46.9274926,-20.1993966],[-46.9272583,-20.1994924],[-46.9268878,-20.1996255],[-46.9265244,-20.1997155],[-46.9261758,-20.1997767],[-46.9258423,-20.1998306],[-46.9255242,-20.1998986],[-46.9251303,-20.1999817],[-46.9247582,-20.1999858],[-46.9245296,-20.1999166],[-46.9243844,-20.1998465],[-46.9241857,-20.1996229],[-46.9241504,-20.1993472],[-46.924095,-20.1991614],[-46.9240232,-20.1988826],[-46.9239822,-20.1986393],[-46.9239799,-20.1984457],[-46.9239539,-20.1981879],[-46.92389,-20.1979305],[-46.9237116,-20.1976241],[-46.9234893,-20.1974545],[-46.9233348,-20.1972483],[-46.9233558,-20.1970975],[-46.9233987,-20.1968819],[-46.9236469,-20.1966856],[-46.9238569,-20.1964682],[-46.9240434,-20.1962009],[-46.9240408,-20.1959859],[-46.9238641,-20.1958229],[-46.9235448,-20.1958406],[-46.9232122,-20.1959161],[-46.9229013,-20.1959553],[-46.9225754,-20.1960091],[-46.9223248,-20.1960118],[-46.9219823,-20.195951],[-46.9217231,-20.1958678],[-46.921516,-20.195698],[-46.9213171,-20.1955126],[-46.9211325,-20.1953939],[-46.9209012,-20.1951097],[-46.9207002,-20.1948179],[-46.9205301,-20.194576],[-46.9203749,-20.1942981],[-46.920252,-20.1941919],[-46.9201072,-20.1941433],[-46.9199637,-20.1942094],[-46.9198824,-20.1943967],[-46.9197261,-20.1946565],[-46.919529,-20.1946801],[-46.9193461,-20.1946248],[-46.9192154,-20.1944972],[-46.9190686,-20.1942908],[-46.9189481,-20.1940401],[-46.9188527,-20.1939905],[-46.9187062,-20.1938431],[-46.9185151,-20.1937448],[-46.9183173,-20.1937183],[-46.9181816,-20.1938234],[-46.9181312,-20.1940215],[-46.9181796,-20.1942575],[-46.9182886,-20.1944714],[-46.9184438,-20.1947422],[-46.9185094,-20.1949652],[-46.9186086,-20.1950815],[-46.9186544,-20.1952761],[-46.9187421,-20.1953466],[-46.9189315,-20.1954968],[-46.919099,-20.195538],[-46.9193219,-20.1957507],[-46.9194936,-20.1959436],[-46.9197263,-20.1961077],[-46.9199323,-20.1962012],[-46.9200391,-20.1962812],[-46.9202337,-20.1963957],[-46.9205539,-20.1965115],[-46.9207691,-20.1967243],[-46.920877,-20.1968522],[-46.9209624,-20.1970018],[-46.9209038,-20.1971817],[-46.9207461,-20.1973268],[-46.9205129,-20.1975014],[-46.9202868,-20.1976473],[-46.9199851,-20.1978155],[-46.9196834,-20.1979837],[-46.919389,-20.1981303],[-46.9192385,-20.1982395],[-46.9190424,-20.1983563],[-46.9189459,-20.1985366],[-46.9188604,-20.1986788],[-46.919018,-20.1988441],[-46.9192692,-20.1988916],[-46.9195726,-20.1988596],[-46.9199893,-20.1987761],[-46.9202478,-20.1986703],[-46.9205111,-20.1985984],[-46.9208599,-20.1985515],[-46.9211563,-20.1985698],[-46.9214311,-20.1986815],[-46.9216155,-20.1988587],[-46.9216341,-20.1991382],[-46.9215772,-20.1994471],[-46.921573,-20.1997267],[-46.9215843,-20.2000277],[-46.9215565,-20.200236],[-46.9215133,-20.20043],[-46.9213788,-20.2006107],[-46.921206,-20.2007632],[-46.9210247,-20.200844],[-46.9207906,-20.2009541],[-46.9207404,-20.2011913],[-46.9206669,-20.2013928],[-46.9206474,-20.2016583],[-46.9205441,-20.2019032],[-46.9204631,-20.202112],[-46.9202298,-20.2022866],[-46.9200112,-20.2024253],[-46.9197766,-20.2024923],[-46.9195335,-20.2024807],[-46.9192064,-20.2024412],[-46.9190097,-20.2025007],[-46.9189353,-20.2026234],[-46.9188772,-20.2028463],[-46.9187733,-20.203041],[-46.9186845,-20.2032356],[-46.9184969,-20.2034169],[-46.9182253,-20.2035632],[-46.91793,-20.2036381],[-46.9175497,-20.2035921],[-46.9172993,-20.2036092],[-46.9172555,-20.2037531],[-46.9172202,-20.2039757],[-46.91714,-20.2042419],[-46.9170901,-20.2045148],[-46.9169722,-20.2048029],[-46.916793,-20.2050558],[-46.916567,-20.2052088],[-46.9162397,-20.2053831],[-46.9160337,-20.2054614],[-46.9157781,-20.2055548],[-46.9155111,-20.2056559],[-46.915328,-20.2056998],[-46.9151105,-20.2057341],[-46.9148549,-20.205736],[-46.914651,-20.2056527],[-46.9144773,-20.2057093],[-46.9144773,-20.2058486],[-46.9144773,-20.2060431],[-46.9144277,-20.2061347],[-46.9142942,-20.2062262],[-46.9142102,-20.2062949],[-46.9138704,-20.2064069],[-46.913545,-20.2065108],[-46.9132421,-20.2065786],[-46.9129157,-20.2065965],[-46.9127784,-20.2065478],[-46.9126187,-20.2065281],[-46.9124288,-20.206523],[-46.9123853,-20.2066955],[-46.9123116,-20.2068756],[-46.9121239,-20.2070568],[-46.9118664,-20.207117],[-46.9115772,-20.20707],[-46.911343,-20.2071018],[-46.9112653,-20.2072199],[-46.9112424,-20.2073344],[-46.9112272,-20.2074603],[-46.9112157,-20.2076777],[-46.9111661,-20.2078761],[-46.9112043,-20.2082498],[-46.9111766,-20.2084724],[-46.9111631,-20.2086088],[-46.9111279,-20.2088314],[-46.911032,-20.2090691],[-46.9108288,-20.2092218],[-46.9105259,-20.2092968],[-46.9101994,-20.2093004],[-46.9098793,-20.2092107],[-46.9096196,-20.2090844],[-46.9093198,-20.2088813],[-46.9090871,-20.2087973],[-46.9088698,-20.2086337],[-46.9087317,-20.2085205],[-46.90854,-20.208372],[-46.9083176,-20.2081952],[-46.9080898,-20.2081977],[-46.9078854,-20.2083281],[-46.9076826,-20.2084387],[-46.9073246,-20.2083565],[-46.9072255,-20.2082309],[-46.9070805,-20.2081431],[-46.9069356,-20.2080802],[-46.9067622,-20.2081175],[-46.9066703,-20.2082633],[-46.9066054,-20.2085436],[-46.9065108,-20.2088816],[-46.9063923,-20.2091338],[-46.9061894,-20.2093081],[-46.9060155,-20.2093745],[-46.9057811,-20.2094631],[-46.9055934,-20.2096372],[-46.9054515,-20.2098323],[-46.9053252,-20.2100631],[-46.9051453,-20.2102587],[-46.9048892,-20.2104407],[-46.9046481,-20.2105938],[-46.9043901,-20.2106182],[-46.9041092,-20.2106284],[-46.9039264,-20.2105802],[-46.9037352,-20.2104747],[-46.9035633,-20.2103614],[-46.9033158,-20.2103442],[-46.9031047,-20.21046],[-46.9030999,-20.2106967],[-46.9030806,-20.2109765],[-46.9031293,-20.2112412],[-46.9031249,-20.2114994],[-46.9029524,-20.2116805],[-46.9026888,-20.2118626],[-46.9024621,-20.2119583],[-46.9022721,-20.211946],[-46.9020721,-20.2117402],[-46.9018266,-20.2115421],[-46.9016419,-20.2113362],[-46.9014349,-20.2111807],[-46.9012901,-20.2111393],[-46.9010037,-20.211192],[-46.9008433,-20.2112445],[-46.9005941,-20.2113691],[-46.9003822,-20.2114287],[-46.9001772,-20.2114309],[-46.8999108,-20.2113836],[-46.899696,-20.2112067],[-46.8994892,-20.211029],[-46.8993938,-20.2109126],[-46.899226,-20.2106597],[-46.8990328,-20.2103822],[-46.8988721,-20.2102836],[-46.8987425,-20.210242],[-46.8985775,-20.2102889],[-46.8984945,-20.2104597],[-46.8985129,-20.2107248],[-46.8985622,-20.2110326],[-46.8985949,-20.2112258],[-46.8985679,-20.2115057],[-46.8985713,-20.2117853],[-46.8985061,-20.2120441],[-46.898305,-20.2123689],[-46.8981172,-20.212543],[-46.8977163,-20.2126764],[-46.8974286,-20.2127512],[-46.8970734,-20.2128984],[-46.8966206,-20.2131328],[-46.8963764,-20.2132396],[-46.8962315,-20.2133178],[-46.8961208,-20.2133426],[-46.8959606,-20.2134208],[-46.8958741,-20.2134808],[-46.8957166,-20.2135378],[-46.8955223,-20.2136054],[-46.8954037,-20.2136611],[-46.8952237,-20.2136516],[-46.8950915,-20.2136489],[-46.8949394,-20.2135452],[-46.8947715,-20.2134825],[-46.8946243,-20.2134921],[-46.8944923,-20.2136289],[-46.8944942,-20.2137867],[-46.8944971,-20.2140304],[-46.8943547,-20.2141825],[-46.8941906,-20.214428],[-46.8940497,-20.2147092],[-46.893954,-20.2149611],[-46.8938503,-20.2151845],[-46.8937245,-20.2154583],[-46.8935532,-20.2157326],[-46.8933323,-20.2158279],[-46.8932369,-20.2158699],[-46.8930424,-20.2158947],[-46.8928326,-20.2158121],[-46.8926326,-20.2156063],[-46.8924345,-20.2155583],[-46.8923295,-20.2156669],[-46.8922374,-20.2158718],[-46.8921375,-20.2161207],[-46.8920543,-20.2162933],[-46.891875,-20.2164764],[-46.8917873,-20.2166862],[-46.8917034,-20.2167854],[-46.8916652,-20.2168808],[-46.8915813,-20.2170028],[-46.8914901,-20.2172247],[-46.8913632,-20.2174124],[-46.8911746,-20.2175148],[-46.8910539,-20.2175878],[-46.890941,-20.2176679],[-46.8907759,-20.2178346],[-46.8906716,-20.2180006],[-46.890681,-20.2181282],[-46.8909557,-20.2182557],[-46.8912823,-20.2182593],[-46.8916099,-20.2183418],[-46.8918006,-20.2184043],[-46.8920067,-20.2184881],[-46.8923116,-20.2185852],[-46.8925247,-20.2186188],[-46.8928288,-20.218637],[-46.8931225,-20.2186088],[-46.8932331,-20.2186432],[-46.8935136,-20.2187372],[-46.8937122,-20.2188354],[-46.8938068,-20.2191212],[-46.8937867,-20.2193436],[-46.8936749,-20.2195169],[-46.8935787,-20.2197259],[-46.8936116,-20.2199334],[-46.893661,-20.2202484],[-46.8934344,-20.2204201],[-46.8932386,-20.2204895],[-46.8929122,-20.2205146],[-46.8926306,-20.2204674],[-46.8923671,-20.2203732],[-46.8922336,-20.220293],[-46.8920887,-20.2201919],[-46.8918801,-20.2199593],[-46.8916887,-20.2198323],[-46.8915202,-20.2197194],[-46.8909288,-20.2198046],[-46.8906709,-20.2198289],[-46.8904651,-20.2197738],[-46.8902206,-20.2196545],[-46.890036,-20.2194629],[-46.8899194,-20.2192419],[-46.8898024,-20.2189851],[-46.8896784,-20.2187785],[-46.8895007,-20.2185366],[-46.8893009,-20.218338],[-46.8890724,-20.2182903],[-46.8888437,-20.2182211],[-46.8885548,-20.2181955],[-46.8882587,-20.2182058],[-46.888016,-20.2182371],[-46.8878888,-20.2183962],[-46.8879676,-20.218632],[-46.8880299,-20.2187604],[-46.8881077,-20.2189101],[-46.8881337,-20.2191751],[-46.8881375,-20.2194905],[-46.8881786,-20.2197482],[-46.8881969,-20.2200061],[-46.8883514,-20.2202195],[-46.8885981,-20.2205252],[-46.8887224,-20.2207533],[-46.8887938,-20.2210034],[-46.8887509,-20.2212262],[-46.8885408,-20.2214363],[-46.8883145,-20.2215678],[-46.8881427,-20.2218135],[-46.8881308,-20.2220789],[-46.8881938,-20.2222718],[-46.8883932,-20.2224274],[-46.8885999,-20.2225614],[-46.889102,-20.2226277],[-46.8893773,-20.2227824],[-46.8895168,-20.2230104],[-46.8894435,-20.2232262],[-46.8893019,-20.2234572],[-46.8891146,-20.2236671],[-46.8889567,-20.2237979],[-46.8887142,-20.2238507],[-46.8884117,-20.2239615],[-46.8880252,-20.2240302],[-46.8877296,-20.2240835],[-46.887244,-20.224083],[-46.8867868,-20.2240076],[-46.8865038,-20.2238458],[-46.8861746,-20.223627],[-46.8858987,-20.2234293],[-46.8856919,-20.2232881],[-46.8855614,-20.2231676],[-46.8853462,-20.222962],[-46.8851084,-20.222771],[-46.8849015,-20.2226155],[-46.8847301,-20.2226181],[-46.8846913,-20.2228185],[-46.8846484,-20.2230484],[-46.8846143,-20.2233642],[-46.8845262,-20.2236232],[-46.8843089,-20.2238622],[-46.88406,-20.2240082],[-46.8837733,-20.2241691],[-46.8835237,-20.2242578],[-46.8833966,-20.2244312],[-46.8834441,-20.2245884],[-46.8837342,-20.2247144],[-46.8840403,-20.2248975],[-46.8842781,-20.2250885],[-46.8845382,-20.2252435],[-46.8847224,-20.2254064],[-46.8849464,-20.2257123],[-46.885131,-20.2259039],[-46.885247,-20.2260747],[-46.8854314,-20.2262448],[-46.8856003,-20.2264007],[-46.8858222,-20.2265346],[-46.8860587,-20.2266181],[-46.8863787,-20.2266935],[-46.8865835,-20.226677],[-46.8868348,-20.2267244],[-46.8871709,-20.2268786],[-46.8874843,-20.2270604],[-46.8877553,-20.2274674],[-46.8878583,-20.2278247],[-46.8879313,-20.228204],[-46.8879676,-20.2286983],[-46.8880264,-20.2291637],[-46.888061,-20.2295146],[-46.8880501,-20.229866],[-46.8879688,-20.230095],[-46.8878813,-20.2303554],[-46.8878531,-20.230535],[-46.887795,-20.2307578],[-46.8877299,-20.231031],[-46.8876341,-20.2312758],[-46.8875911,-20.2315312],[-46.8875187,-20.23168],[-46.8874462,-20.2318402],[-46.887347,-20.232071],[-46.8872732,-20.2322503],[-46.8869432,-20.2325594],[-46.8865645,-20.2326495],[-46.8862159,-20.2327178],[-46.8860042,-20.232799],[-46.8858697,-20.2329868],[-46.8859356,-20.2331334],[-46.8861772,-20.2332918],[-46.8863683,-20.2333901],[-46.8864387,-20.2335543],[-46.8863956,-20.2337627],[-46.886261,-20.2339433],[-46.886092,-20.2340394],[-46.8860805,-20.2343388],[-46.886153,-20.2345219],[-46.8863094,-20.234562],[-46.8867081,-20.2344763],[-46.8869889,-20.2344589],[-46.8873229,-20.234441],[-46.8875759,-20.2345067],[-46.8877094,-20.2345143],[-46.8878925,-20.2345315],[-46.8880146,-20.2346326],[-46.888171,-20.2347127],[-46.8883312,-20.2349091],[-46.8884266,-20.2351628],[-46.888438,-20.2352887],[-46.8884495,-20.2354279],[-46.8884266,-20.2356454],[-46.888377,-20.2357808],[-46.888316,-20.2358857],[-46.8882549,-20.2360803],[-46.888232,-20.2362881],[-46.8881484,-20.2367479],[-46.8882805,-20.2369903],[-46.8884946,-20.2371098],[-46.88885,-20.237198],[-46.8890942,-20.237404],[-46.8895033,-20.2376009],[-46.8897905,-20.2374831],[-46.8899093,-20.2372595],[-46.8900171,-20.2367493],[-46.8900981,-20.2365333],[-46.890254,-20.2362377],[-46.8905011,-20.2359411],[-46.8907423,-20.2357075],[-46.8910893,-20.2355577],[-46.891322,-20.2355138],[-46.8915394,-20.2355023],[-46.8917225,-20.2355004],[-46.8919056,-20.2355481],[-46.8921116,-20.235632],[-46.8922947,-20.2357121],[-46.8924397,-20.2357827],[-46.8925617,-20.2358723],[-46.8926571,-20.23592],[-46.8927664,-20.2360744],[-46.8929045,-20.2361876],[-46.8931241,-20.2361279],[-46.893256,-20.2359772],[-46.8933743,-20.2358857],[-46.8935116,-20.2356892],[-46.8935574,-20.2355538],[-46.8935574,-20.2353917],[-46.8935574,-20.2352562],[-46.8935116,-20.2350712],[-46.8934391,-20.234932],[-46.8933171,-20.2348195],[-46.8932064,-20.2347127],[-46.89305,-20.2346326],[-46.8929508,-20.2345391],[-46.8928059,-20.2344513],[-46.8926495,-20.2343808],[-46.8925503,-20.2342873],[-46.8923557,-20.2341843],[-46.8920506,-20.2339898],[-46.8919666,-20.2339306],[-46.8918713,-20.2338734],[-46.8917721,-20.2338162],[-46.8915775,-20.2336999],[-46.8914211,-20.2336388],[-46.8912724,-20.2335282],[-46.8910839,-20.2332533],[-46.8910046,-20.2329817],[-46.8910459,-20.23263],[-46.8911934,-20.2322627],[-46.8913575,-20.23201],[-46.8916659,-20.2317629],[-46.8919212,-20.2315164],[-46.8920332,-20.2313575],[-46.8922202,-20.2311117],[-46.8923328,-20.2307606],[-46.8923481,-20.2305985],[-46.892371,-20.2303677],[-46.8923977,-20.230196],[-46.892432,-20.2300606],[-46.8924435,-20.2299424],[-46.8924435,-20.229681],[-46.8924587,-20.2295094],[-46.8924587,-20.2292786],[-46.8924587,-20.2290707],[-46.8924587,-20.2289219],[-46.8924587,-20.2287731],[-46.8924587,-20.2284756],[-46.8924702,-20.2283116],[-46.892659,-20.2278304],[-46.892808,-20.2275922],[-46.8931034,-20.2274208],[-46.8932865,-20.2273731],[-46.8935491,-20.2273189],[-46.8938085,-20.2274093],[-46.8939397,-20.22758],[-46.8940111,-20.2278301],[-46.893931,-20.2281178],[-46.8937214,-20.2283402],[-46.8936375,-20.2286835],[-46.8935993,-20.2288113],[-46.8935535,-20.2291451],[-46.8935268,-20.2292576],[-46.8934404,-20.2296359],[-46.8932216,-20.2299481],[-46.8930812,-20.2300771],[-46.8931144,-20.2303134],[-46.8931927,-20.2305061],[-46.8933315,-20.2306767],[-46.8936148,-20.23086],[-46.8938168,-20.2309132],[-46.8940879,-20.2310413],[-46.8942344,-20.231219],[-46.8943272,-20.2313542],[-46.894276,-20.2315197],[-46.8941418,-20.231729],[-46.8939617,-20.2319584],[-46.8939503,-20.2320996],[-46.8939274,-20.2323018],[-46.893916,-20.2324429],[-46.8939134,-20.232621],[-46.8940642,-20.2328412],[-46.8942251,-20.2329542],[-46.8945111,-20.2330418],[-46.8948949,-20.2330688],[-46.8952368,-20.2330723],[-46.8955407,-20.2330834],[-46.8957536,-20.2330954],[-46.8960179,-20.2331009],[-46.8962483,-20.2331761],[-46.8964323,-20.2333175],[-46.8966091,-20.2334876],[-46.8967351,-20.2336903],[-46.8968685,-20.2338601],[-46.8969339,-20.2339573],[-46.8970707,-20.2339702],[-46.8972601,-20.2339251],[-46.8974093,-20.2337013],[-46.8974145,-20.2335005],[-46.8974419,-20.2332564],[-46.8974904,-20.2328511],[-46.8975514,-20.2327233],[-46.8976124,-20.2324849],[-46.8976735,-20.2322884],[-46.8977231,-20.2320862],[-46.8979325,-20.2317454],[-46.8980441,-20.2315507],[-46.8982013,-20.2313715],[-46.8983645,-20.2311771],[-46.8985945,-20.231034],[-46.8987754,-20.2309331],[-46.8990497,-20.2308051],[-46.8992865,-20.2307661],[-46.8994856,-20.2308004],[-46.8996457,-20.2308091],[-46.8998668,-20.2308431],[-46.9001205,-20.2308352],[-46.9004468,-20.230814],[-46.9006642,-20.2308617],[-46.9008969,-20.2309666],[-46.9010725,-20.2310748],[-46.901152,-20.2312563],[-46.9011598,-20.2314437],[-46.9010953,-20.231585],[-46.9009262,-20.2317431],[-46.9007634,-20.2318402],[-46.900625,-20.2319338],[-46.9005782,-20.2321687],[-46.9005421,-20.2323774],[-46.9005226,-20.2325912],[-46.9005029,-20.2327841],[-46.9004889,-20.2329978],[-46.9004757,-20.2332739],[-46.9005177,-20.2335495],[-46.9006307,-20.2337618],[-46.9008305,-20.2338638],[-46.9010776,-20.233757],[-46.9012529,-20.2336561],[-46.9015086,-20.2333565],[-46.901749,-20.233156],[-46.9020509,-20.2330277],[-46.9023097,-20.2329885],[-46.9025194,-20.2329862],[-46.9027111,-20.2330009],[-46.9029035,-20.2330857],[-46.9030827,-20.2332554],[-46.9030942,-20.2333603],[-46.9030942,-20.2334767],[-46.9030942,-20.2336026],[-46.9030942,-20.2338066],[-46.9030942,-20.2339325],[-46.9030942,-20.2340603],[-46.9030865,-20.2342404],[-46.9031658,-20.2344114],[-46.9033537,-20.2344354],[-46.9035351,-20.2343762],[-46.9036267,-20.2341981],[-46.9037514,-20.2340197],[-46.9039716,-20.2338467],[-46.9041851,-20.2338379],[-46.9043689,-20.2339765],[-46.9045807,-20.2341513],[-46.9048041,-20.2343676],[-46.9049812,-20.2344125],[-46.9050628,-20.2343127],[-46.9050439,-20.2341254],[-46.9049371,-20.2339599],[-46.904918,-20.2337518],[-46.9049099,-20.2335436],[-46.9048574,-20.2333045],[-46.9047727,-20.2330666],[-46.9047612,-20.2328816],[-46.9047498,-20.2327099],[-46.9047498,-20.232605],[-46.9047765,-20.2324791],[-46.9048375,-20.2323876],[-46.9049594,-20.2321681],[-46.9052122,-20.2320872],[-46.9053996,-20.2320695],[-46.9055604,-20.2321355],[-46.9056774,-20.2322228],[-46.9058005,-20.2323673],[-46.9059352,-20.2325533],[-46.9061302,-20.2327022],[-46.9062859,-20.2328047],[-46.9063973,-20.232892],[-46.9067081,-20.2330734],[-46.9069509,-20.2332535],[-46.9070543,-20.2333744],[-46.9071493,-20.2334724],[-46.9071745,-20.2337273],[-46.9071836,-20.2339344],[-46.9071524,-20.2341754],[-46.9072309,-20.2342787],[-46.9073636,-20.2342981],[-46.9074954,-20.2342446],[-46.9076647,-20.2341074],[-46.907846,-20.2340377],[-46.9080546,-20.2339521],[-46.9081922,-20.2339193],[-46.9083412,-20.2339229],[-46.9084856,-20.2339995],[-46.9085419,-20.2340874],[-46.9085327,-20.2342385],[-46.9085302,-20.2345104],[-46.908533,-20.2347177],[-46.9085566,-20.2348424],[-46.908717,-20.2348771],[-46.9089141,-20.2347448],[-46.9090879,-20.2345241],[-46.9092738,-20.2343763],[-46.9094271,-20.2342809],[-46.9096403,-20.2341919],[-46.9097456,-20.2341524],[-46.9099226,-20.2341922],[-46.9100732,-20.2343259],[-46.9101693,-20.2345072],[-46.9102545,-20.2347094],[-46.9102965,-20.2349849],[-46.9103705,-20.2351716],[-46.9105306,-20.2351803],[-46.9106896,-20.2350952],[-46.9108703,-20.2349787],[-46.9110511,-20.2348726],[-46.9112704,-20.2347608],[-46.9115556,-20.2346171],[-46.9118971,-20.2345665],[-46.9122117,-20.2345683],[-46.9124547,-20.2345864],[-46.9125937,-20.2346735],[-46.9127063,-20.2348545],[-46.9128686,-20.2350454],[-46.9130568,-20.2350955],[-46.9132882,-20.2350617],[-46.9135742,-20.2349832],[-46.9137373,-20.2350178],[-46.9138737,-20.2351126],[-46.9139574,-20.2351846],[-46.9140746,-20.2352979],[-46.9142689,-20.2353895],[-46.9144571,-20.2354396],[-46.9147111,-20.2354524],[-46.9149767,-20.2355172],[-46.9151876,-20.2356139],[-46.915382,-20.2357211],[-46.9155597,-20.2358077],[-46.9157376,-20.2359621],[-46.9158951,-20.2361634],[-46.9159854,-20.2363239],[-46.9160323,-20.2365473],[-46.9159467,-20.236767],[-46.9157838,-20.2369823],[-46.9156258,-20.2371507],[-46.9154563,-20.2372775],[-46.9152586,-20.2373578],[-46.9150728,-20.2375005],[-46.9149475,-20.237632],[-46.9148886,-20.2377837],[-46.9149619,-20.2379131],[-46.9151454,-20.2380257],[-46.9153229,-20.2380967],[-46.9156561,-20.2382622],[-46.9158117,-20.2383569],[-46.9158913,-20.238554],[-46.9159439,-20.238793],[-46.9159359,-20.2390431],[-46.9158011,-20.239296],[-46.9157172,-20.2394448],[-46.9156676,-20.2395363],[-46.9155836,-20.2396412],[-46.9154234,-20.2398014],[-46.9151907,-20.2400208],[-46.9150458,-20.2401219],[-46.9149618,-20.2401906],[-46.9147673,-20.2403145],[-46.9142989,-20.2405452],[-46.9140349,-20.2405434],[-46.9138506,-20.2404356],[-46.9135566,-20.2403086],[-46.9132572,-20.240192],[-46.9129297,-20.2400342],[-46.912658,-20.239933],[-46.9125032,-20.2399034],[-46.9122656,-20.23988],[-46.9121288,-20.2399752],[-46.912125,-20.2401159],[-46.9122111,-20.2403857],[-46.9122907,-20.2405776],[-46.9123689,-20.2406548],[-46.912449,-20.2408831],[-46.9125677,-20.2411214],[-46.9126862,-20.2413336],[-46.9128268,-20.2415509],[-46.9128955,-20.241748],[-46.9129359,-20.2418934],[-46.9129212,-20.2420498],[-46.9128242,-20.2422384],[-46.9126274,-20.2423915],[-46.9124351,-20.2424561],[-46.9122097,-20.2425263],[-46.9120175,-20.2426013],[-46.9119083,-20.2427014],[-46.9117328,-20.2427867],[-46.9115057,-20.2427559],[-46.9113607,-20.2426644],[-46.9111836,-20.2425531],[-46.9109886,-20.2423938],[-46.9108658,-20.2422857],[-46.9106893,-20.2421551],[-46.9105444,-20.2421437],[-46.910388,-20.2421456],[-46.9102392,-20.2423859],[-46.9102251,-20.2425114],[-46.9101667,-20.2426949],[-46.9101438,-20.2428075],[-46.9101057,-20.2429486],[-46.9100103,-20.2432347],[-46.9099607,-20.2433243],[-46.9098272,-20.2434655],[-46.9097052,-20.2435303],[-46.9095831,-20.2435551],[-46.9094725,-20.2435551],[-46.9093618,-20.243557],[-46.9092415,-20.2434753],[-46.9091193,-20.2434141],[-46.9088922,-20.2433437],[-46.9087104,-20.2433665],[-46.9085344,-20.2434153],[-46.9084481,-20.2435829],[-46.9084177,-20.2438019],[-46.9084931,-20.244098],[-46.9085335,-20.2442486],[-46.9085129,-20.2443686],[-46.9084548,-20.2445827],[-46.9084178,-20.2447133],[-46.9083369,-20.2448705],[-46.9082617,-20.2450327],[-46.9081149,-20.2452114],[-46.9079342,-20.245328],[-46.9077751,-20.2454026],[-46.907384,-20.2454641],[-46.9071415,-20.2454876],[-46.9069161,-20.2455578],[-46.9066854,-20.2456436],[-46.9065372,-20.2457077],[-46.9063723,-20.2457616],[-46.9061498,-20.24572],[-46.9059324,-20.2457753],[-46.9058332,-20.2458001],[-46.9057264,-20.2458688],[-46.9055776,-20.2459832],[-46.9054212,-20.2460252],[-46.9052762,-20.2460633],[-46.9051275,-20.2460595],[-46.9049215,-20.2460843],[-46.9047765,-20.2461186],[-46.9046049,-20.2461873],[-46.9045095,-20.2462293],[-46.9044218,-20.2463933],[-46.9044485,-20.2465993],[-46.9045934,-20.2467023],[-46.9048279,-20.2467315],[-46.9049724,-20.2468132],[-46.9050186,-20.2469846],[-46.9050047,-20.2471983],[-46.9048828,-20.2473975],[-46.9047782,-20.247633],[-46.9046312,-20.2477961],[-46.9044832,-20.247881],[-46.9042907,-20.24793],[-46.9040818,-20.2479999],[-46.9038674,-20.2480648],[-46.9036367,-20.2481506],[-46.9034453,-20.2482985],[-46.9033971,-20.2484136],[-46.9034214,-20.2485956],[-46.9035388,-20.2487246],[-46.9037059,-20.248853],[-46.9038991,-20.2490083],[-46.9040743,-20.2490771],[-46.9041682,-20.2491969],[-46.9042365,-20.249368],[-46.9043951,-20.2495995],[-46.9045403,-20.2498439],[-46.9046241,-20.2499315],[-46.904863,-20.2500643],[-46.9050671,-20.2500569],[-46.9051928,-20.2499566],[-46.9052505,-20.2497059],[-46.9052954,-20.2494717],[-46.9053564,-20.2493001],[-46.9053974,-20.2490794],[-46.9054452,-20.248933],[-46.9055427,-20.2487809],[-46.9056561,-20.2485766],[-46.9057813,-20.2484346],[-46.9059726,-20.2482815],[-46.9061498,-20.2481538],[-46.9062995,-20.2479394],[-46.906479,-20.2477291],[-46.9066039,-20.2475611],[-46.9067496,-20.2472887],[-46.9069171,-20.2470004],[-46.9070644,-20.2468582],[-46.9071678,-20.2467425],[-46.9072989,-20.2466317],[-46.9074621,-20.2465592],[-46.9076398,-20.246529],[-46.9078503,-20.2465944],[-46.9079628,-20.2467703],[-46.9081068,-20.2469846],[-46.9081945,-20.24716],[-46.9083128,-20.2474347],[-46.9084169,-20.2478018],[-46.9085836,-20.2480775],[-46.9086408,-20.2483655],[-46.9087304,-20.2486213],[-46.9088212,-20.2488234],[-46.9089875,-20.2488841],[-46.9091186,-20.2487785],[-46.9092545,-20.2486051],[-46.9094052,-20.2482962],[-46.9094791,-20.2480194],[-46.9095593,-20.247805],[-46.9095568,-20.2476071],[-46.9094954,-20.2473355],[-46.9093078,-20.2470942],[-46.9092615,-20.2469176],[-46.9093199,-20.2467295],[-46.9094613,-20.2465613],[-46.9097199,-20.2465012],[-46.9098403,-20.2464218],[-46.9098327,-20.2462448],[-46.9097128,-20.2460824],[-46.9095474,-20.2459354],[-46.9095345,-20.2457793],[-46.9096289,-20.2456589],[-46.9097907,-20.2455213],[-46.9099551,-20.245431],[-46.91017,-20.2454026],[-46.9103968,-20.245447],[-46.9106188,-20.2455487],[-46.9108075,-20.2456404],[-46.9110065,-20.2456643],[-46.9112219,-20.2456828],[-46.9114747,-20.2455967],[-46.9117384,-20.2454949],[-46.9118567,-20.245432],[-46.9120359,-20.2454552],[-46.9121803,-20.2455317],[-46.9123417,-20.2456445],[-46.912476,-20.2457993],[-46.9125498,-20.2459652],[-46.9125684,-20.2461368],[-46.9125269,-20.2463456],[-46.9123473,-20.2465507],[-46.9121729,-20.2467297],[-46.9120701,-20.2469026],[-46.9119864,-20.247078],[-46.9120679,-20.2471735],[-46.9122005,-20.2471825],[-46.912388,-20.2471752],[-46.9126311,-20.2471123],[-46.9128277,-20.2470298],[-46.9129703,-20.2469605],[-46.9131422,-20.2467442],[-46.9132636,-20.2465719],[-46.9134382,-20.2464138],[-46.9136194,-20.2463389],[-46.9138447,-20.2462635],[-46.9140542,-20.2462404],[-46.9142911,-20.2462118],[-46.9144491,-20.2460486],[-46.9145562,-20.2457766],[-46.9146409,-20.2454892],[-46.9147024,-20.2452698],[-46.914752,-20.2450829],[-46.9148588,-20.2448788],[-46.914924,-20.2447258],[-46.9151034,-20.2445051],[-46.915376,-20.2442313],[-46.915727,-20.2440556],[-46.9160193,-20.2440367],[-46.9162516,-20.2440863],[-46.9163694,-20.2442412],[-46.916442,-20.2444554],[-46.9165012,-20.2446053],[-46.9165958,-20.2447884],[-46.9167529,-20.2449141],[-46.916976,-20.2450181],[-46.9171362,-20.245102],[-46.9172367,-20.2452109],[-46.9173541,-20.2453346],[-46.9174881,-20.2454685],[-46.9176418,-20.2453992],[-46.9177448,-20.245247],[-46.9177905,-20.2449236],[-46.9178036,-20.2446422],[-46.9178772,-20.2443445],[-46.9179459,-20.244099],[-46.9180319,-20.2439106],[-46.9181071,-20.2437483],[-46.9182755,-20.2435277],[-46.9185762,-20.2433005],[-46.9188227,-20.243152],[-46.9189927,-20.2430668],[-46.9193,-20.2429228],[-46.9195963,-20.2427841],[-46.9198601,-20.2427031],[-46.9201657,-20.2426341],[-46.9204279,-20.24265],[-46.9205288,-20.2427791],[-46.920514,-20.2429251],[-46.9203445,-20.2430468],[-46.920141,-20.2431063],[-46.9199545,-20.2431969],[-46.919752,-20.2433293],[-46.9195204,-20.2434998],[-46.9195204,-20.2436581],[-46.9195602,-20.2438939],[-46.9198276,-20.244094],[-46.9201657,-20.2442153],[-46.9204256,-20.2442594],[-46.9207457,-20.2442663],[-46.9210336,-20.2443412],[-46.9212835,-20.2444687],[-46.921577,-20.244554],[-46.9218707,-20.2446498],[-46.9221642,-20.2447403],[-46.9225727,-20.2447514],[-46.9228661,-20.2448211],[-46.9231755,-20.2448542],[-46.9234622,-20.2448354],[-46.9237154,-20.2447858],[-46.923974,-20.2447205],[-46.9242434,-20.2446394],[-46.9244747,-20.2446056],[-46.9246625,-20.2446192],[-46.9249985,-20.2445686],[-46.9253126,-20.2445339],[-46.9256219,-20.2445513],[-46.9259426,-20.2446051],[-46.9262635,-20.2446745],[-46.9266288,-20.2447642],[-46.9270107,-20.2448538],[-46.927537,-20.2450251],[-46.928058,-20.2452068],[-46.9283572,-20.2453025],[-46.9286452,-20.2453879],[-46.9290211,-20.2454462],[-46.9293041,-20.2454824],[-46.9295597,-20.2455396],[-46.9298837,-20.2455878],[-46.9302371,-20.2456047],[-46.9305578,-20.2456533],[-46.9308671,-20.2456759],[-46.9311874,-20.2456932],[-46.9314303,-20.2457061],[-46.931723,-20.2457238],[-46.9319331,-20.2457527],[-46.9321483,-20.2457503],[-46.9324801,-20.2458092],[-46.9327905,-20.2459356],[-46.9329687,-20.2460538],[-46.9332627,-20.2461755],[-46.9334849,-20.2462981],[-46.9336791,-20.2463792],[-46.9338233,-20.2464402],[-46.9340287,-20.2465368],[-46.9342397,-20.2466387],[-46.9344625,-20.2468081],[-46.9346133,-20.2469575],[-46.9347984,-20.2472002],[-46.934813,-20.2474813],[-46.9347832,-20.2478085],[-46.9347336,-20.248106],[-46.9346726,-20.2482872],[-46.9345734,-20.2484837],[-46.934398,-20.2487306],[-46.9342177,-20.2488784],[-46.9340254,-20.248943],[-46.9338218,-20.2489921],[-46.9334797,-20.2489907],[-46.9332988,-20.2490916],[-46.9330399,-20.2493096],[-46.9326362,-20.2495253],[-46.9321568,-20.2495625],[-46.931903,-20.2495653],[-46.931637,-20.2494797],[-46.9313881,-20.2493954],[-46.9312164,-20.2493973],[-46.9311058,-20.2496376],[-46.9311058,-20.2497635],[-46.9311058,-20.2499352],[-46.9310715,-20.2500763],[-46.9310333,-20.2502118],[-46.9309132,-20.2503002],[-46.9307821,-20.2504058],[-46.9305972,-20.2504597],[-46.9302932,-20.2504487],[-46.9300825,-20.2504787],[-46.9299918,-20.2505545],[-46.9299316,-20.2506965],[-46.9298735,-20.2509122],[-46.9298202,-20.251236],[-46.9296,-20.2515246],[-46.9293739,-20.2516777],[-46.9291917,-20.2516869],[-46.9290001,-20.2515456],[-46.9288513,-20.2513983],[-46.9286471,-20.251304],[-46.9283675,-20.2513805],[-46.9282408,-20.2515826],[-46.9281799,-20.2518635],[-46.92811,-20.2520644],[-46.9279077,-20.2522889],[-46.927608,-20.2524856],[-46.9273124,-20.2526826],[-46.9270645,-20.2529076],[-46.9268701,-20.2531678],[-46.9267316,-20.2534002],[-46.9263794,-20.2536584],[-46.9259835,-20.2539662],[-46.9257193,-20.2540982],[-46.9254854,-20.2542298],[-46.9251986,-20.2543835],[-46.9247832,-20.2545816],[-46.9244121,-20.2546717],[-46.9241534,-20.2546387],[-46.9239014,-20.2545411],[-46.9236442,-20.2544385],[-46.923438,-20.2544191],[-46.9231734,-20.2546423],[-46.9230687,-20.2547797],[-46.9230494,-20.2550667],[-46.9230152,-20.2553682],[-46.9230199,-20.2557481],[-46.922985,-20.2559994],[-46.9229049,-20.2562871],[-46.9227628,-20.2564679],[-46.9225668,-20.2565919],[-46.9222649,-20.256753],[-46.9219168,-20.2568643],[-46.9215841,-20.2569899],[-46.9212438,-20.2571155],[-46.9210023,-20.2572472],[-46.9207913,-20.2573929],[-46.9206036,-20.2575672],[-46.9202987,-20.2576467],[-46.9198867,-20.2576676],[-46.9196172,-20.257671],[-46.9194133,-20.2577736],[-46.9192719,-20.2580118],[-46.9192374,-20.2582989],[-46.9191335,-20.2584936],[-46.9190053,-20.2585739],[-46.9188328,-20.258755],[-46.9186298,-20.2589293],[-46.9183282,-20.2591119],[-46.9180108,-20.2592516],[-46.9176784,-20.2594058],[-46.9173686,-20.2595454],[-46.9170886,-20.2596345],[-46.9167634,-20.2597707],[-46.9165297,-20.2597734],[-46.9161559,-20.2598039],[-46.9158851,-20.2598974],[-46.9158126,-20.2600709],[-46.9157137,-20.2602733],[-46.9154198,-20.2604629],[-46.9152086,-20.2605871],[-46.9149505,-20.2606584],[-46.9147444,-20.2607461],[-46.9142418,-20.2610493],[-46.9139861,-20.2612672],[-46.9138438,-20.2614337],[-46.9136345,-20.2617084],[-46.9136154,-20.2620097],[-46.9139281,-20.2622777],[-46.9142066,-20.2623102],[-46.9145499,-20.2623331],[-46.914819,-20.2622762],[-46.9151537,-20.2623084],[-46.9154807,-20.2623335],[-46.915733,-20.2624598],[-46.9159405,-20.2626511],[-46.9159512,-20.2629091],[-46.9158736,-20.2631723],[-46.9156697,-20.2634929],[-46.9155604,-20.2638741],[-46.915542,-20.2642328],[-46.9156075,-20.264612],[-46.915709,-20.2648404],[-46.9158332,-20.2650541],[-46.9159889,-20.2653607],[-46.9161838,-20.26576],[-46.9163476,-20.2661096],[-46.9163202,-20.2663536],[-46.9160562,-20.2665071],[-46.9157141,-20.2664893],[-46.9154152,-20.2662775],[-46.9151689,-20.2660221],[-46.9149676,-20.265716],[-46.9147451,-20.2655392],[-46.9145461,-20.2653906],[-46.9143668,-20.26532],[-46.914157,-20.2652418],[-46.9138671,-20.2651502],[-46.9135276,-20.2651274],[-46.9133063,-20.2651235],[-46.9128878,-20.2652583],[-46.9126005,-20.265369],[-46.9122759,-20.2655446],[-46.9120123,-20.2657268],[-46.9116575,-20.265917],[-46.9112643,-20.2660719],[-46.9110151,-20.2661965],[-46.9107665,-20.2663713],[-46.9104045,-20.2665903],[-46.9100428,-20.2668308],[-46.9098218,-20.2667759],[-46.9096824,-20.2665623],[-46.9097815,-20.2663557],[-46.9098769,-20.2661917],[-46.9099761,-20.2660334],[-46.9101325,-20.2658045],[-46.9102317,-20.2657225],[-46.9103156,-20.2656538],[-46.9103881,-20.2655489],[-46.9104491,-20.265444],[-46.9105101,-20.2653543],[-46.9105597,-20.265217],[-46.9106551,-20.2650682],[-46.9107772,-20.2648355],[-46.9108382,-20.2646181],[-46.9108878,-20.2644598],[-46.9109488,-20.264147],[-46.910987,-20.2639448],[-46.9109984,-20.2637808],[-46.910987,-20.2635862],[-46.9109735,-20.2634151],[-46.910813,-20.2633452],[-46.9104939,-20.2633415],[-46.9101149,-20.2634101],[-46.9097673,-20.2635645],[-46.9095175,-20.2636461],[-46.9091999,-20.2637643],[-46.9088826,-20.2639111],[-46.9085532,-20.2640783],[-46.9083017,-20.2642472],[-46.9078628,-20.2643954],[-46.9074843,-20.2645071],[-46.9071442,-20.2646542],[-46.9069475,-20.2647208],[-46.9065245,-20.264919],[-46.906214,-20.2650013],[-46.9059338,-20.265076],[-46.9055167,-20.2651451],[-46.9051983,-20.2651987],[-46.9048275,-20.2653246],[-46.9045472,-20.2653922],[-46.9041087,-20.2655619],[-46.9038061,-20.2656727],[-46.90342,-20.2657844],[-46.9029365,-20.266012],[-46.9025585,-20.2661666],[-46.9020376,-20.2663672],[-46.901782,-20.2665732],[-46.9014654,-20.2667582],[-46.9010419,-20.2670291],[-46.9006893,-20.2673986],[-46.9003727,-20.2676028],[-46.9000792,-20.2678354],[-46.8996951,-20.268112],[-46.8994086,-20.2682943],[-46.8992054,-20.2684614],[-46.8988893,-20.2687086],[-46.8986114,-20.2689698],[-46.898281,-20.2692888],[-46.8980787,-20.2695204],[-46.8977636,-20.2698536],[-46.8973913,-20.2701437],[-46.8972196,-20.2703306],[-46.8970632,-20.270468],[-46.8967496,-20.2708182],[-46.8966462,-20.2710631],[-46.8967022,-20.2712919],[-46.8969168,-20.2714473],[-46.8973447,-20.2716434],[-46.8977405,-20.2717037],[-46.8981893,-20.2717418],[-46.8986691,-20.271837],[-46.8990581,-20.2719618],[-46.8995303,-20.2720499],[-46.8998098,-20.2722266],[-46.8999069,-20.2724043],[-46.899872,-20.2726556],[-46.8996323,-20.2729378],[-46.899345,-20.2730628],[-46.8989359,-20.2731533],[-46.8985867,-20.2731858],[-46.8981852,-20.2732833],[-46.8977836,-20.2733737],[-46.8973646,-20.2735446],[-46.8970054,-20.2737335],[-46.8967961,-20.2740154],[-46.896618,-20.2743686],[-46.8964033,-20.2746928],[-46.8962087,-20.2749579],[-46.8959532,-20.2753489],[-46.8957357,-20.2756045],[-46.8955869,-20.2757495],[-46.8954076,-20.2758563],[-46.8951183,-20.2760052],[-46.8947919,-20.2760374],[-46.8944342,-20.2759839],[-46.8941907,-20.2758906],[-46.8937411,-20.275848],[-46.8935454,-20.2760007],[-46.893382,-20.2763107],[-46.893226,-20.2766064],[-46.8931073,-20.2768443],[-46.8929953,-20.2770032],[-46.8929243,-20.277201],[-46.8927068,-20.277407],[-46.892558,-20.2775672],[-46.8923902,-20.2777255],[-46.8920621,-20.2780822],[-46.8919401,-20.2781871],[-46.8917799,-20.2784064],[-46.8915395,-20.2786334],[-46.8913183,-20.2788623],[-46.8911235,-20.2790557],[-46.8909673,-20.2792228],[-46.8906859,-20.2795519],[-46.8906345,-20.2796958],[-46.8905688,-20.2799188],[-46.8905029,-20.2801274],[-46.8904748,-20.2803141],[-46.8905088,-20.2806077],[-46.8905425,-20.2808798],[-46.8903937,-20.2811467],[-46.890136,-20.2811997],[-46.8899071,-20.2811161],[-46.8897829,-20.2809023],[-46.8897795,-20.2806228],[-46.889867,-20.2803207],[-46.8899715,-20.2801618],[-46.8900303,-20.2800035],[-46.8901411,-20.279737],[-46.8902809,-20.2793627],[-46.8903523,-20.2789819],[-46.8904379,-20.2785221],[-46.8904481,-20.2781133],[-46.8904351,-20.2776618],[-46.8904155,-20.2773035],[-46.8903665,-20.2770173],[-46.8902573,-20.276789],[-46.8901395,-20.2763598],[-46.8899533,-20.2761542],[-46.8897314,-20.2760275],[-46.889519,-20.2760585],[-46.8893299,-20.2761251],[-46.8890828,-20.2762225],[-46.8889112,-20.2762683],[-46.8886823,-20.2763388],[-46.8884,-20.276419],[-46.8881444,-20.2764533],[-46.8878049,-20.2764609],[-46.8874335,-20.2763893],[-46.8872494,-20.2762407],[-46.8870571,-20.2760492],[-46.8869624,-20.2757634],[-46.8868604,-20.2754921],[-46.8866608,-20.2753221],[-46.8864626,-20.2752669],[-46.886321,-20.2753852],[-46.8859798,-20.2755589],[-46.8856479,-20.2757632],[-46.88543,-20.2759592],[-46.8850676,-20.2761495],[-46.8847364,-20.2764111],[-46.8844119,-20.2765939],[-46.8839406,-20.2767833],[-46.8836105,-20.2769323],[-46.8832018,-20.2770586],[-46.8828457,-20.2771743],[-46.8823171,-20.2774194],[-46.8820066,-20.2775016],[-46.8817258,-20.2775333],[-46.8815564,-20.2774185],[-46.8814572,-20.2773021],[-46.8813237,-20.2771762],[-46.8812398,-20.277016],[-46.8811673,-20.2768539],[-46.8811291,-20.2766593],[-46.8810129,-20.2763866],[-46.8809944,-20.2761072],[-46.8811673,-20.2757743],[-46.8812283,-20.2754615],[-46.8812779,-20.2753394],[-46.8812779,-20.2751639],[-46.8811558,-20.2750514],[-46.8809498,-20.2750629],[-46.8807171,-20.2752097],[-46.8804615,-20.2753699],[-46.8802555,-20.2755893],[-46.8801449,-20.2757724],[-46.8799975,-20.2759817],[-46.8799397,-20.2762333],[-46.8798896,-20.2764847],[-46.8798773,-20.2767286],[-46.879889,-20.2770655],[-46.8798922,-20.2773307],[-46.879911,-20.2776317],[-46.88,-20.2779449],[-46.88,-20.2781757],[-46.8799962,-20.2784065],[-46.8799962,-20.2786601],[-46.879918,-20.2788433],[-46.8798672,-20.2790446],[-46.8797707,-20.279232],[-46.8795424,-20.2793937],[-46.8792809,-20.2795671],[-46.879069,-20.2796411],[-46.8787354,-20.279702],[-46.8784161,-20.2796911],[-46.8781639,-20.2795647],[-46.8779265,-20.2794167],[-46.87778,-20.279239],[-46.8776928,-20.2789388],[-46.8775604,-20.2786678],[-46.8774416,-20.2782676],[-46.8773395,-20.2779962],[-46.8772455,-20.2777606],[-46.8771511,-20.2774892],[-46.8768805,-20.2771049],[-46.8766799,-20.276849],[-46.8764496,-20.2766579],[-46.8762649,-20.2764591],[-46.8759968,-20.2762827],[-46.8757136,-20.2761065],[-46.8754369,-20.2758514],[-46.8752591,-20.2755951],[-46.8750353,-20.2753108],[-46.8747506,-20.2750127],[-46.8745733,-20.2747995],[-46.8744183,-20.2745502],[-46.8742632,-20.2742866],[-46.8742134,-20.2739358],[-46.874216,-20.2735199],[-46.8743338,-20.2732032],[-46.8744743,-20.2728862],[-46.8745758,-20.2724765],[-46.8746708,-20.2721671],[-46.8747797,-20.271743],[-46.874851,-20.271355],[-46.874947,-20.2711246],[-46.8750657,-20.2708867],[-46.8752154,-20.2706987],[-46.87535,-20.270518],[-46.8756202,-20.2702355],[-46.8758301,-20.2700038],[-46.8760556,-20.2698007],[-46.8762584,-20.2696049],[-46.8764637,-20.2693751],[-46.8765018,-20.2692264],[-46.8765743,-20.2688678],[-46.8765872,-20.2685116],[-46.8764924,-20.2682115],[-46.8762672,-20.2678052],[-46.8759525,-20.2673896],[-46.8758915,-20.2672866],[-46.875819,-20.2669757],[-46.8759049,-20.266748],[-46.8761077,-20.2665522],[-46.8764041,-20.2665562],[-46.8767017,-20.2666606],[-46.8770144,-20.2667648],[-46.8773433,-20.2669476],[-46.8776032,-20.2670739],[-46.8779008,-20.2671854],[-46.8781911,-20.2673114],[-46.8785556,-20.2673003],[-46.8788285,-20.2672472],[-46.8790855,-20.2671369],[-46.8793107,-20.266905],[-46.8795047,-20.2666162],[-46.8796234,-20.2663783],[-46.8797175,-20.2659901],[-46.879828,-20.2657022],[-46.879906,-20.2652353],[-46.87997,-20.2648761],[-46.8799963,-20.2645317],[-46.8800612,-20.2642442],[-46.8800967,-20.2640431],[-46.880154,-20.2638964],[-46.8803209,-20.2637324],[-46.8804795,-20.2636518],[-46.8806916,-20.2635993],[-46.8808976,-20.2636688],[-46.8811345,-20.263781],[-46.8814266,-20.2639067],[-46.8817051,-20.2638724],[-46.8818424,-20.2638037],[-46.8818882,-20.2635863],[-46.8819378,-20.2633994],[-46.8819645,-20.2632411],[-46.8820854,-20.2630083],[-46.8823392,-20.262879],[-46.8824986,-20.2627261],[-46.8826926,-20.2625741],[-46.8828203,-20.2624508],[-46.8828637,-20.2622711],[-46.8827705,-20.2621001],[-46.8826153,-20.2618364],[-46.8824602,-20.2615728],[-46.8822365,-20.2612956],[-46.8821502,-20.2611029],[-46.8820719,-20.2608744],[-46.8819553,-20.2606534],[-46.8818079,-20.260404],[-46.8816611,-20.2601977],[-46.8814533,-20.2600367],[-46.8813808,-20.2599566],[-46.8811847,-20.2597511],[-46.8810979,-20.2594867],[-46.8810641,-20.2592075],[-46.8810299,-20.2589113],[-46.8809307,-20.2587149],[-46.8806164,-20.2586172],[-46.8803807,-20.2586054],[-46.8800767,-20.2585943],[-46.8798188,-20.2586329],[-46.8795317,-20.258765],[-46.8792663,-20.2588037],[-46.8787972,-20.2589665],[-46.8784341,-20.2590995],[-46.8780397,-20.2591539],[-46.8774716,-20.2592962],[-46.8771078,-20.2593718],[-46.8768425,-20.2594176],[-46.8765555,-20.2595569],[-46.876231,-20.2597396],[-46.8759066,-20.2599295],[-46.8755139,-20.2601273],[-46.8750374,-20.2603117],[-46.8745968,-20.2603164],[-46.8742993,-20.260212],[-46.8742549,-20.2600234],[-46.8741939,-20.2598746],[-46.874171,-20.2597125],[-46.8741596,-20.2594512],[-46.8740752,-20.259268],[-46.8739667,-20.2590899],[-46.873768,-20.2589917],[-46.8735489,-20.2590944],[-46.8733543,-20.2593402],[-46.8730548,-20.2597019],[-46.8728208,-20.2598335],[-46.8724718,-20.2598731],[-46.8722893,-20.2598607],[-46.8721439,-20.259769],[-46.8718478,-20.2594168],[-46.8715922,-20.2591975],[-46.8714358,-20.2591403],[-46.8711307,-20.259104],[-46.8706564,-20.2592758],[-46.8702338,-20.2595098],[-46.8697876,-20.2596794],[-46.8694928,-20.2598116],[-46.8691756,-20.2599656],[-46.8686467,-20.260215],[-46.8681612,-20.2602775],[-46.8677569,-20.2601385],[-46.8675188,-20.2599259],[-46.8673175,-20.2596054],[-46.8672595,-20.2592045],[-46.8672707,-20.2588674],[-46.8672974,-20.258566],[-46.8673503,-20.2582533],[-46.8673388,-20.2579787],[-46.867316,-20.2576907],[-46.8672159,-20.2574627],[-46.8671972,-20.257169],[-46.8672168,-20.2569449],[-46.8672044,-20.2565021],[-46.8672459,-20.2561647],[-46.867324,-20.255705],[-46.8673998,-20.2552912],[-46.8675829,-20.2550261],[-46.8680216,-20.2544539],[-46.8685671,-20.2539828],[-46.868958,-20.2538449],[-46.8692972,-20.2536262],[-46.8694216,-20.2532332],[-46.8695552,-20.2529108],[-46.8697255,-20.2525964],[-46.870117,-20.2522983],[-46.8704734,-20.2522443],[-46.8709376,-20.2523038],[-46.8714282,-20.2523939],[-46.8718402,-20.2523939],[-46.8722356,-20.2522111],[-46.8725802,-20.2520964],[-46.8727519,-20.2520411],[-46.8730003,-20.251995],[-46.8732565,-20.2518202],[-46.8734882,-20.2515023],[-46.8734849,-20.2512299],[-46.8734601,-20.251058],[-46.8733355,-20.25087],[-46.8732135,-20.2506048],[-46.8729356,-20.2504278],[-46.8725796,-20.2501617],[-46.8724041,-20.2498396],[-46.8722476,-20.2495083],[-46.8721853,-20.2490861],[-46.8723633,-20.2488232],[-46.8726565,-20.2486221],[-46.8729697,-20.2485018],[-46.8731788,-20.2484456],[-46.8734743,-20.2484424],[-46.8738874,-20.2486989],[-46.874293,-20.2490846],[-46.8748019,-20.249427],[-46.8751857,-20.2497026],[-46.8755223,-20.2498693],[-46.87574,-20.249732],[-46.8757007,-20.2494432],[-46.8757045,-20.2492411],[-46.8757541,-20.2490999],[-46.8758069,-20.2489484],[-46.8760539,-20.2488737],[-46.876435,-20.2488517],[-46.8767209,-20.2488396],[-46.8770473,-20.2489683],[-46.8772564,-20.2489689],[-46.8771951,-20.2486276],[-46.8771617,-20.2483255],[-46.8772828,-20.2479967],[-46.8775369,-20.2477151],[-46.8779349,-20.2475128],[-46.8783922,-20.2474809],[-46.8789074,-20.2475114],[-46.8792674,-20.247513],[-46.8794977,-20.2474421],[-46.8795146,-20.247262],[-46.8793696,-20.2470925],[-46.8789839,-20.2467367],[-46.8788005,-20.2465497],[-46.8784236,-20.2461308],[-46.8781916,-20.2458634],[-46.877795,-20.2453786],[-46.8774083,-20.2449539],[-46.8771267,-20.244525],[-46.8769803,-20.2442476],[-46.8767955,-20.2437231],[-46.8766048,-20.2432653],[-46.8765496,-20.2426954],[-46.8765704,-20.242262],[-46.8766696,-20.241955],[-46.8767984,-20.241712],[-46.8769061,-20.2415086],[-46.8773343,-20.2411753],[-46.8775714,-20.2410648],[-46.8778841,-20.2409085],[-46.8782844,-20.2408952],[-46.878666,-20.2409181],[-46.8789645,-20.2411579],[-46.8792453,-20.2415148],[-46.879441,-20.2419356],[-46.8796173,-20.2423207],[-46.8798345,-20.2429392],[-46.8799999,-20.2433282],[-46.8801792,-20.2434656],[-46.8804805,-20.2436658],[-46.8806751,-20.2437726],[-46.8809421,-20.2439462],[-46.8812664,-20.244137],[-46.8816059,-20.2442762],[-46.881942,-20.2445634],[-46.8822983,-20.2448565],[-46.8825553,-20.2448177],[-46.8827535,-20.2446536],[-46.8828644,-20.2443555],[-46.8829862,-20.2441832],[-46.8833378,-20.243929],[-46.8835361,-20.2437459],[-46.8836963,-20.2435552],[-46.8837459,-20.2433454],[-46.8837726,-20.2431661],[-46.8837143,-20.2428886],[-46.8836154,-20.2425927],[-46.8836029,-20.2423499],[-46.8836373,-20.2420346],[-46.8838904,-20.2416809],[-46.8842952,-20.24148],[-46.8847187,-20.2415658],[-46.8850582,-20.2416612],[-46.8852298,-20.2416764],[-46.8854244,-20.2415525],[-46.8854103,-20.2412147],[-46.8853683,-20.2409002],[-46.8854709,-20.2407101],[-46.8856008,-20.2404118],[-46.8857891,-20.2402118],[-46.8860148,-20.2399574],[-46.8862984,-20.2397564],[-46.886611,-20.239591],[-46.8868292,-20.2394987],[-46.8871976,-20.2392158],[-46.8871377,-20.2389915],[-46.8868778,-20.2387873],[-46.8865613,-20.2386287],[-46.8863002,-20.2383256],[-46.8860587,-20.2380672],[-46.885617,-20.237802],[-46.8852725,-20.2376978],[-46.8847187,-20.2377301],[-46.8842161,-20.2378531],[-46.8836732,-20.2378949],[-46.8831674,-20.2378554],[-46.8827757,-20.2377876],[-46.8823535,-20.2375671],[-46.8820712,-20.2372724],[-46.8817564,-20.2370696],[-46.8813803,-20.2367137],[-46.8810998,-20.2363748],[-46.8808877,-20.2361791],[-46.8807329,-20.2359918],[-46.8805835,-20.235716],[-46.8805835,-20.2354394],[-46.8807132,-20.2348882],[-46.8810407,-20.2346387],[-46.8813331,-20.2343746],[-46.88153,-20.2341026],[-46.8817336,-20.2335875],[-46.8818427,-20.2331454],[-46.8818936,-20.2326229],[-46.8819729,-20.2320821],[-46.8819664,-20.2315423],[-46.8819118,-20.230967],[-46.8817443,-20.2305189],[-46.8815289,-20.2300442],[-46.8812658,-20.2295701],[-46.8810893,-20.2291671],[-46.8808886,-20.2288476],[-46.8806038,-20.2284344],[-46.8804383,-20.2281483],[-46.8802247,-20.2278266],[-46.8800023,-20.227568],[-46.8797112,-20.2271392],[-46.8794496,-20.2267911],[-46.8792073,-20.2264607],[-46.8790886,-20.2261021],[-46.8789907,-20.2258871],[-46.8786459,-20.2257559],[-46.8784053,-20.2259255],[-46.878269,-20.2261288],[-46.8780238,-20.2262993],[-46.8777911,-20.2263203],[-46.8773562,-20.2262345],[-46.8769993,-20.2259804],[-46.8766325,-20.2255974],[-46.8765742,-20.2253266],[-46.8764518,-20.2248435],[-46.8763305,-20.2242689],[-46.8763343,-20.2237919],[-46.8764267,-20.223548],[-46.8765294,-20.2233669],[-46.8767365,-20.2231487],[-46.8769336,-20.2228856],[-46.8769973,-20.222633],[-46.8770029,-20.222309],[-46.8768193,-20.222104],[-46.876433,-20.2220269],[-46.8761431,-20.2220249],[-46.8757159,-20.2220517],[-46.8753039,-20.2220612],[-46.8748572,-20.2221786],[-46.8745138,-20.2222276],[-46.8739813,-20.2223413],[-46.8735453,-20.222559],[-46.8732134,-20.2226563],[-46.8726594,-20.2226074],[-46.8724756,-20.2223843],[-46.8725578,-20.2220865],[-46.8726686,-20.2217794],[-46.8727795,-20.2214903],[-46.8727849,-20.2211482],[-46.8726667,-20.2208256],[-46.8724048,-20.2204504],[-46.8721258,-20.2202374],[-46.8718566,-20.2200513],[-46.8716583,-20.2202064],[-46.8716433,-20.2205485],[-46.8716462,-20.2207915],[-46.8716787,-20.2211151],[-46.8716731,-20.2214391],[-46.8716478,-20.2217183],[-46.8713253,-20.2218567],[-46.8710487,-20.2218417],[-46.8708875,-20.2219154],[-46.8708138,-20.2221321],[-46.8708461,-20.2224377],[-46.8709551,-20.2227875],[-46.8710821,-20.2230381],[-46.8711051,-20.2233708],[-46.8709753,-20.2236781],[-46.8708557,-20.2240394],[-46.8706313,-20.2244017],[-46.8704354,-20.2247637],[-46.8702283,-20.2249819],[-46.8699719,-20.2250656],[-46.8697443,-20.225167],[-46.8695365,-20.2253312],[-46.869472,-20.2255209],[-46.8695145,-20.2258803],[-46.869594,-20.2261495],[-46.8695587,-20.2263928],[-46.8693618,-20.2266648],[-46.8692503,-20.226909],[-46.8691872,-20.2272156],[-46.8693997,-20.2274473],[-46.8698011,-20.227524],[-46.8703911,-20.2274368],[-46.8709442,-20.2274489],[-46.8713746,-20.2275702],[-46.8717775,-20.2277729],[-46.8721046,-20.2280214],[-46.8722601,-20.2282717],[-46.8723682,-20.2285405],[-46.872401,-20.2288911],[-46.8724134,-20.2291339],[-46.8724139,-20.2293556],[-46.8725325,-20.2295196],[-46.8728001,-20.2295797],[-46.8732134,-20.2295266],[-46.8736201,-20.229589],[-46.8739275,-20.2297836],[-46.8741305,-20.2300154],[-46.8742582,-20.230329],[-46.8743095,-20.2306344],[-46.8741793,-20.2309058],[-46.8739812,-20.2310789],[-46.8737445,-20.2312164],[-46.8735167,-20.2312998],[-46.8732416,-20.2314197],[-46.872957,-20.2315307],[-46.8726756,-20.2316686],[-46.8725993,-20.2318307],[-46.8725497,-20.2320939],[-46.8725115,-20.2322427],[-46.8724848,-20.2324372],[-46.8725229,-20.2327052],[-46.8723352,-20.2329501],[-46.8720994,-20.2331596],[-46.871863,-20.2332669],[-46.8716252,-20.2333716],[-46.8714935,-20.233517],[-46.8714769,-20.2337242],[-46.8714502,-20.2338864],[-46.8715007,-20.2341198],[-46.8716685,-20.2343484],[-46.8717524,-20.2344877],[-46.8718363,-20.2346212],[-46.872081,-20.2348065],[-46.8721499,-20.2349948],[-46.8720196,-20.2352571],[-46.8718363,-20.2354528],[-46.8717982,-20.2356111],[-46.871905,-20.2359124],[-46.8719508,-20.2361203],[-46.8719241,-20.236292],[-46.8718249,-20.2363836],[-46.8716761,-20.2365419],[-46.8715655,-20.2365838],[-46.8713481,-20.236641],[-46.8711878,-20.2366391],[-46.8709933,-20.2366353],[-46.870814,-20.2366239],[-46.8705469,-20.2365133],[-46.870341,-20.2362958],[-46.8701998,-20.2360746],[-46.8700663,-20.2358915],[-46.8699241,-20.2354234],[-46.8697089,-20.2349668],[-46.8695043,-20.2346],[-46.8693959,-20.2343042],[-46.8692398,-20.234],[-46.869036,-20.2337052],[-46.8687163,-20.2335571],[-46.8686309,-20.2333136],[-46.8686093,-20.2330978],[-46.8687101,-20.2327638],[-46.8688892,-20.2325909],[-46.8690966,-20.2323907],[-46.8691312,-20.2320934],[-46.8689659,-20.2318252],[-46.8687068,-20.231684],[-46.8685428,-20.2315238],[-46.8686262,-20.2313249],[-46.8688988,-20.2309981],[-46.8691048,-20.2306899],[-46.8691772,-20.2303652],[-46.8690329,-20.2302588],[-46.8687374,-20.2302619],[-46.8684983,-20.2301925],[-46.868258,-20.2300331],[-46.8681682,-20.2296921],[-46.8679936,-20.229442],[-46.8677156,-20.2293189],[-46.8673998,-20.2294255],[-46.8671213,-20.2294103],[-46.8668772,-20.2294408],[-46.8666445,-20.2294732],[-46.866427,-20.2294675],[-46.8662668,-20.2294694],[-46.8661486,-20.2293759],[-46.8661104,-20.2292806],[-46.866015,-20.2291776],[-46.8659311,-20.2289716],[-46.8658872,-20.2286905],[-46.865767,-20.2282059],[-46.8656762,-20.2277839],[-46.865548,-20.2274253],[-46.8653562,-20.2273284],[-46.8651001,-20.2274391],[-46.8648342,-20.2275319],[-46.8643593,-20.2276809],[-46.8639783,-20.227703],[-46.8635976,-20.227761],[-46.8632926,-20.2277642],[-46.8630531,-20.2276678],[-46.8628037,-20.2275355],[-46.8626161,-20.2275964],[-46.8623499,-20.2278552],[-46.8621426,-20.2280644],[-46.8618674,-20.2281663],[-46.8615526,-20.2281516],[-46.8614068,-20.2279626],[-46.8612733,-20.2279359],[-46.8612275,-20.22781],[-46.8611932,-20.227707],[-46.8611207,-20.2275678],[-46.8612088,-20.2273004],[-46.8612252,-20.2270753],[-46.861061,-20.226897],[-46.8608219,-20.2268366],[-46.8604722,-20.2269517],[-46.8600237,-20.227052],[-46.8595851,-20.2270477],[-46.8591851,-20.2270789],[-46.8589384,-20.2271805],[-46.8586917,-20.2272821],[-46.8583306,-20.2273759],[-46.8580062,-20.2273523],[-46.8575983,-20.2275276],[-46.8575068,-20.2278526],[-46.8577294,-20.2281362],[-46.8579965,-20.228243],[-46.8583017,-20.2282583],[-46.8589403,-20.2281433],[-46.8592456,-20.2281581],[-46.8595137,-20.2282632],[-46.8597439,-20.2283778],[-46.8598138,-20.228647],[-46.8596745,-20.2289544],[-46.8594122,-20.2293441],[-46.8591773,-20.2296346],[-46.8589127,-20.2298264],[-46.8586576,-20.230027],[-46.8583168,-20.2302286],[-46.8578918,-20.230566],[-46.8574846,-20.2307953],[-46.8571354,-20.231096],[-46.8569664,-20.2313137],[-46.8568077,-20.2315944],[-46.8566505,-20.23201],[-46.8563867,-20.2323247],[-46.8562379,-20.2327138],[-46.8562341,-20.232876],[-46.8562627,-20.2330669],[-46.8563694,-20.2332277],[-46.8568176,-20.233232],[-46.8571702,-20.2332193],[-46.8577142,-20.233204],[-46.8580373,-20.2331831],[-46.8584587,-20.2333406],[-46.8587759,-20.2335622],[-46.8590226,-20.233864],[-46.859211,-20.2340705],[-46.8595147,-20.2341329],[-46.8596978,-20.2341901],[-46.8599153,-20.2342073],[-46.8601468,-20.2341956],[-46.860401,-20.234222],[-46.860854,-20.2343411],[-46.8611335,-20.2345901],[-46.8613476,-20.2349567],[-46.8614668,-20.2353604],[-46.8615658,-20.2356653],[-46.8614456,-20.2359815],[-46.8612189,-20.2361549],[-46.8608537,-20.2361929],[-46.8605256,-20.2362005],[-46.8602662,-20.2363569],[-46.8603665,-20.2366319],[-46.8604741,-20.2368647],[-46.8604399,-20.237189],[-46.8602806,-20.2374246],[-46.8601112,-20.2376154],[-46.8598194,-20.2379245],[-46.8595366,-20.2381974],[-46.8592248,-20.2384347],[-46.8590181,-20.2386888],[-46.8585039,-20.2392122],[-46.8583894,-20.2394849],[-46.8582902,-20.2397615],[-46.8581643,-20.2400457],[-46.858124,-20.240471],[-46.857985,-20.2408144],[-46.8576541,-20.2410429],[-46.8573493,-20.2410731],[-46.8569278,-20.2409066],[-46.856697,-20.2407381],[-46.8564362,-20.2404529],[-46.8563092,-20.2401933],[-46.8562774,-20.2399237],[-46.8562875,-20.2393438],[-46.8564016,-20.2391485],[-46.8563409,-20.2388956],[-46.8563447,-20.2387697],[-46.8563447,-20.238516],[-46.8563485,-20.238413],[-46.8563485,-20.2382318],[-46.8563867,-20.2380926],[-46.8564859,-20.2379457],[-46.8565851,-20.2378637],[-46.8567567,-20.2376863],[-46.8569422,-20.237298],[-46.8569008,-20.2370285],[-46.8567261,-20.2367694],[-46.8564766,-20.2366281],[-46.8562821,-20.2363062],[-46.8562685,-20.2359644],[-46.8562552,-20.2356496],[-46.8561182,-20.2353541],[-46.8558854,-20.2350146],[-46.8556151,-20.2347385],[-46.8554219,-20.2345246],[-46.855191,-20.234347],[-46.8548341,-20.2339999],[-46.8544972,-20.2337245],[-46.8541665,-20.2337343],[-46.854014,-20.2339815],[-46.8537969,-20.2341638],[-46.8535216,-20.2342657],[-46.853226,-20.2342598],[-46.8529,-20.2340872],[-46.852585,-20.2340776],[-46.8524642,-20.2343399],[-46.8524875,-20.2346996],[-46.852529,-20.2349781],[-46.8526406,-20.2352907],[-46.8527322,-20.2355463],[-46.8527436,-20.2356951],[-46.852755,-20.2358992],[-46.8527741,-20.2362005],[-46.8526045,-20.236525],[-46.8525719,-20.2368395],[-46.8526215,-20.2371548],[-46.8525201,-20.2374438],[-46.8521714,-20.2378256],[-46.8519959,-20.2379477],[-46.8519006,-20.2380392],[-46.8517899,-20.2381078],[-46.8516068,-20.2381746],[-46.8515191,-20.2382433],[-46.8513474,-20.2382624],[-46.8511033,-20.2382834],[-46.8507638,-20.238209],[-46.8506226,-20.2381021],[-46.8502466,-20.2378817],[-46.8500459,-20.2378388],[-46.8498188,-20.2379852],[-46.8496601,-20.2382748],[-46.8495676,-20.2385098],[-46.8495278,-20.238806],[-46.8495162,-20.2390052],[-46.8494139,-20.2392223],[-46.8492845,-20.2395656],[-46.8491251,-20.2397922],[-46.849041,-20.2399371],[-46.8485278,-20.2400775],[-46.8481939,-20.240054],[-46.8477455,-20.2400317],[-46.8474478,-20.2398549],[-46.8471501,-20.2396691],[-46.8466973,-20.2395174],[-46.8464303,-20.2395155],[-46.8463082,-20.2395117],[-46.8460709,-20.2395185],[-46.84585,-20.2393768],[-46.8457046,-20.2391804],[-46.8456727,-20.2389017],[-46.8456635,-20.2386515],[-46.8456928,-20.2381816],[-46.8456222,-20.2378494],[-46.8455434,-20.2376343],[-46.8453736,-20.2375567],[-46.8452286,-20.2374327],[-46.8450684,-20.2373716],[-46.8449005,-20.2373011],[-46.8446945,-20.237158],[-46.8445381,-20.2370646],[-46.8444428,-20.2370302],[-46.8443093,-20.2370169],[-46.8441261,-20.237015],[-46.8440269,-20.2370703],[-46.8439888,-20.2371752],[-46.8439888,-20.2373011],[-46.843985,-20.2374403],[-46.8439736,-20.2375414],[-46.8439583,-20.2376806],[-46.8438706,-20.2378847],[-46.8435349,-20.2383768],[-46.8433251,-20.2386725],[-46.8431038,-20.238806],[-46.8429092,-20.2388975],[-46.8425888,-20.2390406],[-46.8423332,-20.2391875],[-46.8420891,-20.2393439],[-46.8418449,-20.239424],[-46.8416733,-20.2395022],[-46.8414635,-20.2396853],[-46.8412537,-20.2398627],[-46.841021,-20.2400248],[-46.8407997,-20.2401488],[-46.840506,-20.2402823],[-46.8403953,-20.2403014],[-46.8402733,-20.2403338],[-46.8400291,-20.2403548],[-46.8398117,-20.2403529],[-46.8396782,-20.2403414],[-46.8394327,-20.2400772],[-46.8392254,-20.239893],[-46.8389344,-20.2396881],[-46.8386366,-20.2395622],[-46.8382406,-20.2394803],[-46.8378547,-20.2393763],[-46.8377212,-20.2392733],[-46.8375381,-20.2391302],[-46.8373817,-20.2390597],[-46.8371871,-20.239094],[-46.8370269,-20.239403],[-46.836901,-20.2396071],[-46.8364739,-20.2397569],[-46.8360198,-20.2399275],[-46.8353694,-20.2401557],[-46.8350972,-20.2402661],[-46.8347943,-20.2403409],[-46.8343109,-20.2403338],[-46.8339333,-20.2401277],[-46.8337935,-20.2398638],[-46.8336381,-20.2395715],[-46.8333631,-20.2394381],[-46.8331593,-20.239555],[-46.8330016,-20.2397072],[-46.8329059,-20.2399663],[-46.8327048,-20.2404177],[-46.8325828,-20.2405779],[-46.8324798,-20.2408049],[-46.83227,-20.2410319],[-46.8319877,-20.241257],[-46.831816,-20.2413485],[-46.83161,-20.2414153],[-46.8313803,-20.2413804],[-46.8310833,-20.241319],[-46.8308248,-20.2413001],[-46.8305877,-20.2413428],[-46.8303931,-20.2413638],[-46.8298564,-20.2416401],[-46.8295007,-20.2417513],[-46.8289922,-20.2417925],[-46.8286198,-20.241782],[-46.8282242,-20.241736],[-46.827982,-20.2418102],[-46.8278411,-20.2420142],[-46.8277686,-20.2421057],[-46.8275588,-20.2421935],[-46.8274367,-20.2422488],[-46.827143,-20.2423003],[-46.826937,-20.2423118],[-46.8267081,-20.2423098],[-46.8264983,-20.2422946],[-46.8262694,-20.2422927],[-46.8259299,-20.2422183],[-46.8257125,-20.2421038],[-46.8255134,-20.2418431],[-46.8253282,-20.241594],[-46.8250899,-20.2413527],[-46.8248667,-20.2411041],[-46.8246302,-20.2410205],[-46.8244331,-20.2410584],[-46.8243055,-20.2411888],[-46.8242858,-20.2414543],[-46.8242894,-20.2417626],[-46.8242944,-20.2421856],[-46.8243511,-20.2424861],[-46.8243616,-20.2427369],[-46.8242128,-20.2430038],[-46.8240244,-20.243142],[-46.8236754,-20.2432807],[-46.8234923,-20.2433742],[-46.8231871,-20.2435744],[-46.8229277,-20.2437308],[-46.8226111,-20.243893],[-46.8222563,-20.2441047],[-46.8221304,-20.2441733],[-46.8218634,-20.2443069],[-46.8215631,-20.2444438],[-46.8212449,-20.244526],[-46.8209041,-20.2446155],[-46.8206045,-20.2446006],[-46.8202035,-20.2444722],[-46.8200194,-20.2443164],[-46.8198294,-20.2443112],[-46.8196408,-20.2444207],[-46.8195594,-20.244608],[-46.8194601,-20.244929],[-46.819319,-20.2452052],[-46.8192351,-20.2453407],[-46.8189757,-20.2455257],[-46.818743,-20.2456268],[-46.8185484,-20.2457374],[-46.81835,-20.2457794],[-46.8182165,-20.2458347],[-46.817858,-20.2459449],[-46.8175095,-20.2460274],[-46.817177,-20.2461742],[-46.8168817,-20.2462633],[-46.8165103,-20.2463389],[-46.8161386,-20.2463857],[-46.8158361,-20.2464164],[-46.815592,-20.2464279],[-46.815355,-20.2462863],[-46.8150579,-20.2462696],[-46.8148405,-20.2462543],[-46.814501,-20.2463306],[-46.8142797,-20.2464546],[-46.8140242,-20.2464526],[-46.8138525,-20.2464488],[-46.8134496,-20.2464136],[-46.8132209,-20.2463442],[-46.8129848,-20.2462965],[-46.8128619,-20.2461759],[-46.8128285,-20.2459181],[-46.8126971,-20.2457259],[-46.8124081,-20.2457002],[-46.8121029,-20.2455886],[-46.8118196,-20.2453979],[-46.8115526,-20.2453003],[-46.811311,-20.2454319],[-46.811235,-20.2456594],[-46.8112181,-20.2459347],[-46.8111011,-20.2463231],[-46.8109307,-20.2466977],[-46.810805,-20.2470001],[-46.8106941,-20.2472594],[-46.8106279,-20.2474465],[-46.8105166,-20.2476771],[-46.8103679,-20.2479583],[-46.8103793,-20.248288],[-46.8103892,-20.2484886],[-46.8101939,-20.248677],[-46.8099373,-20.2488231],[-46.8097481,-20.2488896],[-46.8094829,-20.2489497],[-46.8092181,-20.2490456],[-46.8090755,-20.2491905],[-46.8090016,-20.2493705],[-46.8089357,-20.2495863],[-46.8088404,-20.2498812],[-46.8087898,-20.2501112],[-46.8087991,-20.2502545],[-46.8085817,-20.250466],[-46.8085328,-20.250881],[-46.8085691,-20.2511696],[-46.8085309,-20.2513965],[-46.8084852,-20.2516636],[-46.808386,-20.2519706],[-46.8082296,-20.2521442],[-46.8080579,-20.2521786],[-46.8077642,-20.2519726],[-46.8076803,-20.2518791],[-46.8075734,-20.251614],[-46.8074247,-20.2513164],[-46.8072797,-20.2510303],[-46.8071844,-20.2507862],[-46.8069715,-20.2505458],[-46.8068177,-20.2503825],[-46.8065961,-20.25027],[-46.8064289,-20.2502717],[-46.8063089,-20.250402],[-46.8062039,-20.2505178],[-46.8060167,-20.2507564],[-46.8058203,-20.2508516],[-46.8056774,-20.2509821],[-46.8055804,-20.2511337],[-46.8056279,-20.2513851],[-46.8056279,-20.2516388],[-46.8053592,-20.2517096],[-46.8050542,-20.2516195],[-46.8047904,-20.2514468],[-46.8045564,-20.2512828],[-46.8043583,-20.2512016],[-46.8040895,-20.2511286],[-46.8039027,-20.2511362],[-46.8037466,-20.2510831],[-46.80362,-20.250964],[-46.8034588,-20.2508758],[-46.8032085,-20.2509178],[-46.8029996,-20.2509102],[-46.8028647,-20.2508644],[-46.8027211,-20.2509006],[-46.8025876,-20.2509598],[-46.8024421,-20.2512388],[-46.8023911,-20.2514257],[-46.8023435,-20.2516502],[-46.8022283,-20.2518002],[-46.8020391,-20.2518667],[-46.8017813,-20.2519124],[-46.8014709,-20.2520016],[-46.8010922,-20.2521175],[-46.800874,-20.2522874],[-46.8008001,-20.2524674],[-46.8006965,-20.2527122],[-46.8006455,-20.2528992],[-46.8006288,-20.2531929],[-46.8006282,-20.2533726],[-46.8003979,-20.2535976],[-46.8001774,-20.2538146],[-46.8000428,-20.2540024],[-46.8000439,-20.2540956],[-46.8002049,-20.2542158],[-46.8004113,-20.2543284],[-46.800617,-20.2543765],[-46.8008326,-20.2546252],[-46.8009121,-20.2549327],[-46.8008329,-20.255096],[-46.8006906,-20.2552696],[-46.8005489,-20.2555005],[-46.800356,-20.2557472],[-46.8003331,-20.255978],[-46.8005796,-20.2561885],[-46.8008022,-20.2563798],[-46.8008352,-20.2566089],[-46.8007694,-20.2568318],[-46.8006345,-20.2569641],[-46.8003787,-20.2572087],[-46.8000679,-20.2572692],[-46.7997177,-20.2572083],[-46.7992834,-20.2571052],[-46.7989707,-20.2570008],[-46.7986285,-20.2569757],[-46.7983705,-20.2569998],[-46.7981057,-20.2571029],[-46.7977897,-20.2573643],[-46.7974124,-20.2575904],[-46.7971255,-20.2577511],[-46.7966863,-20.2578775],[-46.7964126,-20.2578588],[-46.7959538,-20.2577443],[-46.7957364,-20.2576527],[-46.7956028,-20.2574543],[-46.7955418,-20.2572388],[-46.7955304,-20.2569851],[-46.7956028,-20.2568001],[-46.7958784,-20.2563299],[-46.7960759,-20.2561001],[-46.7961843,-20.2558464],[-46.7962264,-20.2555448],[-46.7961325,-20.2553092],[-46.7959233,-20.2549528],[-46.7956791,-20.2546543],[-46.79558,-20.2544331],[-46.7954464,-20.2543301],[-46.7952786,-20.2543415],[-46.7951565,-20.2545285],[-46.7948246,-20.2548241],[-46.7946186,-20.2549767],[-46.7943516,-20.2550911],[-46.7939233,-20.2554537],[-46.7935532,-20.2556439],[-46.7931678,-20.2558271],[-46.7927294,-20.256018],[-46.7923517,-20.2562083],[-46.7920724,-20.2563688],[-46.7918084,-20.2565365],[-46.7914765,-20.2567478],[-46.7912145,-20.2570874],[-46.791065,-20.2572969],[-46.7907049,-20.2577021],[-46.7904211,-20.258128],[-46.7903004,-20.2583947],[-46.7903004,-20.2586159],[-46.7903004,-20.2589459],[-46.7903576,-20.2592702],[-46.7904072,-20.2594399],[-46.7904568,-20.2596707],[-46.7905549,-20.2598546],[-46.7905266,-20.2600413],[-46.7904526,-20.2602142],[-46.7902492,-20.2603668],[-46.7899626,-20.260549],[-46.7894844,-20.2605897],[-46.7890072,-20.2603726],[-46.7887496,-20.2601168],[-46.7885872,-20.2598676],[-46.788471,-20.2596751],[-46.7882708,-20.2594406],[-46.7880714,-20.2592777],[-46.7878583,-20.2592512],[-46.7876701,-20.2593965],[-46.787405,-20.2597012],[-46.787199,-20.2598176],[-46.7870655,-20.2599587],[-46.7868812,-20.2601718],[-46.7868169,-20.2605309],[-46.7866513,-20.2606688],[-46.7863253,-20.2607295],[-46.7859678,-20.2606901],[-46.785601,-20.2605074],[-46.7853326,-20.2602879],[-46.7851299,-20.2599684],[-46.7848491,-20.2598634],[-46.7846813,-20.2598881],[-46.7845935,-20.2600694],[-46.7844766,-20.2605189],[-46.7844802,-20.2608272],[-46.7846677,-20.261277],[-46.7849331,-20.26162],[-46.7850401,-20.2619543],[-46.7850815,-20.2622551],[-46.7850761,-20.2624487],[-46.7847881,-20.2626634],[-46.7843963,-20.2627998],[-46.7841156,-20.2628313],[-46.7838131,-20.2629563],[-46.7835331,-20.263205],[-46.7834085,-20.2634551],[-46.7833156,-20.2638345],[-46.7833995,-20.2641912],[-46.7836401,-20.2644422],[-46.7837346,-20.2647281],[-46.7836895,-20.2649389],[-46.7836552,-20.2651239],[-46.7834949,-20.2652154],[-46.7832775,-20.2653527],[-46.7831669,-20.2654004],[-46.7829723,-20.2654462],[-46.7827663,-20.2655835],[-46.7825336,-20.2657991],[-46.7822901,-20.2659832],[-46.7819788,-20.2660079],[-46.7816506,-20.265875],[-46.7814652,-20.2656116],[-46.7813621,-20.2652326],[-46.7811489,-20.2645574],[-46.7808253,-20.2641267],[-46.7806316,-20.263806],[-46.7804841,-20.2635279],[-46.7803607,-20.2633642],[-46.7801761,-20.2633081],[-46.779838,-20.2634986],[-46.7796406,-20.2638297],[-46.7794044,-20.2641268],[-46.7792847,-20.2642858],[-46.7790367,-20.2645249],[-46.7787719,-20.264628],[-46.7783916,-20.264596],[-46.7780338,-20.2645279],[-46.7778058,-20.264523],[-46.7776852,-20.2646103],[-46.7776721,-20.2647969],[-46.7776898,-20.2650118],[-46.7777238,-20.2653341],[-46.7776812,-20.2655926],[-46.7776159,-20.2658658],[-46.7773989,-20.2661548],[-46.7771209,-20.26643],[-46.7770553,-20.2666745],[-46.7770662,-20.2669683],[-46.777228,-20.2671603],[-46.777488,-20.2673082],[-46.7777766,-20.2674966],[-46.7778759,-20.2677293],[-46.7780512,-20.2680625],[-46.7780787,-20.268471],[-46.7780387,-20.2689589],[-46.7779664,-20.2692823],[-46.7777732,-20.2696714],[-46.7775668,-20.2702256],[-46.7774715,-20.2706704],[-46.7774715,-20.2709089],[-46.7774333,-20.2711855],[-46.7772998,-20.2714926],[-46.7772121,-20.271874],[-46.7770557,-20.2720915],[-46.7768611,-20.2722975],[-46.7766651,-20.2724503],[-46.7763683,-20.2724031],[-46.776161,-20.2722188],[-46.776014,-20.2719909],[-46.7757519,-20.2716565],[-46.7755446,-20.271465],[-46.7752692,-20.2713029],[-46.7749477,-20.2710982],[-46.7747999,-20.2707914],[-46.7747046,-20.2704339],[-46.7747821,-20.2699648],[-46.7746371,-20.2695203],[-46.7743647,-20.2692758],[-46.7741417,-20.2690414],[-46.7739943,-20.2687776],[-46.7738699,-20.268528],[-46.7738061,-20.2682633],[-46.7737954,-20.267991],[-46.7738627,-20.2676893],[-46.7739257,-20.2674232],[-46.7739758,-20.2671502],[-46.7740105,-20.2668631],[-46.7740687,-20.2663808],[-46.7740327,-20.2661387],[-46.7739378,-20.2658098],[-46.7738141,-20.2656247],[-46.7735474,-20.2655557],[-46.7731997,-20.2657169],[-46.7727703,-20.2657831],[-46.7723339,-20.2658192],[-46.7720417,-20.2657271],[-46.7716097,-20.265537],[-46.7711923,-20.2653596],[-46.7707652,-20.2652205],[-46.7702476,-20.2651397],[-46.7698153,-20.2650705],[-46.7694987,-20.2650552],[-46.7692431,-20.2650113],[-46.7690028,-20.2649293],[-46.7686919,-20.2649197],[-46.7684334,-20.2649114],[-46.7681429,-20.2647942],[-46.7680765,-20.2647257],[-46.767955,-20.2645559],[-46.7679334,-20.2643487],[-46.7681397,-20.2641755],[-46.7683618,-20.2640386],[-46.7685571,-20.2639129],[-46.7687382,-20.2637946],[-46.7688588,-20.2635714],[-46.7687222,-20.263372],[-46.7684077,-20.2633768],[-46.7682246,-20.2632528],[-46.768128,-20.2630808],[-46.768035,-20.2630196],[-46.7679079,-20.263146],[-46.7676594,-20.2632036],[-46.7673086,-20.2631643],[-46.7669823,-20.2630302],[-46.7666679,-20.2629594],[-46.7663322,-20.2629839],[-46.7659515,-20.2629877],[-46.7657614,-20.2630214],[-46.7654025,-20.2629721],[-46.765177,-20.262837],[-46.7649286,-20.2626748],[-46.7647226,-20.2627225],[-46.7646273,-20.2629171],[-46.7645657,-20.2632554],[-46.7642894,-20.2634532],[-46.7641553,-20.2636083],[-46.7643702,-20.2637963],[-46.76454,-20.2639532],[-46.7648123,-20.2642675],[-46.7649607,-20.2645091],[-46.7652092,-20.2646968],[-46.7655234,-20.2647465],[-46.7658818,-20.2647535],[-46.766184,-20.2647293],[-46.766453,-20.2647477],[-46.7667254,-20.2648931],[-46.7667254,-20.265101],[-46.7667846,-20.2653468],[-46.7666886,-20.2657705],[-46.7664354,-20.2661642],[-46.7662157,-20.2665469],[-46.7659273,-20.2667929],[-46.7657734,-20.2670481],[-46.7655189,-20.2673254],[-46.7652539,-20.2676557],[-46.7651116,-20.2679531],[-46.7649919,-20.2682608],[-46.7648509,-20.2686639],[-46.7646414,-20.2689619],[-46.7643847,-20.2690385],[-46.7640836,-20.2691578],[-46.7638415,-20.2692228],[-46.7636279,-20.2694688],[-46.7637433,-20.2697636],[-46.7640486,-20.2700248],[-46.7643534,-20.2702331],[-46.7646812,-20.270494],[-46.7649303,-20.2707346],[-46.7651235,-20.2709863],[-46.7652164,-20.2712707],[-46.7652426,-20.2716087],[-46.7649978,-20.2717485],[-46.764774,-20.2717719],[-46.7644272,-20.2718071],[-46.7639108,-20.2717066],[-46.7634857,-20.2717532],[-46.7628371,-20.2718443],[-46.7625482,-20.2719542],[-46.7624089,-20.2722442],[-46.7627712,-20.2725512],[-46.7629818,-20.2727518],[-46.7631753,-20.2730246],[-46.7635143,-20.2732854],[-46.7640646,-20.2734173],[-46.7646041,-20.273581],[-46.7650172,-20.2737783],[-46.7652575,-20.2738699],[-46.7656291,-20.2740907],[-46.7660088,-20.274324],[-46.766226,-20.274573],[-46.766363,-20.274901],[-46.766302,-20.2751509],[-46.7661913,-20.275313],[-46.7661074,-20.2755762],[-46.7660197,-20.2758165],[-46.7660082,-20.2759348],[-46.7658976,-20.276116],[-46.7657298,-20.2761713],[-46.7655238,-20.276219],[-46.765169,-20.2762552],[-46.7649249,-20.2762667],[-46.7647303,-20.2762324],[-46.7645243,-20.2761389],[-46.7641238,-20.2759768],[-46.7638911,-20.2758738],[-46.7636126,-20.2757365],[-46.7633227,-20.2756315],[-46.762884,-20.2754828],[-46.7626286,-20.2753923],[-46.7622889,-20.2754923],[-46.7621356,-20.2756745],[-46.7621636,-20.2761904],[-46.7622011,-20.276528],[-46.7621287,-20.2767455],[-46.761957,-20.2768732],[-46.7616773,-20.2769905],[-46.7613005,-20.2770082],[-46.7608854,-20.2769161],[-46.7605635,-20.2769326],[-46.7601221,-20.2769877],[-46.7595041,-20.2770123],[-46.7591124,-20.2770232],[-46.7587325,-20.276762],[-46.7584407,-20.276458],[-46.7581999,-20.2760767],[-46.757994,-20.2755208],[-46.757761,-20.2751813],[-46.7574035,-20.2749477],[-46.7570854,-20.274923],[-46.7570433,-20.2751257],[-46.7570995,-20.2755158],[-46.7572143,-20.2758634],[-46.7572408,-20.2762468],[-46.7571549,-20.2764988],[-46.7568705,-20.2768434],[-46.7565848,-20.2770765],[-46.7564325,-20.2773361],[-46.7564284,-20.2776291],[-46.7565592,-20.2779261],[-46.7566565,-20.2781919],[-46.7565404,-20.2786548],[-46.7566368,-20.2789028],[-46.7568031,-20.2793106],[-46.7568154,-20.2796478],[-46.7566805,-20.2797616],[-46.7564264,-20.2798685],[-46.7562316,-20.2799508],[-46.7558407,-20.2800029],[-46.7555098,-20.2800945],[-46.7552901,-20.2802332],[-46.7549172,-20.2803735],[-46.7545695,-20.2804814],[-46.7542136,-20.2806214],[-46.7537871,-20.2805374],[-46.7535305,-20.2804195],[-46.7531803,-20.2803025],[-46.7529047,-20.2802073],[-46.7525559,-20.2800277],[-46.7522059,-20.2799349],[-46.7520092,-20.2798485],[-46.7517606,-20.2796904],[-46.7514958,-20.2795967],[-46.751164,-20.279608],[-46.7510354,-20.2797934],[-46.7509591,-20.2799517],[-46.7509248,-20.2801368],[-46.7507971,-20.2802862],[-46.7506196,-20.2806784],[-46.7505754,-20.2810031],[-46.7503989,-20.2812057],[-46.7501695,-20.2812469],[-46.7500322,-20.2813842],[-46.7498605,-20.2814853],[-46.7496278,-20.2815997],[-46.7494945,-20.2817608],[-46.7492318,-20.2818597],[-46.748935,-20.281951],[-46.7485435,-20.281955],[-46.7482453,-20.2819258],[-46.7479202,-20.2817685],[-46.7476798,-20.2815862],[-46.7474559,-20.2813555],[-46.7474355,-20.2810506],[-46.7474929,-20.2808573],[-46.7474991,-20.2806484],[-46.7474534,-20.2803885],[-46.7472259,-20.2804212],[-46.7469876,-20.2805732],[-46.7467577,-20.2805594],[-46.7464931,-20.2804898],[-46.746248,-20.2803275],[-46.7458698,-20.2803113],[-46.7456835,-20.2803935],[-46.7456348,-20.2806108],[-46.745748,-20.2808345],[-46.7459734,-20.2812017],[-46.746225,-20.2816328],[-46.7463138,-20.2819611],[-46.7464787,-20.2822486],[-46.7466685,-20.2824796],[-46.7467895,-20.282639],[-46.7468015,-20.282952],[-46.7466423,-20.2831785],[-46.7463319,-20.2833316],[-46.7460244,-20.2834818],[-46.7457441,-20.2835247],[-46.7453781,-20.2835284],[-46.7449783,-20.2835404],[-46.7446209,-20.2835439],[-46.7443151,-20.2836032],[-46.7439241,-20.2836392],[-46.7434814,-20.2836276],[-46.7431408,-20.2836149],[-46.7427739,-20.2835302],[-46.7424838,-20.2834688],[-46.7421928,-20.2833192],[-46.7418424,-20.2831861],[-46.7415252,-20.2829805],[-46.7413281,-20.282862],[-46.7410875,-20.2826556],[-46.7409056,-20.2823683],[-46.7407499,-20.282145],[-46.7406108,-20.2818894],[-46.7405145,-20.2816415],[-46.7402428,-20.2817004],[-46.7400605,-20.2818763],[-46.7399499,-20.2818763],[-46.7397974,-20.2819653],[-46.7394967,-20.2819567],[-46.7394305,-20.282126],[-46.7395014,-20.2823742],[-46.7396828,-20.2826134],[-46.7398729,-20.2828765],[-46.7400292,-20.283156],[-46.7402965,-20.2834665],[-46.740453,-20.2837621],[-46.7405325,-20.2840183],[-46.7405008,-20.2842274],[-46.7403582,-20.2844135],[-46.7401645,-20.2846001],[-46.7400473,-20.2847779],[-46.7399387,-20.2849557],[-46.7398982,-20.2851408],[-46.7401212,-20.2852992],[-46.7402922,-20.2853617],[-46.7405143,-20.2854398],[-46.7406871,-20.285671],[-46.7408005,-20.2859188],[-46.7408295,-20.2862236],[-46.7408074,-20.286537],[-46.7406841,-20.2869237],[-46.7405077,-20.2871343],[-46.7403657,-20.2873561],[-46.7401717,-20.2875311],[-46.7398837,-20.2876544],[-46.7394917,-20.2876101],[-46.7393141,-20.2877083],[-46.7392309,-20.2878857],[-46.7392586,-20.2880782],[-46.7394396,-20.2882772],[-46.739553,-20.288525],[-46.739468,-20.2887966],[-46.7392975,-20.2889965],[-46.7390763,-20.2890537],[-46.7387597,-20.2891351],[-46.7384017,-20.2890825],[-46.7381277,-20.2889326],[-46.7379135,-20.2888063],[-46.7376746,-20.2887524],[-46.7374271,-20.2886906],[-46.7373268,-20.2888603],[-46.7373634,-20.2890847],[-46.7373837,-20.2893817],[-46.7374559,-20.2897503],[-46.7375428,-20.290036],[-46.7373539,-20.2905223],[-46.7368807,-20.2908321],[-46.7365071,-20.2909161],[-46.7360643,-20.2908964],[-46.7356812,-20.2908619],[-46.7352896,-20.29088],[-46.7350101,-20.2910032],[-46.7348848,-20.2912133],[-46.7348112,-20.291479],[-46.7348232,-20.2917921],[-46.7346368,-20.2920646],[-46.7345299,-20.2922126],[-46.7343527,-20.2923508],[-46.734012,-20.2923221],[-46.7337396,-20.2923168],[-46.7335424,-20.2921902],[-46.7333705,-20.2920393],[-46.7331732,-20.2919048],[-46.7331695,-20.2915675],[-46.733157,-20.2912143],[-46.7330751,-20.2907333],[-46.73297,-20.2904694],[-46.7328402,-20.2902779],[-46.7326843,-20.2900305],[-46.7324959,-20.2898376],[-46.7322058,-20.2898666],[-46.7321148,-20.2901004],[-46.7320747,-20.2903176],[-46.7318982,-20.2905201],[-46.7316697,-20.2906428],[-46.7314278,-20.2906788],[-46.7312676,-20.2906025],[-46.7310055,-20.2906093],[-46.730853,-20.290675],[-46.7308481,-20.2909963],[-46.7308097,-20.2913741],[-46.7305301,-20.2914893],[-46.7300625,-20.291534],[-46.7296375,-20.2915864],[-46.7292813,-20.2916943],[-46.7288658,-20.291835],[-46.728451,-20.2920398],[-46.7282315,-20.2922026],[-46.7278909,-20.2923645],[-46.7276893,-20.2924888],[-46.7274561,-20.2926574],[-46.7272364,-20.2928567],[-46.7270091,-20.2929637],[-46.7248085,-20.316975],[-46.7248766,-20.3172765],[-46.7248579,-20.3174783],[-46.7245862,-20.3177459],[-46.724596,-20.3179466],[-46.7246883,-20.3180389],[-46.7249094,-20.3181084],[-46.7252138,-20.3181412],[-46.7254343,-20.3181462],[-46.7257605,-20.3180857],[-46.7260071,-20.3179406],[-46.7262131,-20.3178472],[-46.7264077,-20.3177099],[-46.7265183,-20.317605],[-46.7266793,-20.3173165],[-46.7268591,-20.3170853],[-46.7271312,-20.3169464],[-46.7273282,-20.3168871],[-46.727609,-20.3168556],[-46.7278605,-20.3169105],[-46.7280365,-20.3169984],[-46.7283303,-20.3171129],[-46.7286162,-20.3172042],[-46.728883,-20.3172733],[-46.7290734,-20.3173072],[-46.7293098,-20.3173766],[-46.729509,-20.3174676],[-46.7297148,-20.3175734],[-46.729845,-20.3176581],[-46.7300221,-20.3178643],[-46.7302055,-20.3179557],[-46.7304561,-20.3179317],[-46.7305199,-20.3178148],[-46.7305431,-20.3175508],[-46.7305407,-20.3173429],[-46.7304854,-20.3171499],[-46.7305298,-20.3168935],[-46.730564,-20.3167045],[-46.7306445,-20.3164241],[-46.7309205,-20.3162297],[-46.7310769,-20.3161611],[-46.7313477,-20.3161573],[-46.7316148,-20.3162278],[-46.7317694,-20.3164201],[-46.7318776,-20.316584],[-46.7319559,-20.316784],[-46.7320875,-20.3169978],[-46.7324273,-20.3170556],[-46.732637,-20.3172003],[-46.732813,-20.3173061],[-46.732967,-20.3174838],[-46.7331823,-20.3177111],[-46.7334026,-20.3177017],[-46.7335369,-20.317471],[-46.7336037,-20.3173269],[-46.7338218,-20.317124],[-46.7341325,-20.3170461],[-46.7343614,-20.3170213],[-46.7345063,-20.317048],[-46.7346665,-20.3170823],[-46.7348611,-20.3171395],[-46.7350396,-20.3172696],[-46.7351853,-20.3173901],[-46.7353538,-20.3175031],[-46.7355433,-20.3174511],[-46.735601,-20.317178],[-46.7355979,-20.3168984],[-46.7356172,-20.3165828],[-46.735683,-20.3163527],[-46.7357481,-20.3160509],[-46.7358448,-20.3158635],[-46.7360037,-20.3157974],[-46.7363997,-20.3158723],[-46.7366748,-20.3160058],[-46.7369128,-20.3162186],[-46.7371056,-20.3164604],[-46.7373061,-20.3167237],[-46.7375848,-20.3168191],[-46.7377779,-20.3167764],[-46.7378363,-20.3165607],[-46.7378499,-20.31641],[-46.7378091,-20.3161595],[-46.7377822,-20.3158117],[-46.7377069,-20.3156556],[-46.7375497,-20.3153948],[-46.7375317,-20.3151441],[-46.7376215,-20.3150213],[-46.7378404,-20.3149918],[-46.738072,-20.3150226],[-46.7382626,-20.3152515],[-46.7383796,-20.3155228],[-46.7385422,-20.3157937],[-46.7388552,-20.3159124],[-46.7392208,-20.3159805],[-46.7393796,-20.3159072],[-46.7394148,-20.3156559],[-46.7393661,-20.3153839],[-46.7393493,-20.3152407],[-46.7392633,-20.3149995],[-46.7391679,-20.3148297],[-46.7391183,-20.3147248],[-46.7389352,-20.3144254],[-46.7388398,-20.3140324],[-46.7389477,-20.3136902],[-46.7391622,-20.3134572],[-46.7394661,-20.313447],[-46.7397792,-20.3135801],[-46.7400249,-20.3138],[-46.7403322,-20.314074],[-46.7406633,-20.3142537],[-46.7408579,-20.3143243],[-46.7411249,-20.3143796],[-46.7413777,-20.3144748],[-46.7416435,-20.3144507],[-46.7416589,-20.3141717],[-46.7416246,-20.3140229],[-46.7414644,-20.3138989],[-46.7413194,-20.313773],[-46.7409303,-20.3135289],[-46.7408311,-20.313403],[-46.7406409,-20.3131557],[-46.7406829,-20.3128326],[-46.7406875,-20.3125601],[-46.7407824,-20.312215],[-46.7409646,-20.3119877],[-46.7412278,-20.3119453],[-46.7414177,-20.3119291],[-46.7416589,-20.3119534],[-46.7418941,-20.3121266],[-46.741926,-20.3122319],[-46.7421205,-20.3123788],[-46.7422426,-20.312518],[-46.7425096,-20.3125638],[-46.7427309,-20.3124493],[-46.7427423,-20.3122052],[-46.7425655,-20.3119463],[-46.742434,-20.3117397],[-46.7422954,-20.3115762],[-46.7422856,-20.3113827],[-46.7423443,-20.3111956],[-46.7424675,-20.3109525],[-46.7425249,-20.3107117],[-46.7425547,-20.3103045],[-46.742439,-20.3101479],[-46.7422176,-20.3100569],[-46.7419281,-20.3100024],[-46.7416298,-20.3098333],[-46.7412933,-20.309643],[-46.7409556,-20.3093524],[-46.7406947,-20.3091327],[-46.7404259,-20.3088773],[-46.7402781,-20.3085776],[-46.7402599,-20.3083053],[-46.740265,-20.308083],[-46.7403843,-20.3078811],[-46.7406103,-20.3076996],[-46.7408129,-20.3074609],[-46.7411958,-20.3070413],[-46.7416243,-20.3066211],[-46.7419331,-20.3063671],[-46.742109,-20.3061455],[-46.7421759,-20.3056548],[-46.7421499,-20.3053683],[-46.7420549,-20.3050322],[-46.7420251,-20.3046616],[-46.7421358,-20.3044651],[-46.7423761,-20.3042687],[-46.7425249,-20.3041085],[-46.7427919,-20.3040398],[-46.7430818,-20.3040264],[-46.7433145,-20.304097],[-46.7434366,-20.3042],[-46.7435434,-20.3043831],[-46.743593,-20.3045319],[-46.7436769,-20.304961],[-46.7436769,-20.3053044],[-46.7437265,-20.3054894],[-46.743921,-20.3055008],[-46.7440546,-20.3054436],[-46.7442491,-20.3053749],[-46.7443979,-20.3053063],[-46.7445543,-20.3051556],[-46.7446535,-20.3051003],[-46.7447374,-20.3050087],[-46.7448824,-20.3049706],[-46.7451265,-20.3048332],[-46.74526,-20.3048008],[-46.7455471,-20.304682],[-46.7458437,-20.3047989],[-46.7460146,-20.3050286],[-46.746055,-20.3052505],[-46.7461336,-20.3055599],[-46.7461223,-20.3058306],[-46.7461207,-20.3060206],[-46.7462068,-20.3062492],[-46.7463053,-20.3064564],[-46.7463892,-20.3065365],[-46.7464502,-20.3066757],[-46.7464769,-20.3069065],[-46.7464998,-20.3071221],[-46.746543,-20.3074182],[-46.7468411,-20.3075528],[-46.7470153,-20.3074937],[-46.7471034,-20.3072204],[-46.7472147,-20.3069755],[-46.7472964,-20.3068097],[-46.7474089,-20.3066724],[-46.7474977,-20.3064636],[-46.7476553,-20.3062827],[-46.7478123,-20.3060517],[-46.7480219,-20.3059147],[-46.7482012,-20.3056877],[-46.7484339,-20.3054093],[-46.7485559,-20.3052738],[-46.7486284,-20.305064],[-46.7487407,-20.304802],[-46.7487755,-20.3045149],[-46.7487351,-20.3043073],[-46.7487016,-20.3039834],[-46.748712,-20.3035977],[-46.7488605,-20.3032879],[-46.7491325,-20.3031418],[-46.7494448,-20.303088],[-46.7496622,-20.3030899],[-46.7498949,-20.3031014],[-46.7501123,-20.3031204],[-46.750152,-20.3032392],[-46.7501692,-20.3034182],[-46.7500802,-20.3036127],[-46.7499897,-20.3037183],[-46.7499376,-20.3037791],[-46.749946,-20.3038482],[-46.7500377,-20.3038928],[-46.7502215,-20.3040128],[-46.7504023,-20.3041523],[-46.7505625,-20.3042],[-46.750757,-20.3042801],[-46.7508638,-20.3043736],[-46.7509134,-20.3044632],[-46.7509745,-20.3046024],[-46.751047,-20.3048771],[-46.7510317,-20.304982],[-46.7509821,-20.3052223],[-46.7509096,-20.3053616],[-46.7507779,-20.305513],[-46.75068,-20.3055928],[-46.7505151,-20.3057953],[-46.7504649,-20.3060611],[-46.7503388,-20.3063419],[-46.7502133,-20.306673],[-46.7501871,-20.307039],[-46.7503439,-20.307088],[-46.7505556,-20.3070315],[-46.7508945,-20.307095],[-46.7511475,-20.3072932],[-46.7512482,-20.3074571],[-46.7513106,-20.3075999],[-46.7515263,-20.3078559],[-46.7517468,-20.307868],[-46.7521525,-20.3076664],[-46.7525561,-20.3075157],[-46.7527458,-20.3074851],[-46.7530728,-20.3075034],[-46.7533238,-20.3075224],[-46.7536293,-20.3076555],[-46.7538974,-20.3078393],[-46.7541681,-20.3081057],[-46.7542437,-20.3084267],[-46.7542323,-20.3085545],[-46.7541598,-20.3088177],[-46.7539995,-20.3090447],[-46.7537451,-20.3091673],[-46.753587,-20.3092979],[-46.7535209,-20.3094993],[-46.7535952,-20.3097447],[-46.7538587,-20.3098043],[-46.7541023,-20.3098377],[-46.7542932,-20.3099146],[-46.7544466,-20.3100421],[-46.7545317,-20.3103291],[-46.7546212,-20.3106929],[-46.754715,-20.3109285],[-46.7547938,-20.3111787],[-46.7549761,-20.3114727],[-46.7550372,-20.3115986],[-46.7552409,-20.3117335],[-46.7554096,-20.3118608],[-46.755576,-20.3117946],[-46.7557182,-20.3115925],[-46.7558917,-20.311324],[-46.755926,-20.3111523],[-46.7560633,-20.3106583],[-46.756174,-20.3104084],[-46.7563075,-20.3102215],[-46.7565458,-20.3101716],[-46.7567978,-20.3102838],[-46.7569679,-20.3105331],[-46.7570463,-20.3107474],[-46.7570956,-20.3110767],[-46.757139,-20.3114612],[-46.7572001,-20.3115776],[-46.7574328,-20.311652],[-46.7576796,-20.3116373],[-46.7579157,-20.3116851],[-46.7581612,-20.3118834],[-46.7584357,-20.3119595],[-46.7586028,-20.3119578],[-46.7588145,-20.3118553],[-46.7589711,-20.3115885],[-46.7591353,-20.3113215],[-46.759345,-20.3110469],[-46.7595029,-20.3108948],[-46.759684,-20.3107854],[-46.7599578,-20.310797],[-46.7601866,-20.3108664],[-46.7604693,-20.3109998],[-46.7606904,-20.3110621],[-46.7610633,-20.3111013],[-46.7614585,-20.3110974],[-46.7618006,-20.3111083],[-46.7620359,-20.3110772],[-46.7624229,-20.3110303],[-46.7628637,-20.3110258],[-46.7630858,-20.3111742],[-46.7631778,-20.3113812],[-46.7630239,-20.3117484],[-46.7628972,-20.3119648],[-46.7626951,-20.3122465],[-46.7625078,-20.312485],[-46.7623435,-20.3127376],[-46.7622093,-20.3129684],[-46.7621593,-20.3132557],[-46.7621998,-20.3134704],[-46.7623979,-20.3135185],[-46.7627315,-20.3134435],[-46.7630799,-20.3133324],[-46.7632998,-20.3132872],[-46.7636134,-20.3134633],[-46.7638808,-20.3135896],[-46.7640885,-20.3135611],[-46.7641038,-20.313357],[-46.7641255,-20.3130494],[-46.7641455,-20.3128054],[-46.7642803,-20.3125446],[-46.7643146,-20.3124092],[-46.7644634,-20.3121689],[-46.7646381,-20.3120046],[-46.7647955,-20.3118094],[-46.764991,-20.3116282],[-46.7651941,-20.3114397],[-46.7653904,-20.3112515],[-46.7655847,-20.3110343],[-46.7657725,-20.3108316],[-46.7659828,-20.3106144],[-46.7662449,-20.3105057],[-46.7663784,-20.3104504],[-46.7666721,-20.3102444],[-46.7667059,-20.3100406],[-46.7666052,-20.3098696],[-46.7664284,-20.3096921],[-46.7661756,-20.3095226],[-46.7659628,-20.3095247],[-46.7657278,-20.3095773],[-46.7654552,-20.3096661],[-46.7651378,-20.309827],[-46.7649184,-20.3099153],[-46.7646764,-20.3100181],[-46.7645539,-20.3099405],[-46.7645061,-20.3097474],[-46.7645561,-20.3094672],[-46.7646672,-20.309208],[-46.7648486,-20.3088501],[-46.7649364,-20.3086098],[-46.7649364,-20.3083103],[-46.7649727,-20.3080003],[-46.7649016,-20.3077573],[-46.764854,-20.3075857],[-46.7647753,-20.3073427],[-46.7645625,-20.3070991],[-46.7644672,-20.3068474],[-46.7643947,-20.306609],[-46.7643947,-20.3063343],[-46.7643353,-20.306078],[-46.7643166,-20.3057699],[-46.7644103,-20.3053172],[-46.764482,-20.3049365],[-46.7646312,-20.3045147],[-46.7646579,-20.304322],[-46.7647189,-20.3039406],[-46.7646721,-20.303601],[-46.764735,-20.3031199],[-46.7648755,-20.3027744],[-46.764995,-20.3025939],[-46.7651449,-20.302406],[-46.7655301,-20.3021942],[-46.7658102,-20.3020981],[-46.766165,-20.3018866],[-46.7664974,-20.3017112],[-46.7667836,-20.3014788],[-46.7670383,-20.3013065],[-46.7671506,-20.3010091],[-46.7673378,-20.3007562],[-46.7675257,-20.3005751],[-46.7678317,-20.3004501],[-46.7682209,-20.3002193],[-46.768404,-20.3001277],[-46.7685756,-20.3000495],[-46.768677,-20.2999281],[-46.7687463,-20.299645],[-46.7688118,-20.2993862],[-46.7689072,-20.2990913],[-46.7690648,-20.2989176],[-46.7693195,-20.2988593],[-46.7695172,-20.2985975],[-46.7696129,-20.2983241],[-46.7696703,-20.2980224],[-46.7697125,-20.297728],[-46.7698089,-20.2975119],[-46.7699817,-20.2973381],[-46.7702695,-20.2972563],[-46.7706127,-20.2972648],[-46.7709072,-20.2971925],[-46.7711955,-20.2971537],[-46.7714301,-20.2970653],[-46.7717255,-20.2969763],[-46.7719439,-20.296802],[-46.772177,-20.2965845],[-46.7723033,-20.2963323],[-46.7724516,-20.2960082],[-46.7726698,-20.2958124],[-46.7729502,-20.295745],[-46.7732315,-20.2957565],[-46.7736263,-20.2957166],[-46.7740429,-20.2955977],[-46.7743146,-20.2954372],[-46.7745781,-20.2952194],[-46.7746209,-20.294968],[-46.7745722,-20.2946961],[-46.774477,-20.2944381],[-46.7744754,-20.2942095],[-46.7745334,-20.2939651],[-46.7747965,-20.2937043],[-46.7749463,-20.2935164],[-46.7752097,-20.2932914],[-46.7753356,-20.2930034],[-46.7754314,-20.2927371],[-46.7756111,-20.2925058],[-46.7758362,-20.2922454],[-46.7763191,-20.2919946],[-46.7766857,-20.2918746],[-46.7769528,-20.2918173],[-46.7771358,-20.291783],[-46.7773914,-20.2916686],[-46.7776134,-20.2914889],[-46.777869,-20.2912497],[-46.7780469,-20.2910734],[-46.7782951,-20.2908486],[-46.7784982,-20.2906673],[-46.7786632,-20.290472],[-46.7787824,-20.2902701],[-46.7789615,-20.2899743],[-46.77911,-20.2896716],[-46.7792509,-20.289369],[-46.779354,-20.2890812],[-46.7794577,-20.2888435],[-46.7796071,-20.2886197],[-46.7798629,-20.2883949],[-46.780135,-20.288263],[-46.7803848,-20.2881816],[-46.780718,-20.2880779],[-46.7809983,-20.2880033],[-46.7813465,-20.2878779],[-46.7816807,-20.2878673],[-46.7821282,-20.2877911],[-46.7823091,-20.2876602],[-46.7823672,-20.2874301],[-46.7824553,-20.2871568],[-46.7825593,-20.2869478],[-46.7827769,-20.286709],[-46.783131,-20.2865397],[-46.7833282,-20.2864022],[-46.7834645,-20.2861053],[-46.7836094,-20.285895],[-46.7838818,-20.2856437],[-46.7841242,-20.2855767],[-46.7844424,-20.2854874],[-46.7847446,-20.285341],[-46.7850232,-20.2851158],[-46.7852558,-20.2848554],[-46.7854966,-20.284645],[-46.7857911,-20.2844842],[-46.7860852,-20.2844206],[-46.7862683,-20.284329],[-46.7864628,-20.2842356],[-46.7866146,-20.2840671],[-46.7868787,-20.2839067],[-46.7872639,-20.2838255],[-46.7874585,-20.2837931],[-46.7876301,-20.283795],[-46.7880715,-20.2838874],[-46.7884373,-20.2839768],[-46.7888265,-20.2841163],[-46.7892387,-20.2842841],[-46.7896726,-20.2843514],[-46.7900154,-20.2844196],[-46.7904874,-20.2845827],[-46.7908612,-20.2846075],[-46.7911893,-20.2846075],[-46.7914105,-20.2844473],[-46.7916297,-20.2840517],[-46.7918618,-20.2837482],[-46.7921861,-20.2835298],[-46.7925435,-20.2834745],[-46.7928381,-20.2834012],[-46.7931192,-20.2833984],[-46.7934692,-20.2834378],[-46.7938566,-20.2834267],[-46.7943276,-20.2834075],[-46.7947713,-20.2832971],[-46.7952076,-20.2832838],[-46.7955342,-20.2832732],[-46.7958682,-20.2832411],[-46.7960891,-20.2832819],[-46.7963857,-20.2833075],[-46.7966302,-20.2834269],[-46.7968751,-20.283575],[-46.7971429,-20.28373],[-46.7974576,-20.2840064],[-46.797696,-20.2842549],[-46.7979187,-20.2844533],[-46.7980206,-20.2847247],[-46.7980249,-20.2850975],[-46.7979032,-20.2853609],[-46.7977926,-20.2856603],[-46.7977544,-20.2857958],[-46.7976399,-20.2859762],[-46.797657,-20.286141],[-46.7978613,-20.2863146],[-46.7980215,-20.2863718],[-46.7983839,-20.2864176],[-46.7990431,-20.2864063],[-46.7993013,-20.2863894],[-46.7996272,-20.2863143],[-46.800014,-20.286253],[-46.8003248,-20.2861852],[-46.8006056,-20.2861537],[-46.8008411,-20.2861513],[-46.8011078,-20.286213],[-46.801348,-20.2863864],[-46.8014466,-20.2865967],[-46.801518,-20.2868613],[-46.8015446,-20.2871837],[-46.8017256,-20.2875448],[-46.8018462,-20.2876394],[-46.801963,-20.287882],[-46.8020722,-20.2881247],[-46.8021971,-20.2884173],[-46.8022379,-20.2886535],[-46.8021888,-20.2890125],[-46.8020149,-20.2893025],[-46.8018459,-20.2895825],[-46.8016575,-20.2897207],[-46.8013949,-20.2900173],[-46.8010778,-20.2901927],[-46.8007297,-20.2903181],[-46.8002976,-20.2904086],[-46.7999941,-20.2904548],[-46.7997364,-20.2905076],[-46.7994489,-20.2906181],[-46.799222,-20.2907136],[-46.7991179,-20.2909083],[-46.799204,-20.2911297],[-46.7994409,-20.291242],[-46.7997004,-20.2913397],[-46.7999231,-20.2915382],[-46.8001316,-20.29183],[-46.8002417,-20.2920977],[-46.8003523,-20.2922598],[-46.8004858,-20.2925612],[-46.8005521,-20.2927361],[-46.800752,-20.2929063],[-46.8008596,-20.2930761],[-46.8009932,-20.2931238],[-46.8011267,-20.2931238],[-46.8012774,-20.2929941],[-46.8014356,-20.2928777],[-46.8016322,-20.2927968],[-46.8018525,-20.2927874],[-46.8021261,-20.292977],[-46.802374,-20.2931979],[-46.802543,-20.2933539],[-46.8027801,-20.2934877],[-46.8030455,-20.2936007],[-46.8032917,-20.2936975],[-46.8035273,-20.2936951],[-46.8037001,-20.2935284],[-46.8037364,-20.2933774],[-46.8037408,-20.2931049],[-46.803776,-20.2928608],[-46.803819,-20.2926381],[-46.8039533,-20.2924216],[-46.8041037,-20.2922838],[-46.8045447,-20.2922846],[-46.8047876,-20.2922839],[-46.8050153,-20.2922529],[-46.8052275,-20.2921816],[-46.8052083,-20.2918637],[-46.8051838,-20.2917134],[-46.8050742,-20.2914349],[-46.8049261,-20.2911917],[-46.8049376,-20.2909303],[-46.8049643,-20.290587],[-46.8050978,-20.2903314],[-46.8051484,-20.2899715],[-46.8053355,-20.2897258],[-46.8054853,-20.2895306],[-46.805666,-20.2893854],[-46.8058164,-20.2892476],[-46.8060044,-20.2890808],[-46.8062694,-20.2889992],[-46.8065034,-20.2888605],[-46.8067072,-20.2887437],[-46.8069106,-20.288591],[-46.8071463,-20.2883497],[-46.8072177,-20.2882007],[-46.8071705,-20.2880649],[-46.8069567,-20.2879811],[-46.8066828,-20.2879481],[-46.8063329,-20.287923],[-46.8059605,-20.2879125],[-46.8057015,-20.287865],[-46.8053209,-20.2878044],[-46.8050462,-20.2877068],[-46.8048474,-20.2876013],[-46.8046484,-20.2874815],[-46.8044636,-20.2872683],[-46.8042847,-20.2869117],[-46.8043036,-20.2865745],[-46.8043467,-20.2863589],[-46.8044733,-20.2861354],[-46.8046158,-20.2859762],[-46.804759,-20.2858743],[-46.8050082,-20.2857355],[-46.8052659,-20.2856827],[-46.8055316,-20.2856584],[-46.8057371,-20.285685],[-46.8060643,-20.2857246],[-46.8063528,-20.2857748],[-46.8066427,-20.2857404],[-46.806864,-20.2856985],[-46.807215,-20.2855821],[-46.8075195,-20.2853941],[-46.8077261,-20.2852731],[-46.8078365,-20.2852116],[-46.8078808,-20.2850964],[-46.8078336,-20.2849607],[-46.8076717,-20.2847616],[-46.8075091,-20.284498],[-46.8075371,-20.2842969],[-46.8075807,-20.2841244],[-46.8077224,-20.2838863],[-46.807886,-20.2835835],[-46.8079738,-20.2832886],[-46.8079861,-20.2830376],[-46.8079903,-20.2827507],[-46.8080558,-20.2824991],[-46.8081826,-20.282297],[-46.8084156,-20.2820724],[-46.8086269,-20.2819483],[-46.8088985,-20.2817806],[-46.8091859,-20.2816557],[-46.8094653,-20.2815094],[-46.8097077,-20.2814424],[-46.8099269,-20.2813398],[-46.8103213,-20.2812783],[-46.8106695,-20.2811672],[-46.8109499,-20.2810997],[-46.8113506,-20.2809235],[-46.8116451,-20.2807627],[-46.8118247,-20.2805243],[-46.8118903,-20.280287],[-46.8119757,-20.2799535],[-46.8119901,-20.2797195],[-46.8118963,-20.2794911],[-46.8116972,-20.2791257],[-46.8115866,-20.2788377],[-46.8113909,-20.2785068],[-46.8113023,-20.2780704],[-46.8114061,-20.2778542],[-46.8116286,-20.2777352],[-46.8118117,-20.2776704],[-46.8122084,-20.2775806],[-46.8126105,-20.2775263],[-46.812918,-20.2774072],[-46.8131378,-20.2771337],[-46.8134017,-20.2769517],[-46.8135976,-20.2768134],[-46.8138998,-20.2766597],[-46.8141728,-20.2766139],[-46.8145597,-20.2765597],[-46.8149151,-20.2764126],[-46.8151648,-20.276324],[-46.8154828,-20.2762275],[-46.8158078,-20.2760807],[-46.8165053,-20.2759444],[-46.8168838,-20.2758186],[-46.8173132,-20.2755058],[-46.8177584,-20.2752359],[-46.8180138,-20.2749823],[-46.8183973,-20.2746414],[-46.8187358,-20.2743439],[-46.8191512,-20.2738995],[-46.8193186,-20.273499],[-46.8194744,-20.2731747],[-46.8196909,-20.2728426],[-46.8198483,-20.2726617],[-46.8201344,-20.2724293],[-46.8205198,-20.2722533],[-46.8208221,-20.2721139],[-46.8211544,-20.2719384],[-46.8214175,-20.271699],[-46.8216576,-20.2714312],[-46.8217716,-20.271189],[-46.8220145,-20.2708583],[-46.8222019,-20.2705705],[-46.8223004,-20.2703577],[-46.8226568,-20.2701317],[-46.8230028,-20.2699799],[-46.823661,-20.2696554],[-46.8241752,-20.2694],[-46.8244041,-20.2692169],[-46.8247393,-20.2688078],[-46.8251281,-20.2684756],[-46.8254955,-20.2682282],[-46.8257294,-20.2680882],[-46.8259187,-20.2679591],[-46.8263197,-20.2679125],[-46.8266254,-20.2679518],[-46.8270718,-20.2679046],[-46.8274434,-20.2678434],[-46.8277841,-20.2677395],[-46.8280806,-20.2676719],[-46.8284943,-20.2675511],[-46.8289985,-20.267493],[-46.8294929,-20.2674374],[-46.8297867,-20.2673134],[-46.8300041,-20.2672066],[-46.8302978,-20.2670597],[-46.8305153,-20.2668766],[-46.830748,-20.2667831],[-46.8310077,-20.2666144],[-46.8312315,-20.2665697],[-46.8315345,-20.2665771],[-46.8317609,-20.2667442],[-46.8318879,-20.2670499],[-46.8318047,-20.2675137],[-46.8317055,-20.2677082],[-46.831572,-20.2678894],[-46.8314499,-20.2681393],[-46.831633,-20.2682785],[-46.8318848,-20.2682938],[-46.8320564,-20.2682919],[-46.8324112,-20.2683147],[-46.8326172,-20.2685245],[-46.8326019,-20.2689041],[-46.8325295,-20.2690281],[-46.8321195,-20.2695778],[-46.8320331,-20.2698645],[-46.8320584,-20.2701078],[-46.8322472,-20.2703861],[-46.8322115,-20.2707202],[-46.8322147,-20.2709954],[-46.8321839,-20.2712393],[-46.8319391,-20.2714112],[-46.831605,-20.2716264],[-46.8313834,-20.2718617],[-46.8313311,-20.2721798],[-46.8317055,-20.2723698],[-46.8321421,-20.2724572],[-46.8324793,-20.2725066],[-46.8331055,-20.2725663],[-46.8335671,-20.2724766],[-46.8338074,-20.2724099],[-46.8339791,-20.2723412],[-46.8340783,-20.2722591],[-46.8342461,-20.272076],[-46.8344673,-20.2718624],[-46.834639,-20.2716068],[-46.8348336,-20.2713341],[-46.8350293,-20.2708707],[-46.8352614,-20.2705718],[-46.8355388,-20.2703042],[-46.8357724,-20.2701324],[-46.8360624,-20.2699917],[-46.8363417,-20.2698935],[-46.8367002,-20.2698474],[-46.8371949,-20.2700047],[-46.837584,-20.2701572],[-46.837851,-20.2702812],[-46.838057,-20.270388],[-46.8383507,-20.2705616],[-46.8384957,-20.2706322],[-46.8387246,-20.2706646],[-46.8389628,-20.2704801],[-46.8391274,-20.2701713],[-46.8393371,-20.2698727],[-46.839624,-20.2694674],[-46.839833,-20.2691158],[-46.8400423,-20.2687854],[-46.8402625,-20.2684337],[-46.8405171,-20.2681346],[-46.84085,-20.2678241],[-46.8411601,-20.267482],[-46.8413925,-20.2672149],[-46.8416908,-20.2668201],[-46.8420205,-20.2665027],[-46.8423257,-20.2661823],[-46.8424325,-20.2660564],[-46.8427148,-20.2658714],[-46.8428712,-20.2657798],[-46.8430924,-20.2656196],[-46.8432641,-20.2655319],[-46.8435159,-20.26553],[-46.8436875,-20.2655414],[-46.843905,-20.2655796],[-46.8442597,-20.2656482],[-46.8444772,-20.2657493],[-46.8447709,-20.2659134],[-46.8449006,-20.2661556],[-46.8449731,-20.2663272],[-46.8450112,-20.2665123],[-46.8450112,-20.2667869],[-46.8449731,-20.2670635],[-46.8449731,-20.2672218],[-46.8450799,-20.2675308],[-46.8451791,-20.2677883],[-46.8454194,-20.2679943],[-46.8455529,-20.2679923],[-46.8457246,-20.2679351],[-46.8458581,-20.267836],[-46.8460412,-20.2677291],[-46.8462865,-20.2674175],[-46.846631,-20.2671386],[-46.846796,-20.2668616],[-46.8470064,-20.2666265],[-46.8471597,-20.2663073],[-46.847368,-20.2659028],[-46.8475652,-20.2654984],[-46.847752,-20.2651682],[-46.8479609,-20.264806],[-46.8482147,-20.264454],[-46.8485476,-20.2641435],[-46.8488034,-20.2639502],[-46.8491374,-20.2637349],[-46.8493811,-20.2634677],[-46.8496805,-20.2631787],[-46.8499906,-20.2628366],[-46.8502461,-20.2626222],[-46.8505031,-20.2625348],[-46.8507379,-20.2624688],[-46.850905,-20.2626784],[-46.850856,-20.2629651],[-46.8505687,-20.2633387],[-46.8503035,-20.2636803],[-46.850049,-20.2639794],[-46.849806,-20.2642996],[-46.8496285,-20.2644708],[-46.8494299,-20.2647482],[-46.8491617,-20.265303],[-46.8489586,-20.2656848],[-46.848659,-20.2659633],[-46.8484178,-20.2661289],[-46.8482347,-20.266415],[-46.8480276,-20.2666475],[-46.8477953,-20.2669252],[-46.8475512,-20.2671607],[-46.8472634,-20.2674919],[-46.8469192,-20.267792],[-46.8465069,-20.2680292],[-46.8460298,-20.2682575],[-46.8456865,-20.2684787],[-46.8452683,-20.2686034],[-46.8448005,-20.2688836],[-46.8444675,-20.2691941],[-46.8442023,-20.2695357],[-46.8441044,-20.2697908],[-46.8439178,-20.2701421],[-46.8439328,-20.2704596],[-46.8440816,-20.2707121],[-46.8444047,-20.2708267],[-46.8446543,-20.270759],[-46.8450127,-20.2707023],[-46.8453039,-20.2706569],[-46.8455958,-20.270675],[-46.8463711,-20.2707727],[-46.84682,-20.2707891],[-46.8473797,-20.2706774],[-46.8478611,-20.2705876],[-46.8483797,-20.2704242],[-46.8486734,-20.2702392],[-46.8489175,-20.270079],[-46.8490892,-20.2699779],[-46.8493066,-20.2697586],[-46.8497568,-20.2693847],[-46.850123,-20.2691997],[-46.85039,-20.269133],[-46.8507066,-20.2691215],[-46.8510843,-20.2690986],[-46.8514009,-20.2690643],[-46.851729,-20.2690071],[-46.8520341,-20.2688945],[-46.8523126,-20.2688373],[-46.8525072,-20.2688945],[-46.8525072,-20.2689975],[-46.8524576,-20.269215],[-46.8523851,-20.2694915],[-46.8523241,-20.2697223],[-46.8521383,-20.2698649],[-46.8519955,-20.2701205],[-46.8518857,-20.2703228],[-46.8517977,-20.2706264],[-46.8515665,-20.2710798],[-46.8512481,-20.2714306],[-46.8510283,-20.271814],[-46.850797,-20.2721764],[-46.8506666,-20.2725377],[-46.8505258,-20.2729627],[-46.8505731,-20.2733577],[-46.8505121,-20.2736572],[-46.8504511,-20.2739929],[-46.8504396,-20.2745155],[-46.8504129,-20.2749313],[-46.8502909,-20.2752174],[-46.8501459,-20.2754005],[-46.8499857,-20.275515],[-46.8497682,-20.2757477],[-46.8496805,-20.2758926],[-46.8494249,-20.2762741],[-46.8493639,-20.2763981],[-46.8493257,-20.2766651],[-46.8493639,-20.2768578],[-46.8494593,-20.2770199],[-46.8495928,-20.2770084],[-46.8498598,-20.2769169],[-46.8501535,-20.2767681],[-46.8505045,-20.2767338],[-46.8508707,-20.2767376],[-46.8511377,-20.2767357],[-46.8514162,-20.2767376],[-46.8516603,-20.2766937],[-46.8518053,-20.2765888],[-46.8521486,-20.27644],[-46.8525628,-20.2763184],[-46.8529793,-20.2764411],[-46.853297,-20.2767341],[-46.8535468,-20.2769856],[-46.8537961,-20.2771947],[-46.8541107,-20.2772337],[-46.8544069,-20.2769398],[-46.8544397,-20.276595],[-46.8544916,-20.2762345],[-46.8547474,-20.2760518],[-46.8551042,-20.2758575],[-46.8555074,-20.2758003],[-46.8559443,-20.2758182],[-46.8562342,-20.2759098],[-46.8565508,-20.2760147],[-46.8568903,-20.2762588],[-46.857207,-20.2765907],[-46.8574854,-20.2768215],[-46.8578021,-20.2771438],[-46.8582183,-20.2773278],[-46.8586478,-20.2775879],[-46.8589865,-20.2777643],[-46.8593701,-20.2779402],[-46.8598208,-20.2781048],[-46.8602263,-20.2782381],[-46.8606649,-20.2783182],[-46.8610924,-20.2784195],[-46.8615763,-20.2785414],[-46.8620145,-20.2785897],[-46.8624871,-20.2787011],[-46.8629822,-20.2788229],[-46.8634892,-20.2789975],[-46.8640748,-20.2791818],[-46.8648406,-20.2794171],[-46.8654266,-20.2796332],[-46.8658206,-20.2799171],[-46.866061,-20.2800239],[-46.8663661,-20.2801956],[-46.8717473,-20.2803189],[-46.8715961,-20.2804741],[-46.8714748,-20.2806551],[-46.8714007,-20.2808136],[-46.8713416,-20.2809576],[-46.8712367,-20.2810806],[-46.8711019,-20.281247],[-46.8709518,-20.2813992],[-46.8707557,-20.2815231],[-46.8704839,-20.2816694],[-46.8702036,-20.281737],[-46.8699157,-20.2818117],[-46.8696214,-20.2819798],[-46.8693039,-20.2821194],[-46.8689872,-20.2823164],[-46.8687464,-20.2825197],[-46.8685508,-20.2826795],[-46.8684083,-20.2828388],[-46.8682129,-20.2830201],[-46.8680252,-20.2832085],[-46.8677225,-20.2833121],[-46.8674424,-20.2834011],[-46.8672085,-20.2835398],[-46.8668687,-20.2837155],[-46.8665975,-20.283912],[-46.866371,-20.2840363],[-46.8661147,-20.284204],[-46.8658113,-20.2842502],[-46.8654163,-20.2842616],[-46.8651129,-20.2843078],[-46.8649327,-20.284489],[-46.8649288,-20.2847973],[-46.8649566,-20.2850703],[-46.8648937,-20.2852482],[-46.8647716,-20.2854656],[-46.8645427,-20.2856716],[-46.864455,-20.2859348],[-46.8644664,-20.2861275],[-46.8649182,-20.2864537],[-46.865132,-20.2865374],[-46.8654062,-20.2865919],[-46.8656952,-20.2866103],[-46.8659234,-20.2866365],[-46.866055,-20.2868359],[-46.8662169,-20.2870277],[-46.8663998,-20.287076],[-46.8665738,-20.2870096],[-46.8667083,-20.2868146],[-46.8668278,-20.2866412],[-46.8670306,-20.2864455],[-46.8672331,-20.2862211],[-46.8674734,-20.2859819],[-46.8676684,-20.2857719],[-46.8679079,-20.2854682],[-46.868172,-20.2853077],[-46.8684351,-20.2850754],[-46.8687663,-20.2848066],[-46.8690301,-20.2846317],[-46.8694145,-20.2843695],[-46.8698524,-20.2841354],[-46.8702302,-20.2839521],[-46.8706272,-20.2837318],[-46.8711727,-20.2834095],[-46.8716495,-20.2831978],[-46.8719547,-20.2830356],[-46.8723171,-20.2828964],[-46.8726719,-20.282761],[-46.8732522,-20.2825002],[-46.8737659,-20.2822509],[-46.8740683,-20.2821258],[-46.8744251,-20.2820933],[-46.8746915,-20.2821335],[-46.8748681,-20.2822822],[-46.8749259,-20.2826687],[-46.8749076,-20.2830417],[-46.8748794,-20.2832213],[-46.8748132,-20.2834084],[-46.8747033,-20.2837466],[-46.8745551,-20.2840564],[-46.8744441,-20.2843086],[-46.8742646,-20.2845471],[-46.8741384,-20.2847922],[-46.8739594,-20.2850737],[-46.8737947,-20.2852763],[-46.8735477,-20.2855944],[-46.8732942,-20.2859986],[-46.8730479,-20.2863669],[-46.8727857,-20.286678],[-46.8725458,-20.286953],[-46.8723218,-20.287278],[-46.872097,-20.2875457],[-46.8719177,-20.2877986],[-46.8716555,-20.2881097],[-46.8714772,-20.2884557],[-46.8712761,-20.2887949],[-46.8711972,-20.2891829],[-46.8711264,-20.2896138],[-46.8711117,-20.290049],[-46.8710468,-20.2904305],[-46.8709972,-20.2906689],[-46.8709061,-20.2908656],[-46.8706876,-20.2910453],[-46.8704624,-20.2912771],[-46.8702675,-20.2914943],[-46.87008,-20.2917042],[-46.8698999,-20.2918925],[-46.8697503,-20.2920877],[-46.8695938,-20.2923475],[-46.8694594,-20.2925497],[-46.8693487,-20.2928162],[-46.8692067,-20.2930184],[-46.8690957,-20.2932705],[-46.8689916,-20.2934581],[-46.8688188,-20.2936248],[-46.8686436,-20.2937798],[-46.868335,-20.2938379],[-46.8679866,-20.2939348],[-46.8676461,-20.2940532],[-46.8672152,-20.2942442],[-46.8668836,-20.2944772],[-46.8665299,-20.2947606],[-46.8662818,-20.2949855],[-46.8660946,-20.2952169],[-46.8658169,-20.2955066],[-46.8656753,-20.2957376],[-46.8655631,-20.2958893],[-46.8654223,-20.296192],[-46.8652664,-20.2965019],[-46.8650407,-20.2966908],[-46.8647534,-20.2968085],[-46.864519,-20.2969114],[-46.8640425,-20.2971029],[-46.8636871,-20.2972501],[-46.8634375,-20.2973459],[-46.8631809,-20.2974921],[-46.8628332,-20.2976463],[-46.8626071,-20.2978065],[-46.8623731,-20.297938],[-46.8621472,-20.2981125],[-46.8618911,-20.2983016],[-46.8616203,-20.2985411],[-46.8614176,-20.298744],[-46.8611692,-20.2989474],[-46.860989,-20.2991286],[-46.8606648,-20.2993471],[-46.8603997,-20.2994145],[-46.860134,-20.2994388],[-46.859801,-20.2994294],[-46.8595011,-20.2992591],[-46.8592863,-20.2990893],[-46.8590504,-20.2990703],[-46.8588254,-20.2993165],[-46.8586845,-20.2996048],[-46.8586043,-20.2998924],[-46.8583645,-20.3001746],[-46.8582089,-20.3005132],[-46.8581594,-20.300822],[-46.8583605,-20.3011139],[-46.8585914,-20.3013623],[-46.8587616,-20.3016115],[-46.8589622,-20.3018675],[-46.8591399,-20.3021093],[-46.859082,-20.3023466],[-46.8589088,-20.3024846],[-46.8586286,-20.3025665],[-46.8582116,-20.3026498],[-46.8578024,-20.3027473],[-46.8573857,-20.3028521],[-46.8570606,-20.302999],[-46.8567513,-20.3031887],[-46.8563821,-20.3034579],[-46.8560428,-20.3036766],[-46.8556483,-20.3037381],[-46.8553293,-20.3037558],[-46.8550413,-20.3038162],[-46.8547627,-20.3040414],[-46.8545757,-20.3042872],[-46.8544654,-20.3045967],[-46.8543764,-20.304784],[-46.8542493,-20.3049574],[-46.8540233,-20.3051247],[-46.8537737,-20.3052278],[-46.8534791,-20.3053743],[-46.8532833,-20.3055269],[-46.8530656,-20.3057515],[-46.852988,-20.3060174],[-46.8529002,-20.306273],[-46.8528544,-20.3064447],[-46.8526942,-20.3066488],[-46.8525721,-20.3067861],[-46.852473,-20.3068776],[-46.8522174,-20.3069787],[-46.8520228,-20.3070722],[-46.8517444,-20.3071428],[-46.8514163,-20.3073125],[-46.8513057,-20.3075166],[-46.8511607,-20.307818],[-46.8510555,-20.3079954],[-46.8509663,-20.3081684],[-46.8506888,-20.3084725],[-46.8503034,-20.308663],[-46.8499089,-20.3087173],[-46.8495441,-20.3087212],[-46.8493533,-20.3086515],[-46.8491618,-20.3085466],[-46.8491389,-20.3082815],[-46.849177,-20.3080545],[-46.8492381,-20.3077779],[-46.8493373,-20.3074804],[-46.8495318,-20.307179],[-46.8497492,-20.3068834],[-46.8499438,-20.306561],[-46.8501422,-20.3062654],[-46.8503481,-20.3059107],[-46.8505165,-20.3054917],[-46.8506866,-20.3050956],[-46.8507215,-20.3048371],[-46.850688,-20.3045721],[-46.8506342,-20.3043142],[-46.850413,-20.304154],[-46.8501259,-20.3039543],[-46.8498282,-20.3038427],[-46.8496593,-20.3037011],[-46.849322,-20.3033433],[-46.8491804,-20.3030537],[-46.8491838,-20.3027024],[-46.849234,-20.3024438],[-46.8493372,-20.3021055],[-46.8493479,-20.3017973],[-46.8493062,-20.3014894],[-46.8492187,-20.3011605],[-46.8490563,-20.3009185],[-46.8487745,-20.3008713],[-46.8484645,-20.3010036],[-46.848148,-20.3012292],[-46.8479141,-20.3013751],[-46.8476877,-20.3015065],[-46.8474844,-20.3016664],[-46.8471442,-20.3018134],[-46.8468115,-20.3019531],[-46.8465542,-20.302049],[-46.8462473,-20.3021341],[-46.8460757,-20.302176],[-46.8456824,-20.3022303],[-46.845348,-20.3022338],[-46.8451049,-20.3022364],[-46.8449291,-20.3021522],[-46.8446809,-20.3019464],[-46.8445434,-20.3016687],[-46.844608,-20.3013454],[-46.8448183,-20.3011424],[-46.8450821,-20.3009532],[-46.8453074,-20.3007286],[-46.8455175,-20.300497],[-46.8456664,-20.3002373],[-46.8457764,-20.2999063],[-46.8456374,-20.2997142],[-46.8453642,-20.2997457],[-46.8450016,-20.2999288],[-46.8447452,-20.3001036],[-46.8445341,-20.300242],[-46.8442858,-20.3004526],[-46.8440899,-20.300598],[-46.8438312,-20.3005721],[-46.8436113,-20.3004804],[-46.8433939,-20.3002839],[-46.8432034,-20.3001772],[-46.8429894,-20.3000791],[-46.8428,-20.3001241],[-46.842712,-20.3003975],[-46.8426843,-20.30062],[-46.842687,-20.3008494],[-46.8426289,-20.3010795],[-46.8425333,-20.3013529],[-46.8423686,-20.3015626],[-46.8420042,-20.3015951],[-46.8417245,-20.3017199],[-46.8412545,-20.3018181],[-46.8409295,-20.3019649],[-46.8408724,-20.3021627],[-46.8409574,-20.302402],[-46.841058,-20.3025515],[-46.8410832,-20.3027591],[-46.8409181,-20.3028627],[-46.8406518,-20.3029071],[-46.8404774,-20.3029376],[-46.8402127,-20.3030479],[-46.8399412,-20.3032229],[-46.8397384,-20.3034257],[-46.8394971,-20.303586],[-46.8392882,-20.303918],[-46.8390495,-20.3043005],[-46.8387338,-20.3045978],[-46.8384089,-20.3047518],[-46.8380291,-20.3047701],[-46.8376409,-20.3047168],[-46.8372679,-20.3046706],[-46.8369949,-20.3047165],[-46.8369065,-20.304954],[-46.8368876,-20.305284],[-46.8369371,-20.3056205],[-46.8370172,-20.3059638],[-46.8370435,-20.3062646],[-46.8370094,-20.3065948],[-46.836921,-20.3068323],[-46.8368822,-20.3070017],[-46.8366668,-20.3071863],[-46.8363111,-20.3073119],[-46.8359437,-20.3073183],[-46.8355309,-20.3075352],[-46.8353808,-20.3076945],[-46.8351238,-20.3078119],[-46.8347902,-20.3078431],[-46.8343988,-20.3077856],[-46.8341203,-20.3076483],[-46.8337833,-20.3075607],[-46.8335248,-20.3075563],[-46.8333207,-20.3076516],[-46.8328992,-20.3080002],[-46.832626,-20.3080317],[-46.8323541,-20.3079515],[-46.8320642,-20.3079649],[-46.8318582,-20.3080107],[-46.83182,-20.3082148],[-46.8318086,-20.3083635],[-46.8317704,-20.3085142],[-46.8317434,-20.3087767],[-46.831514,-20.3091188],[-46.8313656,-20.3094215],[-46.8313924,-20.3097654],[-46.8314105,-20.3100162],[-46.8314599,-20.3103383],[-46.8314027,-20.31064],[-46.8313915,-20.3109843],[-46.83116,-20.3113309],[-46.8309798,-20.3115192],[-46.8307235,-20.3116939],[-46.8304809,-20.3117466],[-46.8302221,-20.3117135],[-46.8300075,-20.311558],[-46.829777,-20.3112425],[-46.8297067,-20.3109099],[-46.8295999,-20.3105551],[-46.8294435,-20.3101736],[-46.8293825,-20.3100611],[-46.8291598,-20.3099178],[-46.8289244,-20.309962],[-46.8286217,-20.3100525],[-46.8283372,-20.3102881],[-46.8280645,-20.3104885],[-46.8276772,-20.3107191],[-46.8273606,-20.3107993],[-46.8270677,-20.3107075],[-46.8268284,-20.3104672],[-46.8266459,-20.3102185],[-46.8265457,-20.3099523],[-46.8263001,-20.3097469],[-46.8260032,-20.3096999],[-46.8258757,-20.3098517],[-46.8258195,-20.3100973],[-46.8258195,-20.3103968],[-46.8258423,-20.3106123],[-46.8258423,-20.3108069],[-46.8258385,-20.3111178],[-46.8258385,-20.3113943],[-46.8256756,-20.3115818],[-46.8254213,-20.3119286],[-46.8251878,-20.3121103],[-46.824909,-20.3123139],[-46.8247062,-20.3125168],[-46.8244656,-20.3127416],[-46.8241708,-20.3128809],[-46.8238673,-20.3129199],[-46.8235173,-20.3128877],[-46.8232957,-20.3127896],[-46.8230662,-20.312663],[-46.8228593,-20.3125145],[-46.8226593,-20.3123159],[-46.8224298,-20.312182],[-46.822234,-20.3123346],[-46.8220703,-20.3126375],[-46.8220211,-20.3129822],[-46.8219987,-20.3133766],[-46.82165,-20.3137271],[-46.8214058,-20.3137251],[-46.8212911,-20.3135992],[-46.8211457,-20.3135147],[-46.8209997,-20.31338],[-46.820838,-20.3131952],[-46.820624,-20.3130971],[-46.8204431,-20.3132209],[-46.8203718,-20.3136303],[-46.8202762,-20.3139037],[-46.8201729,-20.3141629],[-46.8200915,-20.3143502],[-46.8199066,-20.3144232],[-46.8197731,-20.314469],[-46.819529,-20.3146083],[-46.8194222,-20.3149153],[-46.8195144,-20.3150517],[-46.8195859,-20.3153162],[-46.8195882,-20.3155098],[-46.8193632,-20.3157702],[-46.8190838,-20.3159237],[-46.8188038,-20.316027],[-46.8184777,-20.3160877],[-46.818259,-20.3162334],[-46.8179876,-20.3164226],[-46.8176858,-20.3166122],[-46.8172933,-20.3168457],[-46.8168697,-20.3170222],[-46.8165832,-20.3172188],[-46.8162195,-20.3173157],[-46.8157643,-20.317385],[-46.8154148,-20.3173958],[-46.8150802,-20.3173849],[-46.8147843,-20.317431],[-46.8145192,-20.3175055],[-46.8142327,-20.3177092],[-46.8140612,-20.3179906],[-46.8139121,-20.3182431],[-46.8137789,-20.3185456],[-46.8136228,-20.3188484],[-46.8134372,-20.3192303],[-46.8132206,-20.3195552],[-46.8129878,-20.3198014],[-46.812747,-20.3200046],[-46.8124449,-20.3201727],[-46.8121961,-20.3203473],[-46.8120169,-20.3206216],[-46.8120723,-20.3208075],[-46.8121648,-20.3209212],[-46.8124239,-20.3209759],[-46.812895,-20.3209639],[-46.8132365,-20.3209173],[-46.813456,-20.3208433],[-46.8137515,-20.3207614],[-46.8141011,-20.3206235],[-46.8144543,-20.3204171],[-46.8147722,-20.3202991],[-46.8150675,-20.3202028],[-46.8153824,-20.3201072],[-46.8155998,-20.3200175],[-46.8158173,-20.3199355],[-46.8160004,-20.3198916],[-46.816317,-20.3198802],[-46.8165497,-20.3198916],[-46.8169119,-20.3199829],[-46.8171334,-20.3200738],[-46.8172287,-20.320214],[-46.817366,-20.3204729],[-46.8174135,-20.3206302],[-46.8174852,-20.3209162],[-46.8177096,-20.3212509],[-46.8180469,-20.3214983],[-46.8183912,-20.3216955],[-46.8191541,-20.3219385],[-46.8194604,-20.3221289],[-46.8198189,-20.3222399],[-46.8201935,-20.3224224],[-46.8205375,-20.3225909],[-46.8208969,-20.3227807],[-46.8211728,-20.3229714],[-46.8213563,-20.3232371],[-46.8215897,-20.3235192],[-46.8216911,-20.3237475],[-46.8217165,-20.3239624],[-46.8216828,-20.3243356],[-46.8217401,-20.3246863],[-46.8217665,-20.3249943],[-46.8218233,-20.3252949],[-46.8219402,-20.3255446],[-46.8220939,-20.3256864],[-46.8224931,-20.3258006],[-46.8229154,-20.3257352],[-46.8233438,-20.3256519],[-46.8236604,-20.3255164],[-46.8239822,-20.3253154],[-46.8242696,-20.3251976],[-46.8245644,-20.3250583],[-46.8249729,-20.3248892],[-46.8253579,-20.3246701],[-46.8256522,-20.3244877],[-46.8261511,-20.3242531],[-46.8267104,-20.323982],[-46.8271187,-20.3237985],[-46.8275276,-20.3236651],[-46.8280499,-20.3234804],[-46.8285269,-20.3233249],[-46.8289747,-20.32327],[-46.8296264,-20.3231054],[-46.8300588,-20.3230364],[-46.8305296,-20.3229956],[-46.8308646,-20.3230423],[-46.831132,-20.3231614],[-46.8312327,-20.323318],[-46.8313036,-20.3235324],[-46.8310876,-20.3239075],[-46.8308018,-20.3241686],[-46.8305761,-20.3243645],[-46.8303734,-20.3245746],[-46.8301626,-20.3247489],[-46.8298995,-20.3249954],[-46.8296515,-20.3252418],[-46.8292226,-20.3256048],[-46.8289445,-20.3258729],[-46.828749,-20.3260542],[-46.8283262,-20.3262953],[-46.8279411,-20.3265144],[-46.8276086,-20.3266828],[-46.827284,-20.3268726],[-46.8269442,-20.3270625],[-46.8267465,-20.3273055],[-46.8263459,-20.3276927],[-46.8261972,-20.3278529],[-46.8259301,-20.3280589],[-46.8256631,-20.3282916],[-46.8253036,-20.3284563],[-46.8249931,-20.3285599],[-46.8247283,-20.3286631],[-46.8245089,-20.3287514],[-46.8242595,-20.3288687],[-46.82398,-20.3290222],[-46.8237321,-20.3292686],[-46.8235214,-20.32945],[-46.8232804,-20.3296461],[-46.8230627,-20.3298778],[-46.8228149,-20.3301313],[-46.822589,-20.3303129],[-46.8223482,-20.3305234],[-46.8220389,-20.3307202],[-46.8217749,-20.3309022],[-46.821442,-20.3310347],[-46.8210318,-20.3310533],[-46.8207425,-20.3310133],[-46.820369,-20.330924],[-46.8200556,-20.3307767],[-46.8198026,-20.3305929],[-46.8196029,-20.3304158],[-46.8193415,-20.3301604],[-46.8191711,-20.3298897],[-46.8190754,-20.3295035],[-46.819026,-20.3291814],[-46.8190226,-20.3288874],[-46.8190446,-20.3285816],[-46.8190941,-20.3283641],[-46.8191056,-20.3282154],[-46.8191056,-20.3279769],[-46.8191056,-20.327769],[-46.8190941,-20.3274696],[-46.8190598,-20.3270099],[-46.8189645,-20.3268115],[-46.8189416,-20.3265151],[-46.8188015,-20.3262369],[-46.8186471,-20.3260306],[-46.8184087,-20.3257893],[-46.8180715,-20.3255562],[-46.8177734,-20.3254159],[-46.8175062,-20.3253111],[-46.8172161,-20.3252066],[-46.8168349,-20.3251102],[-46.816462,-20.3249919],[-46.8162941,-20.3249214],[-46.816111,-20.3248641],[-46.8159165,-20.3247707],[-46.8155218,-20.3246147],[-46.8152451,-20.32462],[-46.8149933,-20.3245857],[-46.8146004,-20.3245723],[-46.814238,-20.3245628],[-46.8137039,-20.3245361],[-46.8133873,-20.3244216],[-46.8129316,-20.3241039],[-46.812664,-20.3239704],[-46.8123589,-20.3238804],[-46.8119928,-20.3237695],[-46.8115059,-20.3237387],[-46.8112026,-20.3237992],[-46.8110672,-20.3239225],[-46.8111006,-20.3241731],[-46.8111862,-20.324414],[-46.811371,-20.3245503],[-46.8115323,-20.3246992],[-46.8118854,-20.3249966],[-46.8122069,-20.3251869],[-46.8124107,-20.3256023],[-46.8124718,-20.3259132],[-46.812468,-20.3261669],[-46.8124184,-20.3263843],[-46.8123345,-20.3266017],[-46.812323,-20.3267734],[-46.812323,-20.326968],[-46.8123917,-20.3273685],[-46.8124031,-20.3277481],[-46.812365,-20.3281047],[-46.8122503,-20.3282623],[-46.8121621,-20.3285142],[-46.8121428,-20.3288155],[-46.8121871,-20.3291121],[-46.8124507,-20.3291493],[-46.8128139,-20.3290093],[-46.8131318,-20.3288913],[-46.8134722,-20.3287515],[-46.8137822,-20.3286121],[-46.8142067,-20.3285145],[-46.8144192,-20.3284836],[-46.8146698,-20.3284595],[-46.8148525,-20.3284863],[-46.815142,-20.3285406],[-46.815477,-20.3285873],[-46.8159204,-20.328805],[-46.8163262,-20.3290589],[-46.816611,-20.3293642],[-46.8167557,-20.3296573],[-46.8169992,-20.3300628],[-46.817347,-20.3303116],[-46.817614,-20.3307369],[-46.8176865,-20.3310039],[-46.8176865,-20.3312786],[-46.8176598,-20.3315094],[-46.8176102,-20.3317592],[-46.8175377,-20.3319805],[-46.817427,-20.332195],[-46.8173922,-20.3324678],[-46.8174574,-20.3328471],[-46.8176064,-20.3331955],[-46.8177123,-20.3334154],[-46.8177349,-20.3338265],[-46.8177231,-20.3341134],[-46.8176123,-20.3343942],[-46.8174779,-20.3345964],[-46.8173201,-20.3347558],[-46.8171081,-20.3348297],[-46.8167959,-20.3348558],[-46.8165444,-20.334728],[-46.8163841,-20.3346651],[-46.8161396,-20.3345601],[-46.8157968,-20.334492],[-46.8155236,-20.3345573],[-46.8153786,-20.334708],[-46.8151841,-20.3349007],[-46.814959,-20.3350097],[-46.8147005,-20.3349981],[-46.8142518,-20.3349812],[-46.8138632,-20.3349064],[-46.8135075,-20.3350391],[-46.8133271,-20.3352131],[-46.8132925,-20.3355002],[-46.8134477,-20.3357711],[-46.8135972,-20.3359192],[-46.8139531,-20.3360957],[-46.8142672,-20.3363003],[-46.8144285,-20.3364492],[-46.8144135,-20.3366554],[-46.8143109,-20.3367874],[-46.8140387,-20.3369121],[-46.813758,-20.3369581],[-46.813356,-20.3370411],[-46.813052,-20.3370443],[-46.8127108,-20.3371123],[-46.8123545,-20.3372021],[-46.8120366,-20.3373201],[-46.8117203,-20.3375691],[-46.8114943,-20.3377487],[-46.811171,-20.3379582],[-46.8109536,-20.3382099],[-46.8107195,-20.3384451],[-46.8105482,-20.338748],[-46.8103684,-20.3389721],[-46.8102341,-20.3391958],[-46.8099025,-20.3394358],[-46.8096156,-20.3396109],[-46.8092217,-20.3397454],[-46.8088211,-20.3397454],[-46.8085884,-20.3397415],[-46.8082604,-20.3397053],[-46.8081039,-20.3396843],[-46.8077377,-20.3394974],[-46.8074364,-20.3392342],[-46.8072761,-20.3390835],[-46.8071568,-20.338654],[-46.8070027,-20.3384764],[-46.8068405,-20.3382558],[-46.8065722,-20.338065],[-46.8063572,-20.3378736],[-46.8061356,-20.3377713],[-46.8059067,-20.3376568],[-46.8057121,-20.3374737],[-46.8055176,-20.3372544],[-46.8054645,-20.3369364],[-46.8054148,-20.3365856],[-46.8053887,-20.3362991],[-46.805271,-20.3359848],[-46.8051092,-20.3358001],[-46.8049852,-20.3355934],[-46.8047922,-20.3353373],[-46.8045463,-20.3351104],[-46.8044128,-20.334739],[-46.8043637,-20.3344383],[-46.80433,-20.334159],[-46.8043797,-20.3338574],[-46.8044376,-20.3336059],[-46.8046337,-20.3334748],[-46.8046519,-20.3334832],[-46.8052356,-20.3333554],[-46.8054908,-20.333289],[-46.8058075,-20.3331631],[-46.8059045,-20.3329311],[-46.8059853,-20.3326936],[-46.8060898,-20.3325276],[-46.8063087,-20.3323963],[-46.8064085,-20.3322612],[-46.8064418,-20.3320723],[-46.8062809,-20.3319664],[-46.8059904,-20.331826],[-46.805754,-20.3317568],[-46.8055389,-20.3315582],[-46.8053555,-20.3314813],[-46.8051501,-20.3314619],[-46.804938,-20.3315286],[-46.8047272,-20.3317028],[-46.8045313,-20.3318554],[-46.8043047,-20.3319725],[-46.8040008,-20.33199],[-46.8038252,-20.3319201],[-46.8035034,-20.3317011],[-46.8031975,-20.3315394],[-46.8028924,-20.3314493],[-46.8026111,-20.3314451],[-46.8022155,-20.3314205],[-46.8016989,-20.3314401],[-46.8013337,-20.3314152],[-46.8009526,-20.3313259],[-46.8005241,-20.3312309],[-46.8002418,-20.3311623],[-46.8000216,-20.3310129],[-46.7997003,-20.3308298],[-46.7994895,-20.330776],[-46.7993317,-20.3308485],[-46.7991469,-20.3312176],[-46.7988549,-20.3313475],[-46.7985657,-20.3313147],[-46.7981619,-20.3312328],[-46.7977507,-20.3311725],[-46.7974393,-20.33119],[-46.7971362,-20.331272],[-46.796994,-20.331467],[-46.7971107,-20.3316953],[-46.7974385,-20.331778],[-46.797843,-20.3319244],[-46.7983302,-20.3319839],[-46.7987406,-20.3319797],[-46.7989916,-20.3319914],[-46.7992919,-20.3320664],[-46.7994202,-20.3322451],[-46.7995757,-20.3325447],[-46.7998603,-20.3327378],[-46.8001262,-20.3328258],[-46.8003712,-20.3329738],[-46.8004668,-20.3331955],[-46.8005012,-20.3334446],[-46.8004251,-20.3336903],[-46.8003284,-20.3338705],[-46.8001475,-20.3340086],[-46.7998982,-20.3341402],[-46.7997486,-20.3343497],[-46.7996368,-20.3345373],[-46.7997081,-20.3347875],[-46.7997952,-20.3350877],[-46.7996776,-20.3354402],[-46.799475,-20.3357228],[-46.7992423,-20.3360089],[-46.7989329,-20.3361147],[-46.7985915,-20.3361756],[-46.7983699,-20.3360703],[-46.7981631,-20.3359362],[-46.7978843,-20.3357151],[-46.7974724,-20.3353697],[-46.7971958,-20.3351145],[-46.7969274,-20.3349165],[-46.7966206,-20.3346758],[-46.7961612,-20.3343866],[-46.795809,-20.334168],[-46.7954314,-20.3340424],[-46.7950241,-20.3339968],[-46.7946298,-20.3340869],[-46.7942905,-20.3343269],[-46.7939512,-20.3345599],[-46.7937111,-20.3348348],[-46.7935853,-20.33513],[-46.7936648,-20.3354375],[-46.7938178,-20.3356579],[-46.7941028,-20.3358417],[-46.7944243,-20.336032],[-46.7947373,-20.3361507],[-46.7952949,-20.3363816],[-46.7956846,-20.336564],[-46.7959978,-20.3366898],[-46.7962136,-20.3369457],[-46.7963235,-20.3372529],[-46.7962592,-20.3374947],[-46.7961088,-20.3377498],[-46.7958305,-20.3380036],[-46.7955968,-20.3381709],[-46.7952259,-20.338311],[-46.7948246,-20.3384442],[-46.7944079,-20.3385703],[-46.7940288,-20.3386531],[-46.7936648,-20.3387285],[-46.7931951,-20.3388624],[-46.7928173,-20.3390671],[-46.7926276,-20.3392838],[-46.792311,-20.3395261],[-46.7918723,-20.3397302],[-46.7915595,-20.3397283],[-46.7913039,-20.33965],[-46.7911551,-20.3395242],[-46.7909946,-20.3392148],[-46.7908631,-20.3390154],[-46.7907619,-20.3388085],[-46.7906302,-20.3385948],[-46.7905028,-20.3382214],[-46.7904635,-20.3379799],[-46.7905215,-20.3377355],[-46.7906171,-20.3374549],[-46.7907584,-20.337181],[-46.7908933,-20.3370147],[-46.791058,-20.3367979],[-46.7913344,-20.336372],[-46.7915134,-20.3360762],[-46.7916663,-20.3357571],[-46.7917654,-20.3353756],[-46.7916929,-20.335126],[-46.7914551,-20.3349727],[-46.7912047,-20.3349255],[-46.7910368,-20.3350552],[-46.7909262,-20.3352498],[-46.7907546,-20.335513],[-46.7905219,-20.335637],[-46.7902778,-20.3357161],[-46.7900341,-20.3356755],[-46.7898199,-20.33545],[-46.7896712,-20.3353489],[-46.7895262,-20.3352326],[-46.7893812,-20.3351525],[-46.7892592,-20.3351182],[-46.7891485,-20.3352097],[-46.7890761,-20.3354272],[-46.7889654,-20.3355626],[-46.7887938,-20.3356923],[-46.7886603,-20.3357247],[-46.7886145,-20.3358163],[-46.7886107,-20.335965],[-46.7886832,-20.3362073],[-46.7886684,-20.3365571],[-46.7887097,-20.3368435],[-46.7886893,-20.3370588],[-46.788572,-20.3374328],[-46.7883397,-20.337722],[-46.7881369,-20.3379391],[-46.787835,-20.3381215],[-46.7875244,-20.3382179],[-46.7872183,-20.3383492],[-46.7870237,-20.3384866],[-46.7869751,-20.3387039],[-46.7869695,-20.3388832],[-46.78698,-20.3391269],[-46.7869685,-20.3394568],[-46.7867427,-20.3396455],[-46.786516,-20.3397626],[-46.7862887,-20.3398294],[-46.7860606,-20.3398317],[-46.7858258,-20.3399058],[-46.7856753,-20.3400364],[-46.7856085,-20.3402089],[-46.7855933,-20.3404359],[-46.7857268,-20.3406552],[-46.7858834,-20.3409449],[-46.7860387,-20.3412301],[-46.7859571,-20.341403],[-46.7858445,-20.3415332],[-46.7856247,-20.3415857],[-46.7854291,-20.3417669],[-46.7853868,-20.3420541],[-46.785475,-20.3424476],[-46.7856626,-20.3428974],[-46.7857458,-20.3433103],[-46.7856581,-20.3436631],[-46.7856467,-20.3439073],[-46.7856467,-20.344161],[-46.7856061,-20.3445972],[-46.7855656,-20.3450422],[-46.7855929,-20.3454363],[-46.7857931,-20.3456565],[-46.7860369,-20.3455394],[-46.7862384,-20.3453795],[-46.7863577,-20.3451703],[-46.786505,-20.3449277],[-46.7866881,-20.3446702],[-46.7868864,-20.3445043],[-46.7869818,-20.344449],[-46.7871535,-20.3443937],[-46.7872359,-20.3442006],[-46.7872721,-20.3440424],[-46.7873676,-20.3437475],[-46.7875242,-20.3434878],[-46.7877128,-20.343364],[-46.7879852,-20.3432536],[-46.7882051,-20.3432012],[-46.7884699,-20.3430909],[-46.7887043,-20.342981],[-46.7891524,-20.342883],[-46.7893355,-20.3428945],[-46.7894919,-20.3429193],[-46.789675,-20.342986],[-46.790026,-20.3430909],[-46.7902816,-20.343152],[-46.7905486,-20.3431481],[-46.7908652,-20.3431405],[-46.791075,-20.3430699],[-46.791342,-20.3429822],[-46.7919142,-20.3428544],[-46.7922427,-20.342865],[-46.7926553,-20.3428114],[-46.7929434,-20.3427439],[-46.7931933,-20.3426625],[-46.793351,-20.342496],[-46.7935157,-20.342272],[-46.7936954,-20.3420407],[-46.7938449,-20.3418169],[-46.7940786,-20.3416496],[-46.7942594,-20.3415044],[-46.7944709,-20.3413875],[-46.7947213,-20.341349],[-46.795008,-20.3413819],[-46.7952865,-20.3413838],[-46.7956031,-20.3413838],[-46.7958854,-20.3413724],[-46.7961867,-20.3413056],[-46.7963813,-20.3412236],[-46.7966865,-20.3411111],[-46.7969802,-20.341031],[-46.7972243,-20.3409394],[-46.797541,-20.3408269],[-46.7977241,-20.3407716],[-46.7979911,-20.3406647],[-46.7981314,-20.3406081],[-46.7983445,-20.3404514],[-46.798556,-20.3403345],[-46.7989033,-20.3401302],[-46.7992805,-20.3399838],[-46.7995246,-20.3398083],[-46.799924,-20.3396464],[-46.8003845,-20.3393764],[-46.8006888,-20.3393948],[-46.8008421,-20.3395008],[-46.800814,-20.3396729],[-46.8007911,-20.339814],[-46.8006919,-20.3400639],[-46.8006195,-20.3402718],[-46.8005203,-20.3403996],[-46.8003753,-20.3405808],[-46.8002761,-20.340741],[-46.8001312,-20.3409718],[-46.8000205,-20.3411454],[-46.7999214,-20.3413724],[-46.7998374,-20.341544],[-46.7996429,-20.3417939],[-46.7994598,-20.3419827],[-46.7990211,-20.342244],[-46.798571,-20.3424691],[-46.7981933,-20.3426541],[-46.7980102,-20.3427323],[-46.7978004,-20.3427895],[-46.79756,-20.3429497],[-46.7973503,-20.34311],[-46.7969497,-20.3433274],[-46.796578,-20.3434809],[-46.7962522,-20.3435775],[-46.7958336,-20.3435388],[-46.7954998,-20.3435924],[-46.795037,-20.343676],[-46.7946885,-20.34378],[-46.7943326,-20.3438984],[-46.7940909,-20.3440299],[-46.7938654,-20.3442545],[-46.7938217,-20.3444198],[-46.7935972,-20.3447305],[-46.7934866,-20.3450256],[-46.7933006,-20.3453716],[-46.7930301,-20.3456469],[-46.7926763,-20.3459516],[-46.7923597,-20.3461843],[-46.792147,-20.3465108],[-46.7918532,-20.3471059],[-46.7916915,-20.3475678],[-46.7916203,-20.3479844],[-46.791624,-20.348307],[-46.7918997,-20.3484834],[-46.7922767,-20.3485631],[-46.7926221,-20.3485047],[-46.7931156,-20.3484423],[-46.7935029,-20.3484096],[-46.7937385,-20.3484072],[-46.7940661,-20.3484683],[-46.7943481,-20.34853],[-46.7944866,-20.3486719],[-46.7945129,-20.3489728],[-46.7943633,-20.3493871],[-46.7942527,-20.3497857],[-46.7941802,-20.3499936],[-46.7941421,-20.3502111],[-46.7940515,-20.3504976],[-46.7940546,-20.3507628],[-46.794081,-20.3511342],[-46.794081,-20.3514089],[-46.7939933,-20.3517026],[-46.7938598,-20.3519716],[-46.7935413,-20.3523957],[-46.7932105,-20.3527146],[-46.7928776,-20.3528542],[-46.7922046,-20.3531694],[-46.7918188,-20.3533311],[-46.7915092,-20.3535135],[-46.7911316,-20.3537325],[-46.7908753,-20.3539216],[-46.7906814,-20.3542462],[-46.7905563,-20.3545789],[-46.7904189,-20.3547296],[-46.7902511,-20.3549128],[-46.7898963,-20.355174],[-46.7897361,-20.355256],[-46.7893622,-20.3552656],[-46.7890284,-20.3552813],[-46.7888635,-20.3554909],[-46.7886915,-20.3557364],[-46.7884818,-20.356011],[-46.7882263,-20.3562718],[-46.7880156,-20.3564603],[-46.7877831,-20.3567352],[-46.7876573,-20.3570376],[-46.7874941,-20.3573834],[-46.7873462,-20.3577506],[-46.7871681,-20.3581253],[-46.786929,-20.3584862],[-46.7866215,-20.358855],[-46.7864047,-20.3591727],[-46.7862838,-20.359437],[-46.7860282,-20.3596525],[-46.785784,-20.3598585],[-46.7855132,-20.360055],[-46.7853797,-20.3600893],[-46.7850745,-20.3601465],[-46.7846129,-20.3602953],[-46.7843192,-20.3603621],[-46.7839911,-20.3604422],[-46.7836929,-20.360699],[-46.7834232,-20.3610531],[-46.7832382,-20.3614923],[-46.7832117,-20.3618296],[-46.7831329,-20.3622534],[-46.7830516,-20.362455],[-46.7829861,-20.3627066],[-46.7827696,-20.363053],[-46.7826432,-20.3633052],[-46.7824945,-20.3636007],[-46.7822542,-20.3638613],[-46.781914,-20.3640225],[-46.7815877,-20.3640832],[-46.7813977,-20.3640851],[-46.7810785,-20.3640955],[-46.7808734,-20.364112],[-46.7805931,-20.3642009],[-46.7803059,-20.3643544],[-46.780041,-20.3644575],[-46.7797697,-20.364661],[-46.7795436,-20.3648354],[-46.779234,-20.3650249],[-46.7787803,-20.3652375],[-46.7784549,-20.3653699],[-46.7781055,-20.3654021],[-46.7777632,-20.3653841],[-46.7774283,-20.3653516],[-46.7771323,-20.3654048],[-46.7769054,-20.3655004],[-46.7765725,-20.3656472],[-46.7762786,-20.3658796],[-46.7758934,-20.3660986],[-46.7755373,-20.3662098],[-46.7751898,-20.3664069],[-46.7749265,-20.3666462],[-46.7746554,-20.3668784],[-46.7743019,-20.3672118],[-46.7740699,-20.3675368],[-46.773755,-20.3679272],[-46.7735538,-20.3682806],[-46.7733446,-20.3686053],[-46.7731796,-20.3688006],[-46.7728326,-20.3690407],[-46.7725317,-20.3689986],[-46.7722761,-20.3689071],[-46.7720232,-20.3687406],[-46.7718234,-20.3685563],[-46.7716535,-20.3683214],[-46.7714002,-20.368116],[-46.771186,-20.3679963],[-46.7709349,-20.3679845],[-46.7706472,-20.3680755],[-46.7702562,-20.3682929],[-46.7699318,-20.3683688],[-46.7695516,-20.3684633],[-46.7691704,-20.3685975],[-46.7691125,-20.3688562],[-46.7693311,-20.3690368],[-46.7695104,-20.3692695],[-46.7696706,-20.3694297],[-46.7700598,-20.36967],[-46.7701818,-20.3697635],[-46.7704423,-20.370119],[-46.7704979,-20.3703263],[-46.770463,-20.3706063],[-46.7702987,-20.3708589],[-46.7700352,-20.3710911],[-46.7698473,-20.3712866],[-46.769568,-20.3714615],[-46.7693722,-20.3716284],[-46.7692454,-20.3718447],[-46.76924,-20.3720384],[-46.7692921,-20.372369],[-46.7693,-20.3726257],[-46.7692799,-20.3728697],[-46.7692308,-20.3732287],[-46.7691094,-20.3735626],[-46.7690593,-20.3738012],[-46.7688276,-20.3741141],[-46.7684614,-20.3744117],[-46.7682914,-20.3746176],[-46.7679502,-20.3747188],[-46.7676603,-20.3747989],[-46.7673895,-20.3747646],[-46.7670995,-20.3747417],[-46.7667448,-20.3746902],[-46.7665388,-20.3746559],[-46.7662946,-20.3746005],[-46.7659208,-20.3745261],[-46.7656552,-20.3743906],[-46.7653195,-20.3742865],[-46.765045,-20.3742175],[-46.7648091,-20.3741984],[-46.7646513,-20.3743649],[-46.7645479,-20.3746384],[-46.7644941,-20.3749839],[-46.7644559,-20.3753043],[-46.7644178,-20.3755351],[-46.7642653,-20.3758602],[-46.7641013,-20.3761486],[-46.7638607,-20.3763877],[-46.7635276,-20.3765129],[-46.7632847,-20.3765512],[-46.7628669,-20.3765841],[-46.7625103,-20.3766523],[-46.7621539,-20.3767419],[-46.7617067,-20.3768683],[-46.761374,-20.3770294],[-46.7610498,-20.3772693],[-46.7607335,-20.3775378],[-46.7605311,-20.3777979],[-46.7602293,-20.3780018],[-46.7599739,-20.3782768],[-46.7597098,-20.3784587],[-46.7593394,-20.3786489],[-46.759014,-20.3787884],[-46.7588169,-20.3788406],[-46.7583147,-20.3788026],[-46.7579747,-20.3787586],[-46.757742,-20.3786614],[-46.7574979,-20.378524],[-46.7573529,-20.3784343],[-46.757138,-20.3782982],[-46.7569014,-20.3782217],[-46.7566143,-20.3783824],[-46.7565015,-20.3784982],[-46.7562382,-20.3787446],[-46.7561046,-20.3789379],[-46.7557335,-20.3791656],[-46.7555595,-20.379239],[-46.7553181,-20.3794135],[-46.7551072,-20.3795877],[-46.7549504,-20.3798474],[-46.7548657,-20.3801491],[-46.7547665,-20.3803532],[-46.754694,-20.3806202],[-46.7544995,-20.3809826],[-46.7542401,-20.3812038],[-46.7539616,-20.3813278],[-46.7537289,-20.381406],[-46.7535954,-20.3814308],[-46.7533398,-20.3813602],[-46.7530842,-20.3812916],[-46.7529889,-20.3812477],[-46.7528553,-20.3810589],[-46.75276,-20.3809025],[-46.7526494,-20.3806812],[-46.7526494,-20.3804638],[-46.7526989,-20.380048],[-46.7526989,-20.3798687],[-46.7526875,-20.3796608],[-46.7526532,-20.3793709],[-46.7526532,-20.3792679],[-46.7526417,-20.379142],[-46.7525463,-20.3790619],[-46.7523404,-20.3788998],[-46.7522297,-20.3787987],[-46.7520691,-20.3785428],[-46.7519285,-20.3782144],[-46.7519557,-20.3779273],[-46.7519979,-20.3776257],[-46.7520245,-20.3772885],[-46.7520512,-20.3771028],[-46.7519055,-20.3769447],[-46.7516613,-20.3770019],[-46.751421,-20.3771164],[-46.7512226,-20.3772308],[-46.7510167,-20.3774597],[-46.750858,-20.3776874],[-46.7508035,-20.3779954],[-46.7508035,-20.3782472],[-46.7507451,-20.3784629],[-46.7508105,-20.3788637],[-46.7507903,-20.3790934],[-46.7507842,-20.3793593],[-46.7506924,-20.379676],[-46.7504268,-20.3799001],[-46.7503224,-20.3800804],[-46.7502384,-20.380294],[-46.7500553,-20.3804371],[-46.7499104,-20.3805515],[-46.7497654,-20.3806297],[-46.7495709,-20.3807804],[-46.7493878,-20.3809082],[-46.7492428,-20.3810455],[-46.7490101,-20.3813011],[-46.748827,-20.3815281],[-46.7486706,-20.3817684],[-46.7485752,-20.3819649],[-46.7482814,-20.3824956],[-46.748119,-20.3829275],[-46.7479252,-20.3832807],[-46.7477909,-20.3835043],[-46.747695,-20.3837706],[-46.747477,-20.3839879],[-46.7471836,-20.3842705],[-46.7469734,-20.3845092],[-46.7467318,-20.3846693],[-46.7463991,-20.3848304],[-46.7460461,-20.3850071],[-46.7458401,-20.3850186],[-46.7456188,-20.3849938],[-46.7454853,-20.3849804],[-46.7451839,-20.3849251],[-46.7450619,-20.3847992],[-46.7449131,-20.384639],[-46.7446157,-20.3844682],[-46.7444154,-20.3842408],[-46.7441578,-20.3841355],[-46.7439955,-20.3840873],[-46.7438976,-20.3841743],[-46.7438231,-20.3843113],[-46.743788,-20.3845769],[-46.7437992,-20.3848923],[-46.7437715,-20.3851363],[-46.743737,-20.385445],[-46.7436258,-20.3857042],[-46.7434769,-20.3859853],[-46.7433814,-20.3862803],[-46.7432178,-20.3866117],[-46.7430058,-20.3869393],[-46.7428143,-20.3872467],[-46.7424831,-20.3874371],[-46.7423,-20.3875382],[-46.7420441,-20.3877276],[-46.7417869,-20.3878449],[-46.741461,-20.3879414],[-46.7411349,-20.3880235],[-46.7406177,-20.3880072],[-46.7402072,-20.3880256],[-46.7398178,-20.3878789],[-46.7395882,-20.3877522],[-46.7392675,-20.3876335],[-46.738978,-20.387579],[-46.73876,-20.3876279],[-46.7387485,-20.3877537],[-46.7387371,-20.3878663],[-46.7386493,-20.3881428],[-46.7385654,-20.3883507],[-46.7384548,-20.3884061],[-46.7382869,-20.3885434],[-46.7381038,-20.3886044],[-46.7375431,-20.388799],[-46.7372264,-20.3890069],[-46.7368219,-20.3892496],[-46.7365345,-20.3893887],[-46.7363235,-20.3895629],[-46.7359244,-20.3899182],[-46.7355163,-20.3901445],[-46.7351608,-20.390313],[-46.7347808,-20.3903311],[-46.7345072,-20.390341],[-46.7341566,-20.3902728],[-46.73396,-20.3903679],[-46.7338864,-20.3905909],[-46.733812,-20.3908518],[-46.7336193,-20.3911887],[-46.7334008,-20.391363],[-46.7329578,-20.3917363],[-46.7327174,-20.3919557],[-46.7324123,-20.3921979],[-46.7321812,-20.3924721],[-46.7318877,-20.3927475],[-46.731632,-20.393001],[-46.7312856,-20.3933056],[-46.730862,-20.3935034],[-46.7305507,-20.3936475],[-46.7303794,-20.3938738],[-46.7301088,-20.3941561],[-46.7297688,-20.3943531],[-46.7295031,-20.3943916],[-46.7291157,-20.3944313],[-46.7287276,-20.3944065],[-46.7284769,-20.3944304],[-46.7282035,-20.3944618],[-46.7277846,-20.3944015],[-46.7274642,-20.3943114],[-46.7272042,-20.3941849],[-46.7268448,-20.3940021],[-46.7264861,-20.3938909],[-46.726121,-20.3938802],[-46.7258703,-20.3939042],[-46.7256643,-20.3941074],[-46.7256087,-20.3943155],[-46.7257712,-20.3945648],[-46.7260094,-20.3947919],[-46.7261599,-20.3950094],[-46.7262427,-20.3952485],[-46.7262224,-20.3954781],[-46.7260035,-20.3957036],[-46.7257633,-20.3959057],[-46.7255668,-20.3960152],[-46.7253865,-20.3962177],[-46.7252677,-20.3964699],[-46.7252031,-20.3968147],[-46.7251767,-20.3971806],[-46.725181,-20.3975606],[-46.7250918,-20.3979467],[-46.7248149,-20.3981521],[-46.7244678,-20.3983994],[-46.7241037,-20.3984818],[-46.7235633,-20.398437],[-46.7232129,-20.3983831],[-46.7228547,-20.3983149],[-46.7224892,-20.3982755],[-46.7220858,-20.3983301],[-46.7218302,-20.3982729],[-46.7215373,-20.3981559],[-46.7212779,-20.3980796],[-46.7210353,-20.3981465],[-46.7209002,-20.3983127],[-46.7208918,-20.3986162],[-46.7207935,-20.3989734],[-46.7206692,-20.3994192],[-46.7206034,-20.3996636],[-46.7204607,-20.3998228],[-46.7203715,-20.4000029],[-46.7202013,-20.4001592],[-46.7200449,-20.4001707],[-46.7196672,-20.4001821],[-46.7194117,-20.4001936],[-46.7191639,-20.4001511],[-46.7188982,-20.4001895],[-46.7186707,-20.4002491],[-46.7184977,-20.4004229],[-46.7183551,-20.4005893],[-46.7181147,-20.4008569],[-46.7177801,-20.4008602],[-46.7172449,-20.4007944],[-46.7170869,-20.4007523],[-46.7169736,-20.4008251],[-46.7168462,-20.4009985],[-46.7168026,-20.4011782],[-46.716836,-20.4014431],[-46.7169893,-20.40175],[-46.717062,-20.4019356],[-46.7170263,-20.4021511],[-46.7167604,-20.4022669],[-46.7166613,-20.4023852],[-46.7164667,-20.4026255],[-46.7161972,-20.4028189],[-46.7158644,-20.4029871],[-46.7155309,-20.4030836],[-46.7151426,-20.4030516],[-46.714861,-20.4030257],[-46.7146839,-20.4029346],[-46.714592,-20.4027702],[-46.7146806,-20.4025327],[-46.7149332,-20.4023966],[-46.7150571,-20.402192],[-46.7151456,-20.4019473],[-46.7151163,-20.4016947],[-46.7148607,-20.4015707],[-46.7146166,-20.4015459],[-46.7144716,-20.4015478],[-46.7141893,-20.4015593],[-46.7140215,-20.4015802],[-46.7138117,-20.401605],[-46.7135383,-20.401705],[-46.7132718,-20.4016718],[-46.7130261,-20.4014663],[-46.7128639,-20.4012384],[-46.7127014,-20.4009891],[-46.7126538,-20.4008031],[-46.7125133,-20.4004818],[-46.7123967,-20.4002535],[-46.7122423,-20.40004],[-46.7121172,-20.3997329],[-46.7120461,-20.3994898],[-46.7119759,-20.3993327],[-46.7119582,-20.3991106],[-46.711973,-20.3989176],[-46.7118335,-20.3988322],[-46.711613,-20.3988344],[-46.7113619,-20.3988297],[-46.7111566,-20.3988489],[-46.7109506,-20.3988146],[-46.7106683,-20.3988756],[-46.7106187,-20.3991827],[-46.7105958,-20.3993773],[-46.710573,-20.3995775],[-46.7105005,-20.3998255],[-46.710428,-20.3999533],[-46.7103288,-20.4001974],[-46.7101839,-20.4004034],[-46.7100885,-20.4005522],[-46.7099779,-20.4006209],[-46.7098329,-20.4007486],[-46.709704,-20.4008894],[-46.7097212,-20.4010685],[-46.7098527,-20.401268],[-46.7100525,-20.4014596],[-46.7104056,-20.4017501],[-46.7106591,-20.4019843],[-46.7108444,-20.4022334],[-46.7109628,-20.4026266],[-46.7110346,-20.4029342],[-46.7110378,-20.403221],[-46.7109957,-20.403544],[-46.7109544,-20.4039549],[-46.710882,-20.4042887],[-46.7107637,-20.4045717],[-46.7106074,-20.4048743],[-46.7105114,-20.4051406],[-46.710531,-20.4053816],[-46.7104815,-20.4055991],[-46.7105196,-20.405725],[-46.7106416,-20.4059443],[-46.7108033,-20.4060842],[-46.7108134,-20.4063135],[-46.7107784,-20.4065863],[-46.7105678,-20.4068035],[-46.7102684,-20.4069392],[-46.7100465,-20.4071383],[-46.709791,-20.4073805],[-46.7095354,-20.407577],[-46.7092416,-20.4077506],[-46.7088463,-20.4079317],[-46.7084973,-20.4080069],[-46.7081788,-20.408096],[-46.7078527,-20.4081781],[-46.7075317,-20.4082564],[-46.7073076,-20.4082121],[-46.7071016,-20.4081645],[-46.7067964,-20.4080996],[-46.7064659,-20.4079336],[-46.7060778,-20.4079159],[-46.705728,-20.4079193],[-46.7054474,-20.4079937],[-46.7051901,-20.408111],[-46.7048949,-20.4082357],[-46.704645,-20.4083386],[-46.7043957,-20.4084844],[-46.7041414,-20.4084696],[-46.7039539,-20.4084242],[-46.7038902,-20.4081595],[-46.7039097,-20.4078582],[-46.7040052,-20.4075561],[-46.7042024,-20.4071955],[-46.7043413,-20.4070007],[-46.7044453,-20.4067703],[-46.7045391,-20.4063105],[-46.7046568,-20.4059508],[-46.704786,-20.4055361],[-46.7048511,-20.4049451],[-46.7050072,-20.4046209],[-46.7050834,-20.4043197],[-46.7049716,-20.404148],[-46.7047479,-20.4040427],[-46.7044694,-20.4041243],[-46.7042256,-20.4040836],[-46.7041832,-20.4038289],[-46.704113,-20.4035254],[-46.7039516,-20.4033765],[-46.7036927,-20.4033503],[-46.7034928,-20.4034361],[-46.7032868,-20.4035048],[-46.7030427,-20.4036212],[-46.7027375,-20.4037222],[-46.7022874,-20.4037356],[-46.7019822,-20.4037032],[-46.7015817,-20.4035982],[-46.7012994,-20.4035067],[-46.7010323,-20.4033599],[-46.7008645,-20.4032073],[-46.7007043,-20.4030604],[-46.7004601,-20.4026789],[-46.7002978,-20.4023796],[-46.7001799,-20.4020295],[-46.7001604,-20.4016353],[-46.7001489,-20.4012841],[-46.7002745,-20.4009458],[-46.70037,-20.4006438],[-46.7006466,-20.4002037],[-46.7008715,-20.3999075],[-46.7011195,-20.3996398],[-46.701299,-20.3993656],[-46.7015093,-20.3991197],[-46.7018031,-20.3988659],[-46.701915,-20.3986712],[-46.7021092,-20.3983467],[-46.7022283,-20.3981161],[-46.7022922,-20.3977067],[-46.7023116,-20.3973911],[-46.7023317,-20.3971471],[-46.7023666,-20.3968599],[-46.7025227,-20.3965358],[-46.7027089,-20.3961754],[-46.7029189,-20.3959081],[-46.7031291,-20.3956622],[-46.7034089,-20.3955149],[-46.7036797,-20.395286],[-46.7039315,-20.3950762],[-46.7041642,-20.3949503],[-46.7044275,-20.3947891],[-46.704752,-20.3945565],[-46.7051216,-20.3944046],[-46.7054307,-20.3940996],[-46.7055719,-20.3937454],[-46.705863,-20.3932479],[-46.7060714,-20.3928299],[-46.7062651,-20.3924695],[-46.7064589,-20.3921091],[-46.7066909,-20.3917699],[-46.7069519,-20.3913013],[-46.7072384,-20.3910762],[-46.7075173,-20.3908583],[-46.707857,-20.3906327],[-46.7081277,-20.3904279],[-46.7083451,-20.3901991],[-46.7086352,-20.3897747],[-46.7091119,-20.3894018],[-46.709356,-20.3890566],[-46.709562,-20.3887113],[-46.7098176,-20.3883775],[-46.710035,-20.3879522],[-46.7102067,-20.3873895],[-46.7103051,-20.3871312],[-46.7103025,-20.3869018],[-46.7101864,-20.3867165],[-46.7099578,-20.3866686],[-46.7096688,-20.3867944],[-46.7094597,-20.3870105],[-46.7092797,-20.3871587],[-46.7091218,-20.3874081],[-46.7089942,-20.3875528],[-46.7087764,-20.3878059],[-46.7085441,-20.3881165],[-46.7083416,-20.3883694],[-46.7079789,-20.3885911],[-46.7077966,-20.3886721],[-46.7075398,-20.3887573],[-46.7073036,-20.3887166],[-46.7070913,-20.3887688],[-46.7069634,-20.3888992],[-46.7070176,-20.3891519],[-46.7070443,-20.3894171],[-46.7070261,-20.389759],[-46.7067861,-20.3900553],[-46.706553,-20.3903013],[-46.7063431,-20.3905687],[-46.7060725,-20.3908581],[-46.7057792,-20.3911622],[-46.705516,-20.3914229],[-46.7053907,-20.3917898],[-46.705272,-20.3920562],[-46.7052145,-20.3923651],[-46.7050965,-20.3926961],[-46.7048713,-20.3929636],[-46.7046082,-20.3932386],[-46.7043321,-20.3935274],[-46.7040574,-20.3936312],[-46.7038303,-20.3937266],[-46.7035424,-20.3937792],[-46.7033707,-20.3937792],[-46.7030808,-20.39372],[-46.7028256,-20.393618],[-46.7024346,-20.3933602],[-46.7021583,-20.3931263],[-46.7019822,-20.3928637],[-46.7017728,-20.3926497],[-46.7015422,-20.3924225],[-46.7013514,-20.3923598],[-46.7011081,-20.3923622],[-46.700904,-20.3924789],[-46.7008003,-20.3927309],[-46.7005974,-20.392948],[-46.7003856,-20.3930504],[-46.7001586,-20.393153],[-46.7000307,-20.3932833],[-46.7000558,-20.393491],[-46.7001869,-20.3936546],[-46.7004029,-20.3938498],[-46.700474,-20.3941824],[-46.700454,-20.3944336],[-46.7004571,-20.3947204],[-46.700361,-20.3949723],[-46.7001356,-20.3952182],[-46.6999483,-20.395471],[-46.6996691,-20.3956745],[-46.6994742,-20.3959274],[-46.6992504,-20.3963239],[-46.6992161,-20.3966684],[-46.6992887,-20.3970477],[-46.6994307,-20.3975124],[-46.699556,-20.397841],[-46.6997506,-20.398148],[-46.6997027,-20.3984724],[-46.6995062,-20.3986719],[-46.6992235,-20.3987262],[-46.6989202,-20.398808],[-46.6987236,-20.3989103],[-46.6985205,-20.399113],[-46.698379,-20.3993869],[-46.6982146,-20.3996538],[-46.6979579,-20.3998284],[-46.6977833,-20.3998516],[-46.6975779,-20.3998464],[-46.6974503,-20.3997905],[-46.6973165,-20.3995908],[-46.6972913,-20.3993688],[-46.6973187,-20.3990961],[-46.6973893,-20.398662],[-46.6973778,-20.3984904],[-46.6973168,-20.3983149],[-46.6971173,-20.3980655],[-46.6968337,-20.3978603],[-46.6965283,-20.3977558],[-46.6962228,-20.3976297],[-46.6960316,-20.3975312],[-46.6957933,-20.3972969],[-46.6955176,-20.3971275],[-46.6952683,-20.3970522],[-46.6950127,-20.3970637],[-46.694583,-20.3971939],[-46.694294,-20.3971967],[-46.6940265,-20.3970774],[-46.6938957,-20.3969353],[-46.6938026,-20.3967641],[-46.693724,-20.3965354],[-46.6936851,-20.396295],[-46.6936579,-20.3960485],[-46.6935259,-20.395806],[-46.6933565,-20.395614],[-46.6931053,-20.3955878],[-46.692972,-20.3959189],[-46.6927984,-20.3960353],[-46.6925998,-20.3959584],[-46.6923781,-20.3958458],[-46.6921659,-20.3959124],[-46.6920473,-20.3962004],[-46.6920662,-20.3965372],[-46.6921761,-20.3968516],[-46.6922708,-20.3971662],[-46.6924876,-20.3975154],[-46.6928612,-20.39784],[-46.6930185,-20.3980839],[-46.6931511,-20.398252],[-46.6931511,-20.3983912],[-46.6930928,-20.3986209],[-46.6929498,-20.3987585],[-46.692731,-20.3989184],[-46.6925887,-20.3991206],[-46.6925445,-20.3993334],[-46.6927505,-20.3995299],[-46.6930557,-20.3996882],[-46.6932503,-20.3998408],[-46.6932884,-20.4000563],[-46.6931713,-20.4002406],[-46.6930672,-20.4004567],[-46.6928998,-20.4007076],[-46.6927746,-20.4008181],[-46.6925937,-20.4009632],[-46.6922534,-20.4011386],[-46.6920346,-20.4012985],[-46.6920367,-20.4014992],[-46.6921593,-20.4016814],[-46.6922546,-20.4018149],[-46.6924148,-20.4019313],[-46.6926437,-20.4020228],[-46.6929729,-20.4022645],[-46.6931578,-20.4024778],[-46.6931923,-20.4028503],[-46.6931809,-20.4032018],[-46.6930595,-20.4035411],[-46.6930595,-20.4036765],[-46.6929912,-20.403935],[-46.6928563,-20.4041227],[-46.6925555,-20.4044268],[-46.6922154,-20.4046237],[-46.6918217,-20.4047924],[-46.6915561,-20.4048452],[-46.6912283,-20.4047695],[-46.6909067,-20.4045719],[-46.6906681,-20.4043089],[-46.6906716,-20.403936],[-46.6906901,-20.4035415],[-46.6907822,-20.4033599],[-46.6907822,-20.4030852],[-46.6907707,-20.4027953],[-46.6907211,-20.4026122],[-46.6905762,-20.4024043],[-46.690393,-20.4023032],[-46.6902367,-20.4022822],[-46.6899544,-20.402267],[-46.6896953,-20.402282],[-46.6894668,-20.4022484],[-46.6892377,-20.4021645],[-46.6890426,-20.4019465],[-46.6888939,-20.4018111],[-46.6886993,-20.4016738],[-46.6884779,-20.4015266],[-46.6880671,-20.4015162],[-46.6877398,-20.4014907],[-46.6874651,-20.4014073],[-46.6871212,-20.4012529],[-46.686917,-20.4013553],[-46.6869202,-20.4016492],[-46.6870208,-20.4018702],[-46.6870208,-20.4020877],[-46.6871719,-20.402414],[-46.687282,-20.4027499],[-46.6873769,-20.4030788],[-46.6875857,-20.4033995],[-46.6877628,-20.4035985],[-46.6879974,-20.4038577],[-46.6882873,-20.4039359],[-46.6886535,-20.4041438],[-46.6888748,-20.4042907],[-46.6890808,-20.4044738],[-46.689241,-20.4047389],[-46.6893528,-20.4050458],[-46.6894106,-20.4054611],[-46.6894285,-20.4057119],[-46.6894547,-20.40602],[-46.6894201,-20.4063358],[-46.6893855,-20.4066445],[-46.6891754,-20.4069046],[-46.6889036,-20.4070865],[-46.6885771,-20.4071399],[-46.6883491,-20.4071493],[-46.6880456,-20.4072167],[-46.6876507,-20.4072707],[-46.6872332,-20.4073465],[-46.6868473,-20.4075295],[-46.686385,-20.4076702],[-46.6859184,-20.4077792],[-46.6855674,-20.4077468],[-46.6853729,-20.4077354],[-46.6850677,-20.4076801],[-46.6849075,-20.4076171],[-46.6847739,-20.4074016],[-46.6847129,-20.4070769],[-46.6847332,-20.4068401],[-46.6847678,-20.4065314],[-46.6848787,-20.4062364],[-46.685012,-20.4059053],[-46.6851685,-20.4056098],[-46.685378,-20.4052923],[-46.6855636,-20.4049964],[-46.6856301,-20.4047019],[-46.6856572,-20.4043933],[-46.6856092,-20.4041715],[-46.6854848,-20.4039289],[-46.685286,-20.4038233],[-46.6850037,-20.40374],[-46.6847386,-20.4038429],[-46.6844512,-20.4039891],[-46.6841255,-20.4042067],[-46.683831,-20.4043034],[-46.683527,-20.4043207],[-46.6831996,-20.404288],[-46.6828346,-20.4041957],[-46.6825805,-20.4043021],[-46.6824699,-20.4045291],[-46.6823859,-20.4049773],[-46.6822143,-20.4053226],[-46.6820197,-20.4054637],[-46.6817993,-20.4055993],[-46.6814048,-20.4056892],[-46.6811007,-20.4056993],[-46.6807351,-20.4056526],[-46.6804827,-20.4055188],[-46.6803298,-20.4053855],[-46.6800628,-20.4054065],[-46.6798509,-20.4054675],[-46.679672,-20.4057991],[-46.6796069,-20.406108],[-46.6794495,-20.4063247],[-46.6793378,-20.406548],[-46.6793416,-20.4068993],[-46.6793799,-20.4071556],[-46.6794167,-20.4075081],[-46.679351,-20.4077596],[-46.6791775,-20.4078904],[-46.6790579,-20.4080851],[-46.6788923,-20.4082445],[-46.6785449,-20.4084701],[-46.6782574,-20.4086091],[-46.6779629,-20.4088055],[-46.6777145,-20.4090374],[-46.6775041,-20.409276],[-46.6772023,-20.4095012],[-46.6767858,-20.4096629],[-46.6764596,-20.409745],[-46.6761328,-20.4097624],[-46.6758895,-20.4096656],[-46.6756822,-20.4095875],[-46.6754692,-20.4095896],[-46.6752653,-20.4097206],[-46.6751495,-20.4100929],[-46.6749549,-20.4102741],[-46.6745571,-20.410344],[-46.6743514,-20.410422],[-46.6742423,-20.4107701],[-46.6742592,-20.4109277],[-46.674186,-20.4111865],[-46.6739531,-20.4114541],[-46.673658,-20.4116003],[-46.6732872,-20.4117688],[-46.6729226,-20.4118153],[-46.6723145,-20.4118498],[-46.6719267,-20.4118535],[-46.6716522,-20.4117845],[-46.6713548,-20.4117156],[-46.671144,-20.4115082],[-46.6708502,-20.4113403],[-46.6706442,-20.4111286],[-46.6705107,-20.4110409],[-46.6703772,-20.4108329],[-46.6701102,-20.4106384],[-46.6699995,-20.4106155],[-46.669746,-20.410634],[-46.6695963,-20.4108649],[-46.6695003,-20.4111311],[-46.6693282,-20.4113909],[-46.6691101,-20.4116224],[-46.6688764,-20.4118111],[-46.6687102,-20.4120289],[-46.6685042,-20.4121567],[-46.6679966,-20.4122153],[-46.667763,-20.4122376],[-46.6673941,-20.4123073],[-46.6669935,-20.4123073],[-46.6668563,-20.4123962],[-46.6669309,-20.4126615],[-46.6669952,-20.4129763],[-46.6668715,-20.4131351],[-46.6667875,-20.41324],[-46.6666922,-20.4133297],[-46.6666821,-20.4135673],[-46.6669037,-20.4136656],[-46.6673227,-20.4137261],[-46.6676872,-20.4136796],[-46.6680053,-20.4135546],[-46.6681946,-20.4134739],[-46.6684872,-20.4132248],[-46.6687221,-20.4130172],[-46.668964,-20.4128786],[-46.669153,-20.4127764],[-46.6693963,-20.4127669],[-46.6696178,-20.4128508],[-46.66966,-20.4130092],[-46.6696371,-20.4131313],[-46.6694551,-20.4132826],[-46.6692904,-20.413528],[-46.6692927,-20.4137431],[-46.6693931,-20.4138855],[-46.6696439,-20.4138616],[-46.6700079,-20.4137649],[-46.6703314,-20.4135795],[-46.6705489,-20.413488],[-46.670732,-20.4134537],[-46.6710412,-20.4134704],[-46.6712613,-20.4136238],[-46.6713999,-20.4137802],[-46.6716227,-20.413986],[-46.6718302,-20.4141848],[-46.6721091,-20.4144398],[-46.6722012,-20.4147333],[-46.6721807,-20.4149486],[-46.672061,-20.4151362],[-46.671926,-20.4153038],[-46.6719985,-20.4154297],[-46.6722312,-20.415464],[-46.6724982,-20.4154163],[-46.6727919,-20.4153133],[-46.6729483,-20.4152675],[-46.6732764,-20.4152542],[-46.6734238,-20.4152594],[-46.6735472,-20.4154159],[-46.67355,-20.415674],[-46.6734915,-20.4158969],[-46.6733499,-20.4161635],[-46.6731398,-20.4164308],[-46.6729026,-20.416658],[-46.6728186,-20.4168755],[-46.6727309,-20.4171291],[-46.6726088,-20.4176136],[-46.6725363,-20.4178101],[-46.6724524,-20.4180409],[-46.6724028,-20.4181896],[-46.6723164,-20.4183532],[-46.6721964,-20.4185121],[-46.6720156,-20.4186787],[-46.6717582,-20.4188324],[-46.6714301,-20.4188896],[-46.6711249,-20.4188896],[-46.6708082,-20.4188552],[-46.6704407,-20.4186365],[-46.6700846,-20.4184069],[-46.6697284,-20.4181773],[-46.6695189,-20.4179607],[-46.669153,-20.4177095],[-46.6688244,-20.4175693],[-46.6684965,-20.4174935],[-46.668238,-20.4175032],[-46.667966,-20.4176707],[-46.6679391,-20.4179936],[-46.6679421,-20.4182732],[-46.6679526,-20.4185384],[-46.6679511,-20.4189202],[-46.6678633,-20.4192406],[-46.6677679,-20.4194905],[-46.6675467,-20.4197231],[-46.6674017,-20.4199311],[-46.6672568,-20.4201275],[-46.6670126,-20.4203907],[-46.6668448,-20.4205147],[-46.6667342,-20.4206883],[-46.6665625,-20.4208619],[-46.6662161,-20.4211507],[-46.6659001,-20.4214692],[-46.6656517,-20.4217154],[-46.6654591,-20.4218531],[-46.665094,-20.4221939],[-46.6647549,-20.4224912],[-46.6645515,-20.4226724],[-46.6641897,-20.4230019],[-46.6639837,-20.4232079],[-46.6637167,-20.4235207],[-46.6633276,-20.4238545],[-46.6630835,-20.4240376],[-46.6627783,-20.4243485],[-46.6626448,-20.4245202],[-46.6624044,-20.4246594],[-46.6620131,-20.4249839],[-46.6617118,-20.4252593],[-46.6614176,-20.4254843],[-46.6610998,-20.425615],[-46.6607222,-20.4258668],[-46.6606153,-20.4259278],[-46.6602676,-20.4260618],[-46.659942,-20.4261939],[-46.6596611,-20.4262468],[-46.6592497,-20.4263512],[-46.6590322,-20.4265611],[-46.6588262,-20.426788],[-46.6585592,-20.4272153],[-46.6583876,-20.4275834],[-46.6582044,-20.4278695],[-46.6580083,-20.4281698],[-46.6578497,-20.4282717],[-46.6576386,-20.428453],[-46.657382,-20.4286419],[-46.6570628,-20.4286664],[-46.6567581,-20.4286263],[-46.6564905,-20.4284926],[-46.656322,-20.4283866],[-46.6562292,-20.4282441],[-46.6561133,-20.4280803],[-46.6558761,-20.4278833],[-46.6556776,-20.4278765],[-46.6555263,-20.4279497],[-46.6553148,-20.4280879],[-46.6550046,-20.4282486],[-46.65464,-20.4282951],[-46.6543285,-20.4283339],[-46.6539864,-20.4283515],[-46.6537284,-20.4284041],[-46.6534322,-20.4284608],[-46.6533369,-20.4286573],[-46.6532873,-20.4287736],[-46.6531919,-20.4291055],[-46.6530813,-20.4292905],[-46.6528204,-20.4295672],[-46.6524877,-20.4297496],[-46.6520776,-20.4298108],[-46.6517416,-20.429685],[-46.6515592,-20.4294774],[-46.6514257,-20.4294202],[-46.6510762,-20.4293471],[-46.6507644,-20.4293501],[-46.6505741,-20.4293447],[-46.6502854,-20.4293761],[-46.6500049,-20.4294576],[-46.6498166,-20.4296387],[-46.6495657,-20.4296482],[-46.6492685,-20.4295937],[-46.6490644,-20.4296186],[-46.6490148,-20.4298131],[-46.6489919,-20.4300306],[-46.6488927,-20.4303071],[-46.6487706,-20.4305837],[-46.6486256,-20.4307783],[-46.6483815,-20.4310567],[-46.6482976,-20.4312284],[-46.6482747,-20.4314096],[-46.6482022,-20.4315145],[-46.6482022,-20.4317548],[-46.6482022,-20.4320066],[-46.648187,-20.4322145],[-46.6481527,-20.4324453],[-46.647981,-20.4327085],[-46.6478475,-20.4328725],[-46.6478407,-20.4330153],[-46.6479457,-20.4331417],[-46.6481812,-20.4332035],[-46.6484791,-20.4333225],[-46.6486142,-20.4336069],[-46.648641,-20.4338148],[-46.648641,-20.4340074],[-46.6486295,-20.4341791],[-46.6485799,-20.4343202],[-46.648496,-20.4345605],[-46.6483014,-20.4347112],[-46.6481767,-20.4349244],[-46.6480038,-20.4351196],[-46.647815,-20.4352433],[-46.6475365,-20.4355256],[-46.6471812,-20.4357297],[-46.646909,-20.4358828],[-46.6467967,-20.436056],[-46.646883,-20.4363061],[-46.6469618,-20.4365564],[-46.6469037,-20.436815],[-46.6466537,-20.4369178],[-46.6463266,-20.4369137],[-46.6459539,-20.4369172],[-46.6453565,-20.4368627],[-46.6451238,-20.4368742],[-46.644888,-20.4368269],[-46.6445835,-20.4368083],[-46.6443329,-20.4368465],[-46.6441039,-20.4368682],[-46.6438029,-20.4369353],[-46.6434682,-20.4369925],[-46.6432926,-20.4370252],[-46.6430676,-20.4371183],[-46.6428175,-20.4374129],[-46.6426227,-20.4376944],[-46.6422894,-20.4379022],[-46.6420682,-20.4379824],[-46.641763,-20.4380758],[-46.641387,-20.4380861],[-46.6410976,-20.4380601],[-46.6408777,-20.4381268],[-46.6408115,-20.4383353],[-46.6409439,-20.4386281],[-46.64097,-20.4389361],[-46.6409123,-20.4393156],[-46.6408789,-20.4396684],[-46.6406681,-20.4398783],[-46.6405329,-20.4400445],[-46.6403826,-20.440218],[-46.6402174,-20.4404203],[-46.6400218,-20.4406229],[-46.6398267,-20.4408757],[-46.6395407,-20.4411652],[-46.63933,-20.4413823],[-46.6391345,-20.4415993],[-46.6389472,-20.4418663],[-46.6387381,-20.4422412],[-46.6386806,-20.44255],[-46.638638,-20.4428372],[-46.6386421,-20.4432316],[-46.6387595,-20.4435388],[-46.638816,-20.4438466],[-46.6388806,-20.4441973],[-46.6388534,-20.4445059],[-46.6388039,-20.4448577],[-46.6386696,-20.4451027],[-46.6385052,-20.4452837],[-46.6381428,-20.4453085],[-46.6380208,-20.4452875],[-46.6378262,-20.4452761],[-46.6374486,-20.4451845],[-46.6372159,-20.4451235],[-46.6369946,-20.4450663],[-46.6365941,-20.4450339],[-46.6364109,-20.4450358],[-46.6361935,-20.4450701],[-46.6360829,-20.4451254],[-46.6357959,-20.4452804],[-46.6355468,-20.4454691],[-46.635351,-20.4456502],[-46.6351712,-20.4458292],[-46.6349499,-20.4458998],[-46.6346946,-20.4460084],[-46.6343891,-20.4460352],[-46.6342213,-20.4460372],[-46.6339466,-20.4459359],[-46.6337648,-20.4460021],[-46.6336613,-20.4462899],[-46.6335995,-20.446575],[-46.6334545,-20.4467715],[-46.6332332,-20.4468174],[-46.6329527,-20.4469061],[-46.6327029,-20.4470231],[-46.6323698,-20.4471768],[-46.6320545,-20.4474753],[-46.63186,-20.4476718],[-46.6317304,-20.447864],[-46.6315423,-20.4480594],[-46.6313107,-20.4482688],[-46.6311296,-20.448601],[-46.6309721,-20.4488104],[-46.6305821,-20.4490966],[-46.6302654,-20.4491461],[-46.6300213,-20.4490622],[-46.6299603,-20.4489802],[-46.6298649,-20.4488696],[-46.629761,-20.4486712],[-46.6296497,-20.4486035],[-46.6293886,-20.4487034],[-46.629284,-20.4488607],[-46.6290961,-20.4491005],[-46.6289223,-20.4492168],[-46.628748,-20.449283],[-46.628589,-20.449349],[-46.6283077,-20.4493732],[-46.6280758,-20.4493293],[-46.627927,-20.4493426],[-46.6275044,-20.4493711],[-46.6273042,-20.4494399],[-46.6270153,-20.4494498],[-46.6267711,-20.4493804],[-46.6264893,-20.4493543],[-46.6263053,-20.4492198],[-46.6261439,-20.4490564],[-46.6259054,-20.4488077],[-46.6257602,-20.4485511],[-46.6256199,-20.4484231],[-46.6254886,-20.4482379],[-46.6253415,-20.4479955],[-46.6252109,-20.4477328],[-46.6249553,-20.4474925],[-46.6247244,-20.4471839],[-46.6243643,-20.4469434],[-46.6239826,-20.4469413],[-46.6237728,-20.4470557],[-46.623788,-20.4472407],[-46.6238948,-20.4474849],[-46.6239826,-20.4477233],[-46.6240779,-20.4478396],[-46.6242608,-20.4479482],[-46.6244457,-20.4481688],[-46.6245433,-20.4484481],[-46.6245577,-20.4486984],[-46.6246282,-20.4488913],[-46.6246696,-20.4492064],[-46.6248246,-20.4494774],[-46.6249566,-20.4497343],[-46.6250663,-20.4500416],[-46.6252907,-20.450398],[-46.6255621,-20.4508831],[-46.6256568,-20.451212],[-46.6256238,-20.4516856],[-46.6255436,-20.4520162],[-46.6255473,-20.4523747],[-46.6256184,-20.452625],[-46.625787,-20.4529189],[-46.6260482,-20.4529795],[-46.6262677,-20.4528698],[-46.6265858,-20.4527378],[-46.626821,-20.4526711],[-46.6270484,-20.4525972],[-46.6273066,-20.4525518],[-46.6276044,-20.4526566],[-46.6277742,-20.4528916],[-46.6278456,-20.4531706],[-46.6278409,-20.4534431],[-46.6276753,-20.4536552],[-46.6275177,-20.4538118],[-46.6273594,-20.4539495],[-46.6271755,-20.4541015],[-46.626952,-20.454276],[-46.6266806,-20.4543798],[-46.6264061,-20.4544604],[-46.6261256,-20.454549],[-46.6257766,-20.4545343],[-46.6255924,-20.4545631],[-46.6253483,-20.4545612],[-46.6252147,-20.4545631],[-46.6248719,-20.454697],[-46.6245915,-20.4548],[-46.6243956,-20.4549811],[-46.6242083,-20.4552625],[-46.624036,-20.4556217],[-46.6237881,-20.4558185],[-46.6234981,-20.456047],[-46.6232578,-20.4561843],[-46.6229145,-20.4564723],[-46.6229145,-20.4566116],[-46.6229412,-20.4567165],[-46.6231243,-20.4568042],[-46.6233074,-20.4568309],[-46.6235248,-20.4568271],[-46.6237575,-20.4568176],[-46.6239979,-20.4567699],[-46.6242077,-20.456726],[-46.6243526,-20.4566802],[-46.6245853,-20.4566554],[-46.6246652,-20.4567496],[-46.6247353,-20.4568996],[-46.6246765,-20.4571009],[-46.6244134,-20.4574045],[-46.6242328,-20.4575926],[-46.6240673,-20.4577734],[-46.6238186,-20.4580001],[-46.623569,-20.4581294],[-46.6233123,-20.4583254],[-46.623162,-20.4584989],[-46.6230044,-20.4587083],[-46.6228469,-20.4589249],[-46.6226903,-20.4592203],[-46.6225707,-20.4594222],[-46.6224139,-20.4597105],[-46.622234,-20.4599631],[-46.622018,-20.4602661],[-46.6218235,-20.460535],[-46.6215047,-20.4607873],[-46.6211202,-20.4611279],[-46.6208411,-20.4613528],[-46.6204412,-20.461672],[-46.6202404,-20.4619274],[-46.6199237,-20.4621334],[-46.6195575,-20.4623623],[-46.6192066,-20.4625149],[-46.6188693,-20.4626834],[-46.6186726,-20.4627856],[-46.6183167,-20.4629538],[-46.6178544,-20.463123],[-46.617492,-20.4633917],[-46.6171748,-20.4636169],[-46.6169344,-20.463906],[-46.6164524,-20.4640446],[-46.6163455,-20.4640083],[-46.6160747,-20.4639072],[-46.6157686,-20.4637376],[-46.6155393,-20.4636393],[-46.6153395,-20.4634476],[-46.6151332,-20.4633634],[-46.6148969,-20.4633298],[-46.6146861,-20.463541],[-46.614569,-20.4636857],[-46.6145006,-20.4639931],[-46.6143205,-20.4642243],[-46.6141254,-20.4644842],[-46.6138965,-20.4645958],[-46.6137248,-20.4648056],[-46.6134299,-20.4649137],[-46.6130514,-20.4651036],[-46.612733,-20.4652142],[-46.6124073,-20.4653534],[-46.6120581,-20.4654212],[-46.6117235,-20.4654386],[-46.6114806,-20.4654982],[-46.6113292,-20.4657269],[-46.611333,-20.465937],[-46.6113052,-20.4661882],[-46.6113615,-20.4664817],[-46.6113637,-20.4666896],[-46.6112441,-20.4668915],[-46.611085,-20.4670487],[-46.6110011,-20.4671612],[-46.6106852,-20.4672839],[-46.6104122,-20.4673724],[-46.6101537,-20.4673963],[-46.6098949,-20.4673844],[-46.6096443,-20.4674297],[-46.6095484,-20.4677174],[-46.6095515,-20.4680825],[-46.6095545,-20.4683054],[-46.609557,-20.468542],[-46.6094308,-20.4688443],[-46.6092959,-20.4690972],[-46.609273,-20.4692784],[-46.6093176,-20.4696627],[-46.6093219,-20.4700786],[-46.6092496,-20.4704378],[-46.609032,-20.4707266],[-46.6087376,-20.4709516],[-46.6084646,-20.4710402],[-46.6082143,-20.4711214],[-46.6078334,-20.4710747],[-46.6074671,-20.470943],[-46.6072068,-20.4708152],[-46.6069616,-20.4706525],[-46.6067238,-20.4704611],[-46.6065621,-20.4702834],[-46.6062899,-20.4700413],[-46.6061068,-20.4695683],[-46.6060915,-20.4693757],[-46.6060915,-20.469019],[-46.6060915,-20.4688778],[-46.6060915,-20.4686604],[-46.6060915,-20.4683991],[-46.6060915,-20.4679928],[-46.606103,-20.4676724],[-46.6062136,-20.467247],[-46.6063586,-20.466938],[-46.6065074,-20.4666615],[-46.6066638,-20.4664288],[-46.6068698,-20.4661789],[-46.6070529,-20.465992],[-46.6072597,-20.4656664],[-46.6075008,-20.4654419],[-46.6077491,-20.4651743],[-46.6080056,-20.4649568],[-46.6082965,-20.4647293],[-46.6089272,-20.4643244],[-46.6092821,-20.4640702],[-46.6095296,-20.4637237],[-46.6095177,-20.4633151],[-46.6094166,-20.463101],[-46.6091658,-20.463132],[-46.6089259,-20.4632244],[-46.6086588,-20.4632359],[-46.6085024,-20.4632454],[-46.6083079,-20.4632797],[-46.6080371,-20.4633141],[-46.6078196,-20.4633827],[-46.6076251,-20.4634762],[-46.6074801,-20.4635677],[-46.6073428,-20.4636593],[-46.6071253,-20.463728],[-46.6068698,-20.4638214],[-46.6066266,-20.4640517],[-46.6063624,-20.4642478],[-46.6061214,-20.4644866],[-46.6058053,-20.4648194],[-46.6054926,-20.4650765],[-46.6052866,-20.4653168],[-46.6051035,-20.4655457],[-46.6048503,-20.4659038],[-46.6046468,-20.4660849],[-46.6044508,-20.466266],[-46.6043157,-20.4664465],[-46.6040926,-20.4666615],[-46.6040087,-20.4667874],[-46.6038981,-20.4669056],[-46.6037913,-20.4670296],[-46.60357,-20.4673424],[-46.603364,-20.4676075],[-46.6030833,-20.4679206],[-46.602874,-20.4682882],[-46.6026648,-20.4686558],[-46.6024775,-20.46893],[-46.6023127,-20.4691825],[-46.6021394,-20.469349],[-46.601891,-20.4696023],[-46.601688,-20.4698408],[-46.6014776,-20.4700937],[-46.6012353,-20.4702106],[-46.6010382,-20.470277],[-46.6007422,-20.4703514],[-46.6005144,-20.4704609],[-46.6004335,-20.4706626],[-46.6005193,-20.4708697],[-46.600689,-20.4710905],[-46.6009886,-20.4713673],[-46.6013689,-20.4717446],[-46.6015292,-20.4720002],[-46.6016131,-20.4722386],[-46.601758,-20.4725495],[-46.6017847,-20.4729195],[-46.6017466,-20.4733315],[-46.6017466,-20.4735299],[-46.601652,-20.4737059],[-46.6016009,-20.4739143],[-46.6017389,-20.4740135],[-46.6020588,-20.4740464],[-46.6023478,-20.4740294],[-46.6027349,-20.4739397],[-46.6030465,-20.4739082],[-46.6033671,-20.4739984],[-46.6036505,-20.4741823],[-46.6038581,-20.4743883],[-46.6039782,-20.4747697],[-46.6039782,-20.475031],[-46.6039782,-20.4752847],[-46.6039668,-20.4755822],[-46.6039515,-20.4758359],[-46.603879,-20.4761487],[-46.6037951,-20.4764462],[-46.6036616,-20.4767781],[-46.603551,-20.4769631],[-46.6033946,-20.4771462],[-46.6032421,-20.4773482],[-46.6030309,-20.4775294],[-46.6027613,-20.4776307],[-46.6026278,-20.4777223],[-46.602418,-20.4778729],[-46.6021561,-20.4779936],[-46.6019274,-20.4782422],[-46.6018228,-20.4784296],[-46.6016815,-20.4787464],[-46.6015398,-20.4790202],[-46.6013902,-20.4792726],[-46.6012099,-20.4794965],[-46.6009219,-20.4796067],[-46.600648,-20.4796092],[-46.6002973,-20.4795408],[-46.6000603,-20.4794354],[-46.5997781,-20.4793663],[-46.5994349,-20.4794274],[-46.599145,-20.4794618],[-46.5987347,-20.4792755],[-46.59852,-20.4791197],[-46.5982662,-20.4789431],[-46.5980126,-20.4786153],[-46.5977737,-20.4783307],[-46.5975722,-20.477974],[-46.5973292,-20.4776364],[-46.5973047,-20.4771232],[-46.5972025,-20.4768086],[-46.5971998,-20.4765434],[-46.5971133,-20.4762789],[-46.5969069,-20.4761804],[-46.5965416,-20.4761766],[-46.5963411,-20.4760591],[-46.5961125,-20.4758865],[-46.5958521,-20.4757168],[-46.5956064,-20.475504],[-46.5953691,-20.4753699],[-46.5951105,-20.4753794],[-46.5950134,-20.4755524],[-46.5950462,-20.4757887],[-46.5949651,-20.4760333],[-46.5948301,-20.476221],[-46.5947408,-20.4764154],[-46.5944299,-20.4766275],[-46.5943308,-20.476719],[-46.5941362,-20.4768201],[-46.5938921,-20.4768449],[-46.5936861,-20.476843],[-46.5935144,-20.476822],[-46.5932855,-20.4767743],[-46.5930305,-20.4765816],[-46.5927851,-20.4763975],[-46.59254,-20.4762491],[-46.5922195,-20.4761588],[-46.5919001,-20.4761761],[-46.5918092,-20.4763988],[-46.5917748,-20.4768165],[-46.5917657,-20.4770258],[-46.5918355,-20.4773138],[-46.5918855,-20.4775812],[-46.5918855,-20.4778348],[-46.5918131,-20.4781686],[-46.591752,-20.4784681],[-46.5915678,-20.4786243],[-46.5915009,-20.4787826],[-46.591435,-20.4790342],[-46.5914308,-20.4793641],[-46.5914345,-20.4797226],[-46.5914376,-20.4800237],[-46.5913861,-20.4801962],[-46.5912061,-20.4804417],[-46.5910178,-20.4806298],[-46.5908286,-20.480732],[-46.5906541,-20.4807837],[-46.5903197,-20.4808227],[-46.5897873,-20.4808419],[-46.5894144,-20.4808381],[-46.5890034,-20.4808275],[-46.5888058,-20.480858],[-46.5883642,-20.4808334],[-46.5880761,-20.4807799],[-46.5877313,-20.4807817],[-46.587491,-20.4807931],[-46.5869531,-20.4807569],[-46.5865067,-20.4807428],[-46.5862473,-20.4806806],[-46.5858739,-20.4806267],[-46.5855083,-20.4805942],[-46.5851581,-20.4805758],[-46.5846703,-20.4804943],[-46.5843125,-20.4804832],[-46.5838933,-20.4804153],[-46.583497,-20.4803544],[-46.5831693,-20.4803],[-46.582781,-20.4802749],[-46.5825885,-20.4802751],[-46.5823373,-20.4803831],[-46.5823373,-20.4805414],[-46.5823487,-20.4806902],[-46.582505,-20.4808223],[-46.5825606,-20.4810513],[-46.5825857,-20.4812733],[-46.5825272,-20.4814961],[-46.5824224,-20.4816692],[-46.5823634,-20.4818561],[-46.5824039,-20.4820924],[-46.5824754,-20.4823857],[-46.5824628,-20.4826368],[-46.582452,-20.4830743],[-46.5823032,-20.4833983],[-46.5821923,-20.4836142],[-46.5820931,-20.4837953],[-46.5818757,-20.4839327],[-46.5817307,-20.4839937],[-46.5814204,-20.4841306],[-46.5810555,-20.4841626],[-46.5807437,-20.4841869],[-46.5804239,-20.4841683],[-46.5802087,-20.4840605],[-46.5799493,-20.484028],[-46.5795384,-20.4838896],[-46.5791343,-20.4838072],[-46.578715,-20.4837393],[-46.5784253,-20.4836846],[-46.5781373,-20.4836237],[-46.5779656,-20.4835665],[-46.5777482,-20.4835455],[-46.5775994,-20.4833986],[-46.5774163,-20.4831201],[-46.5773209,-20.4830172],[-46.5771988,-20.4827654],[-46.5771378,-20.4825937],[-46.5769547,-20.4825003],[-46.5767601,-20.4825479],[-46.5766114,-20.4825804],[-46.576516,-20.4826414],[-46.5763692,-20.4827854],[-46.5761864,-20.4827656],[-46.5760166,-20.4825305],[-46.5759774,-20.4824161],[-46.5758612,-20.4822164],[-46.575631,-20.4820321],[-46.575333,-20.4819129],[-46.5749523,-20.4818876],[-46.5746632,-20.4818903],[-46.5744357,-20.481964],[-46.5744217,-20.4820864],[-46.5744446,-20.4822485],[-46.5745056,-20.4824774],[-46.5746506,-20.4826853],[-46.5748318,-20.4827564],[-46.5750101,-20.4830774],[-46.5751716,-20.4832409],[-46.5752495,-20.4833967],[-46.5753884,-20.4836118],[-46.5755421,-20.4837538],[-46.5758029,-20.4839594],[-46.5759404,-20.4840083],[-46.5763147,-20.4841555],[-46.5765894,-20.4842247],[-46.576856,-20.4842581],[-46.5771149,-20.4842837],[-46.5773279,-20.484261],[-46.5776328,-20.4843156],[-46.5782098,-20.4844915],[-46.578576,-20.4846365],[-46.5789765,-20.4848444],[-46.5792535,-20.4850538],[-46.5795212,-20.4851804],[-46.5798499,-20.485328],[-46.5801779,-20.4854039],[-46.5805967,-20.4854288],[-46.5809389,-20.4854113],[-46.5812583,-20.4853941],[-46.5815317,-20.4853414],[-46.5817434,-20.4852032],[-46.5820313,-20.4850859],[-46.5823754,-20.4849359],[-46.58269,-20.4847644],[-46.5829972,-20.484646],[-46.5832414,-20.4844953],[-46.5834633,-20.4843605],[-46.5836515,-20.4842271],[-46.5838941,-20.4840416],[-46.5840171,-20.4838759],[-46.5841748,-20.4836817],[-46.5844156,-20.4833269],[-46.5844926,-20.4830686],[-46.5846414,-20.4827921],[-46.5847066,-20.4825109],[-46.5848388,-20.48227],[-46.5850038,-20.4820482],[-46.5852594,-20.4818384],[-46.5854539,-20.4817602],[-46.5855969,-20.4817589],[-46.5858013,-20.481744],[-46.5859717,-20.4818224],[-46.5861575,-20.4819382],[-46.5862988,-20.4820921],[-46.5864249,-20.4822226],[-46.5865763,-20.4823951],[-46.5867283,-20.4826241],[-46.586905,-20.4828247],[-46.5870617,-20.483016],[-46.5872335,-20.4832307],[-46.5874053,-20.4834407],[-46.5875978,-20.4836198],[-46.5877767,-20.4836198],[-46.5878658,-20.4833594],[-46.5879697,-20.4831075],[-46.5881423,-20.4828693],[-46.5883004,-20.4827101],[-46.5885956,-20.4825568],[-46.58899,-20.4824313],[-46.5892558,-20.4823859],[-46.5896363,-20.4823895],[-46.5900406,-20.4824862],[-46.590352,-20.4826414],[-46.5904849,-20.482769],[-46.5906759,-20.4828461],[-46.5909802,-20.4828361],[-46.5913302,-20.4828329],[-46.5915953,-20.4827158],[-46.5918821,-20.4824837],[-46.5921068,-20.4822275],[-46.5924336,-20.4820975],[-46.5928354,-20.4820901],[-46.5932131,-20.4820329],[-46.5934572,-20.4818803],[-46.5937357,-20.4816751],[-46.5941469,-20.4814806],[-46.5945269,-20.4814341],[-46.5948462,-20.4814096],[-46.5950593,-20.4814149],[-46.5954244,-20.4814561],[-46.5958897,-20.4815148],[-46.5962259,-20.4816479],[-46.5965559,-20.4819174],[-46.596916,-20.4821579],[-46.5970568,-20.4825223],[-46.5971442,-20.48288],[-46.5971856,-20.4832023],[-46.5970213,-20.4835049],[-46.5968186,-20.4837721],[-46.5965849,-20.4839822],[-46.5963499,-20.4840704],[-46.596062,-20.4841878],[-46.5957052,-20.4842699],[-46.5954472,-20.4843368],[-46.5950444,-20.4843907],[-46.5944818,-20.4844389],[-46.5941015,-20.4844567],[-46.5937054,-20.4844102],[-46.5934314,-20.4844055],[-46.5931048,-20.4844659],[-46.5928242,-20.4845617],[-46.5924608,-20.4847371],[-46.5923253,-20.4848817],[-46.5922899,-20.485133],[-46.5924282,-20.4852608],[-46.5927797,-20.4854082],[-46.5931389,-20.4855555],[-46.5934816,-20.4855882],[-46.5937891,-20.4856626],[-46.5939837,-20.4857427],[-46.594435,-20.4857945],[-46.594802,-20.4859704],[-46.5951777,-20.4860384],[-46.5955553,-20.4859811],[-46.5957977,-20.4858609],[-46.5961621,-20.4857715],[-46.5964581,-20.4856971],[-46.5968383,-20.4856792],[-46.5971969,-20.4857691],[-46.5974497,-20.4859317],[-46.5974665,-20.4861662],[-46.5974169,-20.4863836],[-46.5972605,-20.4866697],[-46.5970889,-20.4868795],[-46.5967314,-20.4871413],[-46.5964362,-20.4873018],[-46.5961485,-20.4874407],[-46.595944,-20.4875286],[-46.5956633,-20.48761],[-46.5953825,-20.4876843],[-46.5952928,-20.4878429],[-46.5953055,-20.4880548],[-46.5954259,-20.4882074],[-46.5955735,-20.4885],[-46.5956747,-20.4887142],[-46.5957238,-20.4890507],[-46.5957125,-20.4894237],[-46.5955668,-20.4897425],[-46.5954943,-20.4898931],[-46.5953837,-20.4899923],[-46.5952654,-20.4900762],[-46.5950709,-20.490122],[-46.5948496,-20.4901792],[-46.5945632,-20.4901369],[-46.594205,-20.4900829],[-46.5940768,-20.4901988],[-46.594064,-20.4904355],[-46.5941497,-20.4906211],[-46.5942662,-20.4908567],[-46.5944043,-20.490963],[-46.5946353,-20.4912262],[-46.5947657,-20.4914572],[-46.5948611,-20.4915392],[-46.5950594,-20.4917757],[-46.5952387,-20.4921362],[-46.5953861,-20.4924454],[-46.5954653,-20.4927458],[-46.5955145,-20.4930896],[-46.595434,-20.4933986],[-46.5953455,-20.4936719],[-46.5952337,-20.4939024],[-46.5950213,-20.494076],[-46.5947362,-20.4942597],[-46.5944086,-20.4943259],[-46.5941191,-20.4942855],[-46.5939364,-20.49428],[-46.5937147,-20.4941888],[-46.5935091,-20.4941764],[-46.5932987,-20.4941759],[-46.5932037,-20.4944469],[-46.5930927,-20.4947466],[-46.5928817,-20.4951908],[-46.5926943,-20.4954673],[-46.592393,-20.4955847],[-46.5920766,-20.4958315],[-46.5918253,-20.4960609],[-46.5916987,-20.4963782],[-46.5913553,-20.4965613],[-46.5909662,-20.4967367],[-46.5907374,-20.4968607],[-46.5904932,-20.4969313],[-46.5902262,-20.4969561],[-46.5900164,-20.4970343],[-46.5896789,-20.4970127],[-46.5893119,-20.4970878],[-46.5891103,-20.4972211],[-46.589138,-20.4974479],[-46.5893556,-20.4976371],[-46.5895611,-20.4978862],[-46.5897668,-20.4981592],[-46.5897321,-20.4984821],[-46.5895205,-20.4988043],[-46.5891278,-20.4989179],[-46.5888101,-20.4988611],[-46.5884803,-20.4988521],[-46.5881752,-20.4987832],[-46.5879226,-20.4988931],[-46.5876571,-20.4989792],[-46.5873041,-20.4991855],[-46.587026,-20.4992717],[-46.5867093,-20.4993105],[-46.5863403,-20.4991944],[-46.5861605,-20.4989809],[-46.5860545,-20.4985397],[-46.5860242,-20.4980619],[-46.5859045,-20.4975252],[-46.5856482,-20.4972647],[-46.5851893,-20.4970418],[-46.5846405,-20.4967122],[-46.5843853,-20.4965592],[-46.583963,-20.4961925],[-46.5838431,-20.495632],[-46.5839019,-20.4951892],[-46.5842625,-20.4944809],[-46.5844085,-20.493882],[-46.5841801,-20.4938721],[-46.5839153,-20.4940544],[-46.5837047,-20.4941856],[-46.5833908,-20.4948234],[-46.5830647,-20.495173],[-46.5826476,-20.4953202],[-46.5822174,-20.4954197],[-46.5818841,-20.49532],[-46.5815556,-20.4951987],[-46.581266,-20.4954045],[-46.5813331,-20.4957624],[-46.5814081,-20.4961621],[-46.5817092,-20.4965716],[-46.5820798,-20.4968431],[-46.5823624,-20.4971871],[-46.5827863,-20.4977091],[-46.5829963,-20.4984003],[-46.5829506,-20.4988907],[-46.5827393,-20.4993109],[-46.5823611,-20.4995294],[-46.581916,-20.499414],[-46.5814822,-20.499167],[-46.5810737,-20.4989078],[-46.5808295,-20.4985993],[-46.5805605,-20.4983388],[-46.5802547,-20.498203],[-46.5798833,-20.497855],[-46.5797269,-20.4974501],[-46.5795833,-20.4970451],[-46.5796045,-20.4966386],[-46.579562,-20.4962087],[-46.5793445,-20.4960195],[-46.5789816,-20.4957623],[-46.5786929,-20.4954862],[-46.5785495,-20.4951782],[-46.577987,-20.4947736],[-46.5777518,-20.4946108],[-46.5775193,-20.4941551],[-46.5773464,-20.493626],[-46.5772506,-20.4931823],[-46.5770328,-20.4927254],[-46.5767987,-20.4921539],[-46.5765348,-20.4916544],[-46.5761976,-20.4914136],[-46.5758439,-20.4910583],[-46.5753386,-20.4907617],[-46.574957,-20.4906505],[-46.5746065,-20.4906106],[-46.5744871,-20.4908412],[-46.5746498,-20.4911048],[-46.5749788,-20.4912956],[-46.5753622,-20.491579],[-46.5756854,-20.4919345],[-46.5758117,-20.492378],[-46.5758316,-20.4928367],[-46.575806,-20.4933102],[-46.57575,-20.4937839],[-46.575572,-20.4942444],[-46.5753199,-20.4947686],[-46.5750338,-20.4951159],[-46.574747,-20.4953914],[-46.5744584,-20.4954945],[-46.5743614,-20.4956965],[-46.5745225,-20.4958028],[-46.5746929,-20.496067],[-46.574764,-20.4963105],[-46.5747292,-20.4966412],[-46.5745571,-20.4969515],[-46.5745452,-20.4972748],[-46.5746316,-20.4975326],[-46.5748634,-20.4978393],[-46.5751489,-20.4981814],[-46.575533,-20.4984724],[-46.5758256,-20.498757],[-46.5759727,-20.4989783],[-46.5762516,-20.499421],[-46.5764525,-20.4996849],[-46.5768661,-20.4998894],[-46.5771807,-20.5000877],[-46.5773602,-20.5004954],[-46.5776841,-20.5008659],[-46.5779392,-20.5012155],[-46.5781259,-20.50158],[-46.5780152,-20.5019401],[-46.5776966,-20.5020867],[-46.5771787,-20.5021273],[-46.5765835,-20.5020681],[-46.576042,-20.5020371],[-46.5755927,-20.5020699],[-46.5747013,-20.5021139],[-46.5741828,-20.502097],[-46.573579,-20.5019301],[-46.5727684,-20.5016789],[-46.5723616,-20.5014025],[-46.572236,-20.5010374],[-46.5721631,-20.5006215],[-46.5721656,-20.5001188],[-46.5718638,-20.4996691],[-46.5716408,-20.4994772],[-46.5713492,-20.4992931],[-46.5709137,-20.4991893],[-46.5707161,-20.4992414],[-46.5707497,-20.4995499],[-46.5708832,-20.4999365],[-46.5709008,-20.5004523],[-46.5708088,-20.5008564],[-46.5705521,-20.5011029],[-46.5701263,-20.5012001],[-46.569441,-20.5012782],[-46.5689676,-20.5013165],[-46.5688712,-20.5014911],[-46.568879,-20.5016616],[-46.5692681,-20.5019839],[-46.5696915,-20.5021346],[-46.5702744,-20.5022308],[-46.5707485,-20.5024226],[-46.5710778,-20.5025776],[-46.5712964,-20.5028781],[-46.5712708,-20.5031627],[-46.5712554,-20.503467],[-46.5712441,-20.503691],[-46.5714669,-20.5037531],[-46.5718586,-20.50385],[-46.5720925,-20.504149],[-46.5724671,-20.5043129],[-46.5727535,-20.5045446],[-46.5727928,-20.5049123],[-46.572655,-20.5053318],[-46.5729055,-20.5055136],[-46.5733149,-20.5056103],[-46.5737441,-20.5059075],[-46.5742806,-20.5062707],[-46.5746921,-20.5065682],[-46.575103,-20.5068154],[-46.5755635,-20.5066941],[-46.5761653,-20.5065046],[-46.5766271,-20.5065171],[-46.5771805,-20.5067965],[-46.5775556,-20.5070106],[-46.5780192,-20.5071905],[-46.5782696,-20.5073722],[-46.5781308,-20.5076914],[-46.577779,-20.5080125],[-46.5771587,-20.5081352],[-46.5766069,-20.5080064],[-46.5759821,-20.5076942],[-46.5754477,-20.5075317],[-46.5751116,-20.5076519],[-46.5749909,-20.5080043],[-46.5748343,-20.5083236],[-46.5746224,-20.5084427],[-46.574395,-20.5087794],[-46.5741495,-20.5090827],[-46.5737421,-20.5091868],[-46.5733516,-20.5092071],[-46.5728538,-20.5091447],[-46.5724454,-20.5091484],[-46.5720735,-20.5092521],[-46.5715756,-20.5091897],[-46.5711478,-20.5090263],[-46.5705968,-20.5089811],[-46.5700648,-20.5090528],[-46.5696361,-20.5088057],[-46.5691888,-20.5084752],[-46.5688439,-20.5086613],[-46.5687019,-20.5089889],[-46.5684493,-20.5091009],[-46.5679726,-20.5093729],[-46.5680632,-20.5095561],[-46.568263,-20.5099893],[-46.5681168,-20.5103321],[-46.5679335,-20.5107619],[-46.5675291,-20.5111671],[-46.5671419,-20.5115052],[-46.5670915,-20.5117901],[-46.5673952,-20.5119714],[-46.5678795,-20.5124355],[-46.5683454,-20.5128496],[-46.5688998,-20.5132294],[-46.5695735,-20.5131229],[-46.5703555,-20.5131827],[-46.5710334,-20.5134778],[-46.5716424,-20.5139909],[-46.5724461,-20.5144354],[-46.5729066,-20.5143141],[-46.5733793,-20.5136573],[-46.5737456,-20.5130014],[-46.5742911,-20.5125113],[-46.5748935,-20.512372],[-46.5757642,-20.512431],[-46.576584,-20.512708],[-46.576856,-20.5132576],[-46.576613,-20.513812],[-46.5762249,-20.5140665],[-46.5755886,-20.5143567],[-46.5748979,-20.514547],[-46.5742247,-20.5147037],[-46.5738016,-20.5150087],[-46.5736828,-20.5155451],[-46.5737243,-20.5161303],[-46.5736222,-20.5165663],[-46.5730391,-20.516856],[-46.5725071,-20.5169277],[-46.5720833,-20.5171658],[-46.5718924,-20.5176025],[-46.571703,-20.5181898],[-46.5714583,-20.5185769],[-46.5709644,-20.5188992],[-46.570487,-20.5191043],[-46.570009,-20.5192592],[-46.5694935,-20.5192137],[-46.5689946,-20.5190509],[-46.5683548,-20.5190065],[-46.5677313,-20.5188114],[-46.5671451,-20.5187999],[-46.566487,-20.5187055],[-46.5660235,-20.5185256],[-46.5657938,-20.5186448],[-46.5657265,-20.5190135],[-46.56558,-20.5193528],[-46.565342,-20.5196193],[-46.5655993,-20.5197527],[-46.5661279,-20.5199569],[-46.5664834,-20.5200942],[-46.5666639,-20.520377],[-46.5668112,-20.5208943],[-46.5670098,-20.5212104],[-46.567243,-20.5214425],[-46.5675657,-20.5217408],[-46.5677119,-20.522141],[-46.5675498,-20.522534],[-46.5677748,-20.522704],[-46.5684682,-20.5230228],[-46.5687966,-20.5233831],[-46.5692655,-20.5235892],[-46.5697329,-20.5236424],[-46.570283,-20.5238477],[-46.5709752,-20.5240518],[-46.571684,-20.5238924],[-46.5725573,-20.5239418],[-46.5732695,-20.5241266],[-46.5736995,-20.524486],[-46.5734196,-20.5249092],[-46.5729339,-20.5250474],[-46.5720403,-20.5249982],[-46.5714529,-20.5251182],[-46.5707643,-20.5252583],[-46.5699524,-20.5252657],[-46.5692003,-20.5251577],[-46.5685294,-20.5250491],[-46.5678162,-20.5247687],[-46.5670629,-20.5245461],[-46.5663709,-20.5243611],[-46.5658444,-20.5244806],[-46.5659283,-20.5247475],[-46.5659525,-20.5251297],[-46.5656315,-20.5254959],[-46.5654523,-20.5258417],[-46.5653145,-20.5262636],[-46.5657208,-20.5262982],[-46.5662266,-20.5261407],[-46.5668763,-20.5261539],[-46.5674075,-20.5264933],[-46.567716,-20.5268921],[-46.5679039,-20.5274066],[-46.5681125,-20.5279593],[-46.5683606,-20.5283968],[-46.568567,-20.5287391],[-46.5691587,-20.5290397],[-46.5696093,-20.5294372],[-46.5697147,-20.5298186],[-46.5694321,-20.5299742],[-46.5689638,-20.5298254],[-46.5684761,-20.5297725],[-46.5678688,-20.5299309],[-46.5674623,-20.5298773],[-46.5669738,-20.5297478],[-46.56669,-20.5297886],[-46.5665105,-20.5300962],[-46.5665764,-20.5305927],[-46.5666418,-20.5310319],[-46.5664816,-20.5312437],[-46.5660741,-20.5310944],[-46.5656656,-20.5308495],[-46.565239,-20.5308152],[-46.5648553,-20.5310098],[-46.5647782,-20.5314121],[-46.5649265,-20.5320226],[-46.5649712,-20.5324237],[-46.5647083,-20.5325217],[-46.5638939,-20.5315192],[-46.5637054,-20.5312066],[-46.5633286,-20.5308228],[-46.5628703,-20.5306716],[-46.5624894,-20.5306392],[-46.5623907,-20.5309149],[-46.5622805,-20.5313103],[-46.5620943,-20.5317064],[-46.5618829,-20.5321265],[-46.5618732,-20.5324254],[-46.5619154,-20.5328313],[-46.561741,-20.5331436],[-46.5613351,-20.5331592],[-46.5609908,-20.5329831],[-46.5606203,-20.5327235],[-46.5603011,-20.5325232],[-46.5599445,-20.532383],[-46.5594108,-20.5323041],[-46.5587799,-20.5322754],[-46.55851,-20.5323003],[-46.5585127,-20.5325632],[-46.5585668,-20.5328973],[-46.5586843,-20.5332632],[-46.5585101,-20.5335551],[-46.5586273,-20.5338528],[-46.5588213,-20.5342216],[-46.5588243,-20.5345203],[-46.5586118,-20.5348329],[-46.558271,-20.5350033],[-46.5579285,-20.5350064],[-46.5575096,-20.5349863],[-46.557117,-20.5350495],[-46.5566737,-20.5351252],[-46.5564502,-20.53525],[-46.5564091,-20.5355783],[-46.5563683,-20.5359045],[-46.5562612,-20.5362601],[-46.5559795,-20.5368675],[-46.5561595,-20.5371579],[-46.5565611,-20.5374504],[-46.5569834,-20.5376135],[-46.5573632,-20.5379438],[-46.5575884,-20.5383172],[-46.5574391,-20.5388817],[-46.557087,-20.5390934],[-46.5566005,-20.5391604],[-46.5560249,-20.5391655],[-46.5558077,-20.5395846],[-46.5556575,-20.5400657],[-46.5556185,-20.5405875],[-46.5555371,-20.5412974],[-46.5552776,-20.5419046],[-46.5549537,-20.5427209],[-46.5547179,-20.5434948],[-46.5543903,-20.5439357],[-46.5542935,-20.5442201],[-46.5540145,-20.5446282],[-46.553447,-20.5448202],[-46.5531306,-20.544745],[-46.5526988,-20.5332012],[-46.5525063,-20.5332337],[-46.5523716,-20.5331203],[-46.5522165,-20.532736],[-46.5521782,-20.532454],[-46.55214,-20.5320764],[-46.552215,-20.5318178],[-46.5521563,-20.5313999],[-46.5520995,-20.5311802],[-46.5519112,-20.5307851],[-46.551812,-20.5305562],[-46.5517509,-20.5302682],[-46.5517166,-20.5301423],[-46.5515249,-20.5298418],[-46.5512964,-20.5296015],[-46.5512789,-20.5294108],[-46.5513315,-20.5292121],[-46.5514228,-20.528991],[-46.5516212,-20.5287747],[-46.5517776,-20.5284657],[-46.5518272,-20.5283017],[-46.5518768,-20.5279584],[-46.5518767,-20.5276361],[-46.5519213,-20.5274228],[-46.5519189,-20.5271879],[-46.5519247,-20.5269896],[-46.5519463,-20.5268132],[-46.5520069,-20.5266365],[-46.5520758,-20.526511],[-46.5521677,-20.526356],[-46.5522926,-20.5262246],[-46.5524814,-20.526068],[-46.552525,-20.5258596],[-46.5525075,-20.5256375],[-46.5524511,-20.5253297],[-46.5523125,-20.525166],[-46.5520542,-20.5249276],[-46.551875,-20.5248114],[-46.5517066,-20.5247125],[-46.5514459,-20.5245213],[-46.551284,-20.5243219],[-46.5512118,-20.5241158],[-46.5511424,-20.5238643],[-46.5510105,-20.5236145],[-46.5509782,-20.5234284],[-46.5508386,-20.5231786],[-46.5507295,-20.5229215],[-46.5505893,-20.5226072],[-46.5504642,-20.5222713],[-46.55037,-20.5219925],[-46.5503446,-20.5217418],[-46.5503117,-20.5214911],[-46.5501863,-20.5211337],[-46.5500766,-20.5208192],[-46.5500054,-20.5205545],[-46.5498803,-20.5202258],[-46.5498093,-20.5199755],[-46.549731,-20.5197539],[-46.5497135,-20.5195318],[-46.5496957,-20.5192809],[-46.5497085,-20.519037],[-46.5497139,-20.5188147],[-46.5497062,-20.5186009],[-46.549752,-20.5184159],[-46.5498283,-20.5181984],[-46.5499734,-20.5181312],[-46.5501247,-20.5180366],[-46.5503448,-20.5179773],[-46.5505495,-20.5178966],[-46.5506544,-20.5177307],[-46.5506441,-20.5174655],[-46.5505956,-20.5171863],[-46.5504446,-20.516907],[-46.550389,-20.5167393],[-46.5501945,-20.5165104],[-46.5500342,-20.5163578],[-46.5499503,-20.5162777],[-46.5498283,-20.5161251],[-46.5496223,-20.5158638],[-46.549291,-20.5153623],[-46.549152,-20.5151628],[-46.5489748,-20.5149493],[-46.5488124,-20.5146997],[-46.5486814,-20.514536],[-46.5484884,-20.5142652],[-46.5483494,-20.5140657],[-46.5482181,-20.5138733],[-46.5480941,-20.5136593],[-46.5480005,-20.5134306],[-46.5479377,-20.5132376],[-46.5479128,-20.5130299],[-46.5479259,-20.5128218],[-46.5479819,-20.5126995],[-46.5479972,-20.5124687],[-46.5480658,-20.51232],[-46.548237,-20.5119729],[-46.5482807,-20.5117718],[-46.5483013,-20.5115493],[-46.5482837,-20.5113128],[-46.5482434,-20.5110909],[-46.5482332,-20.5108328],[-46.5481554,-20.5106686],[-46.5478465,-20.5106399],[-46.5475384,-20.5106168],[-46.5473328,-20.5106043],[-46.5471568,-20.5105126],[-46.5469503,-20.5104141],[-46.5466811,-20.5102352],[-46.5464303,-20.5100633],[-46.5461606,-20.5098331],[-46.5460822,-20.5096044],[-46.5460793,-20.5093104],[-46.5461143,-20.5090089],[-46.5461567,-20.5086859],[-46.5462055,-20.5082409],[-46.5462486,-20.5079823],[-46.546245,-20.5076239],[-46.546227,-20.5073515],[-46.5462554,-20.5071433],[-46.5462449,-20.5068566],[-46.5463487,-20.5065832],[-46.5465018,-20.5063175],[-46.5464052,-20.5061453],[-46.5463051,-20.5060315],[-46.5460916,-20.5059904],[-46.5458328,-20.5059855],[-46.5455669,-20.506038],[-46.545346,-20.5060113],[-46.5451472,-20.5059199],[-46.5450522,-20.5057377],[-46.5450522,-20.5055889],[-46.5450408,-20.5054764],[-46.5449815,-20.5053334],[-46.5448107,-20.5053121],[-46.5445632,-20.5053658],[-46.544396,-20.5053888],[-46.5441453,-20.505434],[-46.5439555,-20.5054788],[-46.5436823,-20.5055601],[-46.5433623,-20.5055199],[-46.54317,-20.5053208],[-46.5431754,-20.5050224],[-46.5432255,-20.5047825],[-46.5434069,-20.5046519],[-46.5436716,-20.5044846],[-46.5438752,-20.5043035],[-46.5439564,-20.5040518],[-46.543863,-20.5038399],[-46.5436864,-20.5036837],[-46.5435301,-20.5035881],[-46.5433418,-20.5034717],[-46.5431431,-20.5033946],[-46.5429375,-20.5033749],[-46.5425946,-20.5033349],[-46.542328,-20.5033158],[-46.5420766,-20.5032893],[-46.5418476,-20.5032197],[-46.5416029,-20.5031071],[-46.5414192,-20.5030012],[-46.5412527,-20.502745],[-46.5410467,-20.5025028],[-46.5410124,-20.5022816],[-46.5409656,-20.5019901],[-46.5411176,-20.5017562],[-46.5413592,-20.5015604],[-46.5416547,-20.5014359],[-46.5418979,-20.5013979],[-46.542172,-20.501417],[-46.5425451,-20.5014352],[-46.5429185,-20.5014821],[-46.543314,-20.501457],[-46.543611,-20.5014759],[-46.5439453,-20.5014227],[-46.5441579,-20.5013778],[-46.5444598,-20.5011242],[-46.5446708,-20.5009143],[-46.5448282,-20.5006691],[-46.5449551,-20.5004242],[-46.5450589,-20.5001508],[-46.5450648,-20.4999858],[-46.5448126,-20.4998734],[-46.5445448,-20.4997323],[-46.5442999,-20.4995911],[-46.5441137,-20.4995044],[-46.543881,-20.4993213],[-46.5438582,-20.4991802],[-46.5438734,-20.4989876],[-46.5438849,-20.4988464],[-46.5440184,-20.498814],[-46.54419,-20.4987453],[-46.5443236,-20.4987243],[-46.5445181,-20.4986881],[-46.5448162,-20.4987189],[-46.5451048,-20.4986589],[-46.5453103,-20.4986571],[-46.5453854,-20.4985632],[-46.5454438,-20.4983117],[-46.5454187,-20.4980825],[-46.5453326,-20.4978466],[-46.5452843,-20.4975818],[-46.5452202,-20.4972668],[-46.5451723,-20.4970378],[-46.5450785,-20.4967948],[-46.545061,-20.4965655],[-46.5450656,-20.4962643],[-46.5450552,-20.495992],[-46.545075,-20.4956835],[-46.5450565,-20.4953538],[-46.5450005,-20.4950818],[-46.5450347,-20.4947015],[-46.5450848,-20.4943855],[-46.5450969,-20.4940771],[-46.5452159,-20.4937964],[-46.5453192,-20.493563],[-46.5454298,-20.4934715],[-46.5458304,-20.4931873],[-46.5460402,-20.4930824],[-46.5461851,-20.4929908],[-46.5464482,-20.4929895],[-46.5467215,-20.4929225],[-46.5467188,-20.4926572],[-46.5466706,-20.4923995],[-46.5465994,-20.4921348],[-46.546559,-20.4918986],[-46.5465858,-20.4915326],[-46.5466436,-20.4912309],[-46.5466638,-20.4909655],[-46.5465782,-20.4907798],[-46.5463804,-20.4907816],[-46.5460844,-20.4908559],[-46.5458954,-20.4909795],[-46.5456835,-20.4911033],[-46.5454185,-20.4912347],[-46.5450693,-20.4913238],[-46.5447574,-20.4913266],[-46.5444983,-20.4912931],[-46.5442608,-20.4911303],[-46.54413,-20.490988],[-46.5440066,-20.4908242],[-46.5438901,-20.4905958],[-46.5438723,-20.4903306],[-46.5438465,-20.4900369],[-46.5438517,-20.4898002],[-46.5439181,-20.4895845],[-46.543984,-20.4892924],[-46.5441191,-20.4891453],[-46.5441859,-20.4889726],[-46.5442069,-20.4887931],[-46.5440231,-20.4886729],[-46.5438312,-20.4885097],[-46.5435936,-20.4883397],[-46.5434545,-20.4881258],[-46.5433833,-20.487854],[-46.543403,-20.4875455],[-46.5433553,-20.4873379],[-46.5432175,-20.4872603],[-46.5429922,-20.4871066],[-46.5428243,-20.4869216],[-46.5425797,-20.4866421],[-46.5425404,-20.4865134],[-46.5424927,-20.486313],[-46.5424848,-20.4860805],[-46.5426489,-20.485946],[-46.5428234,-20.4858942],[-46.5431887,-20.4859053],[-46.5434622,-20.4858527],[-46.5437895,-20.4857753],[-46.5440336,-20.4856704],[-46.5441709,-20.4856055],[-46.5443273,-20.4854911],[-46.5444761,-20.4854224],[-46.5446741,-20.4852898],[-46.544855,-20.4851233],[-46.5450205,-20.4849282],[-46.5452529,-20.4845819],[-46.5453958,-20.4844157],[-46.5456054,-20.4841597],[-46.5456854,-20.4839748],[-46.5457999,-20.4837309],[-46.54579,-20.4835087],[-46.5457788,-20.4832945],[-46.545686,-20.4830006],[-46.5455614,-20.4827149],[-46.5454749,-20.482436],[-46.5454349,-20.4822356],[-46.5454781,-20.4819985],[-46.5455138,-20.4817616],[-46.5455799,-20.4815244],[-46.5456306,-20.4812658],[-46.5457047,-20.4810715],[-46.5458772,-20.4808119],[-46.5459894,-20.4806244],[-46.5461699,-20.4804077],[-46.5463507,-20.4802268],[-46.5465388,-20.4800172],[-46.5466195,-20.4797153],[-46.5466296,-20.4794595],[-46.5466188,-20.4791441],[-46.5466154,-20.4787999],[-46.5464752,-20.4784785],[-46.5464567,-20.4781488],[-46.5465296,-20.4778327],[-46.5467028,-20.4776519],[-46.5469397,-20.477504],[-46.5469431,-20.4773342],[-46.5468391,-20.4772452],[-46.5467359,-20.4771568],[-46.5464444,-20.4769228],[-46.5463122,-20.4766443],[-46.5464483,-20.4763663],[-46.5466571,-20.476125],[-46.5468917,-20.476001],[-46.5471414,-20.4758625],[-46.5474133,-20.4756593],[-46.5477314,-20.4755131],[-46.5480352,-20.4754393],[-46.5481085,-20.4751799],[-46.547968,-20.4748298],[-46.5477593,-20.4745018],[-46.5478596,-20.4742639],[-46.5480274,-20.4739186],[-46.5479875,-20.4737325],[-46.5477813,-20.4736555],[-46.5475916,-20.4737145],[-46.5473184,-20.4737815],[-46.5470777,-20.473736],[-46.5468832,-20.4737112],[-46.5466657,-20.4736178],[-46.5465316,-20.473473],[-46.5464461,-20.4733017],[-46.5464368,-20.4730685],[-46.5465475,-20.4727919],[-46.5466018,-20.4726055],[-46.5467644,-20.4724097],[-46.5468682,-20.4721435],[-46.5469641,-20.4718343],[-46.5470515,-20.4714535],[-46.5471466,-20.4710726],[-46.5471278,-20.470707],[-46.5470703,-20.4702917],[-46.547173,-20.4699107],[-46.5472468,-20.4696734],[-46.5473196,-20.4693501],[-46.5473853,-20.4690699],[-46.5474423,-20.4686822],[-46.5475371,-20.4682726],[-46.5475865,-20.4678921],[-46.5476436,-20.4675187],[-46.54768,-20.4673463],[-46.5477541,-20.4671521],[-46.5479195,-20.466957],[-46.5480697,-20.466762],[-46.548341,-20.4665015],[-46.5486074,-20.4662191],[-46.5487943,-20.466107],[-46.5490349,-20.465893],[-46.5492772,-20.4657689],[-46.549504,-20.4656235],[-46.5497388,-20.465521],[-46.5500648,-20.4654034],[-46.5504361,-20.4652567],[-46.5507997,-20.4650885],[-46.5510652,-20.4650144],[-46.551292,-20.464869],[-46.5516177,-20.4647227],[-46.5519894,-20.4646118],[-46.5523598,-20.4643719],[-46.5527756,-20.4641028],[-46.5530023,-20.4639502],[-46.5532439,-20.4637616],[-46.5535163,-20.4636158],[-46.5539017,-20.4633542],[-46.554257,-20.4631288],[-46.5546118,-20.4630224],[-46.5549627,-20.462866],[-46.555245,-20.4627134],[-46.5554307,-20.4625733],[-46.5558161,-20.4623117],[-46.5563315,-20.4621135],[-46.556619,-20.4619532],[-46.5570514,-20.4618274],[-46.5574766,-20.4617368],[-46.5576483,-20.4616548],[-46.5578161,-20.4616071],[-46.5579382,-20.4615289],[-46.5580488,-20.4614469],[-46.5582434,-20.4613],[-46.558391,-20.461127],[-46.5585645,-20.4609749],[-46.5587607,-20.4608154],[-46.5588814,-20.4607139],[-46.5591246,-20.4606687],[-46.5594122,-20.4605371],[-46.5596321,-20.4604634],[-46.5599337,-20.4601954],[-46.5602728,-20.4601346],[-46.5603413,-20.459869],[-46.5601345,-20.4597347],[-46.5598979,-20.4596651],[-46.559647,-20.4596745],[-46.5592848,-20.4596616],[-46.5590903,-20.4596273],[-46.5589908,-20.4594868],[-46.5587998,-20.4594168],[-46.558557,-20.4594763],[-46.5583766,-20.4596931],[-46.5582625,-20.4599191],[-46.55819,-20.4600011],[-46.5580069,-20.4601957],[-46.5578581,-20.4602739],[-46.5576696,-20.4605025],[-46.5574121,-20.4606267],[-46.5570938,-20.4607514],[-46.5568472,-20.4607297],[-46.556481,-20.4607297],[-46.5560961,-20.4606456],[-46.5557311,-20.4606704],[-46.5555111,-20.4607298],[-46.5553754,-20.46086],[-46.5553404,-20.4611543],[-46.5552431,-20.461313],[-46.5550314,-20.4613344],[-46.5547715,-20.4613244],[-46.5545053,-20.4613339],[-46.5541405,-20.4613802],[-46.5537906,-20.4613905],[-46.5534721,-20.4614866],[-46.5532137,-20.4615175],[-46.552971,-20.4615986],[-46.5526687,-20.4618021],[-46.552428,-20.4620695],[-46.5521488,-20.4623015],[-46.5518957,-20.4624959],[-46.5515791,-20.4625894],[-46.5513845,-20.4625989],[-46.5511175,-20.462597],[-46.5509725,-20.4625856],[-46.5506758,-20.4626086],[-46.5504466,-20.4625103],[-46.5502103,-20.4624622],[-46.5499235,-20.4623415],[-46.549706,-20.4622804],[-46.549584,-20.4622823],[-46.5493665,-20.4622251],[-46.548922,-20.4622155],[-46.5485947,-20.4622113],[-46.5482146,-20.4622433],[-46.5477109,-20.4622537],[-46.5475126,-20.4622728],[-46.5472341,-20.4623071],[-46.5469671,-20.4623644],[-46.5465417,-20.4623371],[-46.5461618,-20.4623835],[-46.5458194,-20.4623865],[-46.5455841,-20.4624388],[-46.5453645,-20.4625483],[-46.5451376,-20.4626794],[-46.5449031,-20.4628177],[-46.5446603,-20.4628844],[-46.5444101,-20.4629727],[-46.5442367,-20.463132],[-46.5440037,-20.4633039],[-46.5439045,-20.4633859],[-46.5437077,-20.4634881],[-46.5434803,-20.4635761],[-46.543291,-20.4636638],[-46.5428954,-20.4636674],[-46.5423474,-20.4636557],[-46.5421147,-20.4636442],[-46.5417979,-20.4634835],[-46.5415298,-20.4633066],[-46.5413456,-20.4631433],[-46.5411533,-20.4629371],[-46.5410453,-20.4627874],[-46.5409208,-20.4625089],[-46.5408341,-20.4622013],[-46.5407548,-20.4618865],[-46.5407441,-20.4615711],[-46.5407605,-20.4612123],[-46.5408215,-20.4610635],[-46.5409715,-20.460723],[-46.5409919,-20.460479],[-46.5408831,-20.4602577],[-46.540563,-20.460196],[-46.5403272,-20.4602052],[-46.5402417,-20.460314],[-46.5401311,-20.4603826],[-46.5400319,-20.4604189],[-46.5399098,-20.460417],[-46.539803,-20.460417],[-46.5395932,-20.4604151],[-46.5393757,-20.460417],[-46.5391926,-20.4604132],[-46.538876,-20.4604036],[-46.5386586,-20.460354],[-46.5385136,-20.4602758],[-46.538403,-20.4601805],[-46.5383076,-20.4600202],[-46.5383452,-20.4598212],[-46.5381622,-20.4597798],[-46.5379643,-20.4599401],[-46.5377202,-20.459984],[-46.5373801,-20.4599373],[-46.5371527,-20.4600254],[-46.537017,-20.4601485],[-46.5370144,-20.4603265],[-46.5371818,-20.460649],[-46.5373438,-20.460877],[-46.5376279,-20.4611326],[-46.5378048,-20.4613318],[-46.5381948,-20.461522],[-46.5385913,-20.4616117],[-46.5389118,-20.4617021],[-46.5391264,-20.4618651],[-46.5392649,-20.4620216],[-46.5394122,-20.4622928],[-46.5395016,-20.4626104],[-46.539711,-20.4631949],[-46.5397339,-20.4635058],[-46.5398385,-20.463845],[-46.5398336,-20.4641176],[-46.5397229,-20.464533],[-46.5397108,-20.4647144],[-46.5397697,-20.4649306],[-46.5399037,-20.4650348],[-46.54008,-20.4651694],[-46.5402491,-20.46534],[-46.5404032,-20.4655323],[-46.5406193,-20.4658459],[-46.5407206,-20.4660816],[-46.5408303,-20.4664033],[-46.5408866,-20.466704],[-46.5409052,-20.467048],[-46.5409234,-20.4673418],[-46.5408347,-20.4676007],[-46.5407229,-20.4678384],[-46.5405736,-20.4681799],[-46.5402303,-20.4684355],[-46.5398328,-20.4686063],[-46.5391969,-20.4689346],[-46.5389028,-20.4692025],[-46.538951,-20.4694603],[-46.539243,-20.4697445],[-46.5396859,-20.4699055],[-46.540069,-20.4701674],[-46.5403533,-20.4704445],[-46.5404934,-20.4707588],[-46.540524,-20.4710791],[-46.5405622,-20.4715845],[-46.5405604,-20.4721349],[-46.5405479,-20.4724147],[-46.5405659,-20.472687],[-46.5405543,-20.4730528],[-46.5404363,-20.4734267],[-46.5403415,-20.4738435],[-46.5402699,-20.4742887],[-46.5402293,-20.474791],[-46.5402022,-20.4751282],[-46.540009,-20.4754031],[-46.5398755,-20.4756072],[-46.5396924,-20.4758475],[-46.5395409,-20.4759587],[-46.5394971,-20.4761455],[-46.5396434,-20.4763163],[-46.5397828,-20.4765661],[-46.5398983,-20.4767013],[-46.5400004,-20.477023],[-46.5401023,-20.4773161],[-46.540098,-20.4776532],[-46.5400491,-20.4780838],[-46.5399463,-20.4784648],[-46.5397748,-20.4788105],[-46.5395274,-20.4791856],[-46.5390783,-20.4794448],[-46.5386417,-20.4796452],[-46.5382718,-20.4797721],[-46.5380406,-20.4799598],[-46.5378032,-20.4802549],[-46.5374074,-20.4805434],[-46.5370838,-20.4806055],[-46.536719,-20.4806589],[-46.5363151,-20.4805979],[-46.5359342,-20.4805511],[-46.5355683,-20.4804826],[-46.5352255,-20.4804498],[-46.5349139,-20.4804812],[-46.5347251,-20.4806263],[-46.5346136,-20.4808926],[-46.5346163,-20.4811651],[-46.5346725,-20.4814585],[-46.5345071,-20.481668],[-46.5342221,-20.481808],[-46.5339436,-20.4818977],[-46.5336728,-20.4819453],[-46.5333008,-20.4820228],[-46.5328979,-20.4820694],[-46.5324107,-20.482045],[-46.5321594,-20.4820257],[-46.5318163,-20.481957],[-46.5314873,-20.4819058],[-46.5312044,-20.4818464],[-46.5308983,-20.4817835],[-46.5306683,-20.481596],[-46.5304238,-20.4814962],[-46.5302058,-20.4813524],[-46.5300613,-20.4812115],[-46.5299357,-20.4810195],[-46.5297802,-20.4809371],[-46.5296368,-20.4809859],[-46.5295986,-20.4811576],[-46.5294477,-20.4813226],[-46.5292239,-20.4813719],[-46.5289744,-20.4812639],[-46.5288433,-20.4812473],[-46.5286717,-20.4812568],[-46.5285992,-20.4813712],[-46.5285992,-20.4815429],[-46.5285725,-20.4816592],[-46.5285632,-20.4818113],[-46.5284524,-20.4819471],[-46.5282609,-20.4821273],[-46.5279965,-20.4822429],[-46.5275959,-20.4823554],[-46.5271954,-20.4823764],[-46.5269017,-20.4823783],[-46.5265,-20.4823578],[-46.5261089,-20.4823029],[-46.525772,-20.4822549],[-46.5253999,-20.4821598],[-46.5248749,-20.4818583],[-46.5245943,-20.4816385],[-46.5243313,-20.4816263],[-46.5240768,-20.4817014],[-46.5237125,-20.4818691],[-46.5232794,-20.4819962],[-46.5229043,-20.4819995],[-46.5226494,-20.4820309],[-46.5224079,-20.4820712],[-46.5221286,-20.4821447],[-46.5217819,-20.4822789],[-46.5214824,-20.4824929],[-46.5212253,-20.4826883],[-46.5210143,-20.4828541],[-46.5208068,-20.4829943],[-46.5205571,-20.4831605],[-46.5202222,-20.4833092],[-46.5198637,-20.483418],[-46.5194312,-20.48348],[-46.519122,-20.4834864],[-46.5188588,-20.4834668],[-46.5187376,-20.4834793],[-46.5186424,-20.4836121],[-46.5185525,-20.4838032],[-46.5183793,-20.4839171],[-46.5181278,-20.4840101],[-46.5180918,-20.5005721],[-46.5180675,-20.5009808],[-46.5178195,-20.5013579],[-46.5174079,-20.501614],[-46.5169136,-20.5017177],[-46.5164672,-20.5017446],[-46.5160978,-20.5016472],[-46.5158412,-20.501669],[-46.5156324,-20.5019049],[-46.5153834,-20.5021825],[-46.5149721,-20.5024692],[-46.51456,-20.5026794],[-46.5138716,-20.5028613],[-46.5132396,-20.5030046],[-46.5125998,-20.5031785],[-46.5118379,-20.5033228],[-46.5113938,-20.5035792],[-46.5109414,-20.5038203],[-46.5104818,-20.5041533],[-46.5101116,-20.5045008],[-46.5098796,-20.5048548],[-46.5096155,-20.5052473],[-46.5093258,-20.5055176],[-46.5088901,-20.5058044],[-46.5083333,-20.5061111],[-46.5083436,-20.5063675],[-46.5084693,-20.5067903],[-46.5084399,-20.5070727],[-46.5082304,-20.5074276],[-46.5080155,-20.5077891],[-46.5080111,-20.5079967],[-46.5082026,-20.5080686],[-46.5085919,-20.5079754],[-46.5089041,-20.5079726],[-46.5091296,-20.5079707],[-46.5094507,-20.5080006],[-46.5096847,-20.5079822],[-46.5098754,-20.5079724],[-46.5102129,-20.5078959],[-46.5104987,-20.5078525],[-46.5108359,-20.5077516],[-46.5112575,-20.5076565],[-46.5116688,-20.5077852],[-46.5120609,-20.5079697],[-46.5122973,-20.5081964],[-46.5124819,-20.5084481],[-46.5125719,-20.5087905],[-46.5126537,-20.5091272],[-46.512627,-20.5093522],[-46.5126233,-20.5096071],[-46.5125043,-20.5098533],[-46.5123937,-20.5100667],[-46.5121441,-20.510265],[-46.5118586,-20.5103328],[-46.5116422,-20.5103756],[-46.5113138,-20.5104928],[-46.5110285,-20.5105852],[-46.5108036,-20.5106525],[-46.5105102,-20.5108022],[-46.5101475,-20.5109606],[-46.5098271,-20.5111371],[-46.5096483,-20.5113489],[-46.5096246,-20.5115861],[-46.509663,-20.5118661],[-46.5096473,-20.5121334],[-46.509624,-20.5124032],[-46.5095748,-20.5126978],[-46.5094822,-20.5129846],[-46.5093286,-20.5132392],[-46.5091143,-20.5134944],[-46.5089429,-20.5137001],[-46.5086323,-20.5138663],[-46.5083384,-20.513975],[-46.5080882,-20.514108],[-46.5078128,-20.5143228],[-46.5076678,-20.5145692],[-46.5075403,-20.5148399],[-46.5074403,-20.5152575],[-46.507357,-20.5156014],[-46.5072559,-20.5159212],[-46.5072063,-20.5162874],[-46.506942,-20.5166182],[-46.5067964,-20.5168074],[-46.5065389,-20.5170875],[-46.5063239,-20.5172773],[-46.5061178,-20.5174833],[-46.5059817,-20.5177542],[-46.5058623,-20.5179676],[-46.5058045,-20.5182623],[-46.5058326,-20.5184745],[-46.5058871,-20.5187273],[-46.5059505,-20.5189964],[-46.5060307,-20.5192163],[-46.506059,-20.519453],[-46.5059391,-20.5196093],[-46.5057843,-20.5197414],[-46.5055433,-20.5199314],[-46.50526,-20.5200664],[-46.5050409,-20.5202261],[-46.5047725,-20.5203749],[-46.5045186,-20.5205246],[-46.5042761,-20.5206343],[-46.5040559,-20.5206864],[-46.5037444,-20.5207464],[-46.5034474,-20.5207347],[-46.5031958,-20.5206867],[-46.5029973,-20.520631],[-46.5027074,-20.5205618],[-46.5023795,-20.5205001],[-46.5020889,-20.5203521],[-46.5018131,-20.5201752],[-46.5016898,-20.5200185],[-46.5014754,-20.5198841],[-46.5013086,-20.5199573],[-46.5011731,-20.520109],[-46.5010377,-20.5202679],[-46.5009019,-20.5203982],[-46.5007134,-20.5205791],[-46.5004962,-20.5205599],[-46.5003131,-20.5205618],[-46.5001681,-20.5205713],[-46.4999354,-20.5205961],[-46.4995788,-20.5205244],[-46.4991909,-20.5205564],[-46.4989169,-20.5205588],[-46.498673,-20.520525],[-46.4984753,-20.5205482],[-46.4983316,-20.5206355],[-46.4983752,-20.5208269],[-46.4983738,-20.5210582],[-46.4982917,-20.521231],[-46.498187,-20.5214184],[-46.4979605,-20.5216139],[-46.4977871,-20.5217804],[-46.4975518,-20.5218469],[-46.4973147,-20.5218035],[-46.4971202,-20.5217901],[-46.4969866,-20.5217463],[-46.4968646,-20.5216891],[-46.4966672,-20.5216753],[-46.4963703,-20.5216779],[-46.4961045,-20.5217375],[-46.4958013,-20.521862],[-46.4955739,-20.5219572],[-46.4953308,-20.5220095],[-46.4951395,-20.5219108],[-46.4951826,-20.5216451],[-46.495142,-20.5213801],[-46.4950095,-20.5211988],[-46.4949038,-20.5210787],[-46.49475,-20.5209891],[-46.4945605,-20.5209185],[-46.4943842,-20.5209421],[-46.4943017,-20.5210647],[-46.4943187,-20.521251],[-46.4943657,-20.5213868],[-46.4944279,-20.5215225],[-46.4944904,-20.5216869],[-46.4944769,-20.5218663],[-46.4943424,-20.5221184],[-46.4942149,-20.5223131],[-46.4940189,-20.5225156],[-46.4936632,-20.5227266],[-46.4935055,-20.5229502],[-46.4935752,-20.5230715],[-46.4939477,-20.5230253],[-46.4942298,-20.5230227],[-46.4945262,-20.5230203],[-46.4948606,-20.5229744],[-46.4951797,-20.5229143],[-46.4954225,-20.5228262],[-46.4956652,-20.5227452],[-46.4958537,-20.5226332],[-46.4959827,-20.522513],[-46.4961953,-20.522461],[-46.4964234,-20.5224375],[-46.496728,-20.5224564],[-46.4969646,-20.5225282],[-46.4971793,-20.5226748],[-46.4973632,-20.5228022],[-46.497607,-20.5228288],[-46.4979415,-20.5227901],[-46.4982515,-20.5225723],[-46.4985522,-20.5221896],[-46.4987553,-20.5219441],[-46.4990577,-20.5217335],[-46.4993299,-20.5215376],[-46.4995876,-20.5214278],[-46.4999215,-20.5213317],[-46.5001802,-20.5213151],[-46.5004525,-20.5213635],[-46.5007749,-20.5214175],[-46.5011553,-20.5213999],[-46.5014894,-20.5213181],[-46.501938,-20.5212712],[-46.5022951,-20.5212107],[-46.5025917,-20.5211795],[-46.5028356,-20.5212132],[-46.5030425,-20.521362],[-46.5031814,-20.5215544],[-46.5033038,-20.5218283],[-46.503339,-20.5221052],[-46.5033652,-20.522442],[-46.5032832,-20.522622],[-46.5030943,-20.522767],[-46.5027857,-20.523121],[-46.5025898,-20.5233307],[-46.5024474,-20.5235542],[-46.5023502,-20.5237871],[-46.502312,-20.5239912],[-46.5022663,-20.524222],[-46.5022281,-20.5244661],[-46.5022313,-20.5248038],[-46.5021208,-20.5251848],[-46.5020552,-20.5254865],[-46.5018314,-20.5257975],[-46.5017093,-20.5259615],[-46.50153,-20.5261789],[-46.5014423,-20.5262839],[-46.5012859,-20.5265108],[-46.5010799,-20.5266539],[-46.5008853,-20.5267454],[-46.5006457,-20.5269113],[-46.5003273,-20.5270431],[-46.5000575,-20.5269457],[-46.4998396,-20.5269828],[-46.4997263,-20.5270698],[-46.4995228,-20.5272795],[-46.4993727,-20.5275031],[-46.4993137,-20.5277163],[-46.4992318,-20.5278772],[-46.4990426,-20.5279936],[-46.4987767,-20.5280461],[-46.4985779,-20.5279546],[-46.4984468,-20.5277836],[-46.4984134,-20.5276114],[-46.4982383,-20.5274699],[-46.4980182,-20.5275363],[-46.4978641,-20.5276572],[-46.4976562,-20.5278837],[-46.4972804,-20.5280959],[-46.4970363,-20.528279],[-46.496815,-20.528361],[-46.4963449,-20.5284543],[-46.4960411,-20.5285214],[-46.4955328,-20.5286979],[-46.4951154,-20.5288234],[-46.4948424,-20.5289333],[-46.4945322,-20.5291224],[-46.4943545,-20.5294882],[-46.4942653,-20.5298633],[-46.4940608,-20.5302912],[-46.493823,-20.5305627],[-46.493706,-20.5310513],[-46.493672,-20.5314746],[-46.4936596,-20.5317616],[-46.4936772,-20.5320052],[-46.4935888,-20.5323143],[-46.4934803,-20.5326485],[-46.49326,-20.532941],[-46.4929621,-20.533034],[-46.4924992,-20.5332955],[-46.4920948,-20.5336753],[-46.4918457,-20.5338854],[-46.4916104,-20.5339591],[-46.4911844,-20.5339914],[-46.490584,-20.5340898],[-46.4902577,-20.5341858],[-46.4896662,-20.5344204],[-46.489197,-20.5346648],[-46.488941,-20.5350003],[-46.4886849,-20.5352749],[-46.4883979,-20.5355069],[-46.4880868,-20.5356171],[-46.4877308,-20.535607],[-46.4873941,-20.5356159],[-46.4870906,-20.5357189],[-46.4868548,-20.536],[-46.4864666,-20.5362055],[-46.4860535,-20.5363157],[-46.4856967,-20.5364192],[-46.4853701,-20.5364937],[-46.4850584,-20.5365322],[-46.4847467,-20.5365707],[-46.4843353,-20.5365456],[-46.4838404,-20.5365283],[-46.4832689,-20.5365321],[-46.4829033,-20.5364431],[-46.4826853,-20.5363014],[-46.4823985,-20.5361965],[-46.4822284,-20.5362967],[-46.4821711,-20.5364156],[-46.4820224,-20.5366729],[-46.481846,-20.5367019],[-46.4816629,-20.5368755],[-46.4814148,-20.5368144],[-46.4811256,-20.5368168],[-46.4808968,-20.5367686],[-46.4805844,-20.5367426],[-46.4801954,-20.536667],[-46.4799311,-20.5366771],[-46.4796239,-20.5366002],[-46.4794027,-20.5365519],[-46.4791964,-20.5364748],[-46.478944,-20.5363479],[-46.4786762,-20.5362067],[-46.4785086,-20.536201],[-46.4784278,-20.5365029],[-46.4783774,-20.5368044],[-46.4781893,-20.5370283],[-46.4778409,-20.5372177],[-46.4779041,-20.5374538],[-46.4782021,-20.5375732],[-46.4785533,-20.5376778],[-46.4789658,-20.537832],[-46.4792721,-20.5380158],[-46.4795403,-20.5382],[-46.4798845,-20.5383691],[-46.4801459,-20.5386394],[-46.4804761,-20.5389741],[-46.4806978,-20.5391281],[-46.4809648,-20.539315],[-46.4812586,-20.5394523],[-46.4815752,-20.5395324],[-46.4817812,-20.5395801],[-46.482136,-20.5396354],[-46.4825251,-20.5397041],[-46.4828455,-20.5398643],[-46.483124,-20.5401046],[-46.4832452,-20.5403267],[-46.483537,-20.5405895],[-46.4838209,-20.5408165],[-46.4841568,-20.5409212],[-46.4844607,-20.5408541],[-46.4846564,-20.5406229],[-46.4849758,-20.5405915],[-46.485243,-20.5406753],[-46.4853894,-20.5408533],[-46.4854071,-20.5411113],[-46.4853873,-20.5414269],[-46.4854741,-20.5417417],[-46.485576,-20.542042],[-46.4855689,-20.5423175],[-46.4854059,-20.5425669],[-46.4852155,-20.5425542],[-46.4850733,-20.5424278],[-46.4848779,-20.5422774],[-46.4846568,-20.5422435],[-46.4843988,-20.5423317],[-46.4842226,-20.5424545],[-46.4839517,-20.5425435],[-46.4836621,-20.5425101],[-46.4833481,-20.542312],[-46.4831549,-20.5420125],[-46.4829627,-20.5418206],[-46.4826865,-20.5416006],[-46.482456,-20.5413732],[-46.4822717,-20.5412098],[-46.4821179,-20.5410462],[-46.4818724,-20.5408475],[-46.4816577,-20.5406916],[-46.4814956,-20.5404564],[-46.4813082,-20.5401428],[-46.4810877,-20.5400009],[-46.4808743,-20.5399669],[-46.4806368,-20.5401409],[-46.4804434,-20.5402861],[-46.4801949,-20.5402815],[-46.4799553,-20.5401899],[-46.4797281,-20.5403137],[-46.4795244,-20.5405019],[-46.4793829,-20.5408329],[-46.4792676,-20.541259],[-46.479088,-20.5414856],[-46.4788935,-20.5416496],[-46.4787219,-20.5417492],[-46.4785003,-20.5416651],[-46.4784433,-20.5414055],[-46.4783708,-20.5411537],[-46.4782721,-20.5408926],[-46.4781257,-20.5407074],[-46.4779776,-20.5406994],[-46.4777534,-20.5407823],[-46.477511,-20.5409063],[-46.4772493,-20.540879],[-46.4770299,-20.5407526],[-46.4768465,-20.5406753],[-46.4766798,-20.5407556],[-46.4766438,-20.540971],[-46.476692,-20.5412359],[-46.4767839,-20.5415561],[-46.4767839,-20.5418308],[-46.4767725,-20.5420845],[-46.4765879,-20.5424398],[-46.4762405,-20.5425735],[-46.4759682,-20.5427551],[-46.4760232,-20.5429339],[-46.4763436,-20.5430029],[-46.4765882,-20.5431083],[-46.4767953,-20.5433986],[-46.4768793,-20.5435474],[-46.4768678,-20.5437095],[-46.4768178,-20.5440314],[-46.4765604,-20.5441842],[-46.4763329,-20.5442722],[-46.4761317,-20.5443666],[-46.4760187,-20.5445193],[-46.4761011,-20.5446155],[-46.4762532,-20.5446959],[-46.4764289,-20.5447518],[-46.4767049,-20.5449574],[-46.4770112,-20.5451412],[-46.4772261,-20.5453258],[-46.4773814,-20.5456472],[-46.4775011,-20.5458725],[-46.4775613,-20.5461404],[-46.4774269,-20.546414],[-46.4772319,-20.546724],[-46.4769901,-20.5469125],[-46.4766123,-20.5473068],[-46.4765159,-20.5474687],[-46.4765453,-20.5481568],[-46.4766171,-20.5485004],[-46.4769175,-20.5488636],[-46.4769556,-20.5490788],[-46.4769623,-20.5493141],[-46.476967,-20.5494812],[-46.4770247,-20.5497231],[-46.4769346,-20.549853],[-46.476691,-20.549855],[-46.4764386,-20.5497281],[-46.4762691,-20.5495144],[-46.4760228,-20.5492441],[-46.4758005,-20.549081],[-46.4755255,-20.548983],[-46.47525,-20.5488347],[-46.475026,-20.5484925],[-46.4748629,-20.5481568],[-46.4748079,-20.5478599],[-46.4744913,-20.5475605],[-46.4742721,-20.5476814],[-46.4741524,-20.5478976],[-46.4740182,-20.5481927],[-46.4738618,-20.5485526],[-46.4737374,-20.5490842],[-46.4737027,-20.5494359],[-46.473653,-20.5498092],[-46.4734578,-20.5500905],[-46.4732945,-20.5505293],[-46.4730701,-20.5509471],[-46.4727981,-20.5511645],[-46.4725403,-20.5512671],[-46.4721677,-20.5513133],[-46.471946,-20.5512148],[-46.4719058,-20.551],[-46.4716841,-20.5508944],[-46.4713866,-20.5508323],[-46.471119,-20.5507127],[-46.4709792,-20.5504271],[-46.4709761,-20.5501044],[-46.4710572,-20.5498241],[-46.4712634,-20.5495931],[-46.4715787,-20.5494324],[-46.4718584,-20.5492293],[-46.4720854,-20.5490768],[-46.4723111,-20.5487952],[-46.4723703,-20.5485047],[-46.4723214,-20.548286],[-46.4722578,-20.5480069],[-46.4721261,-20.5475987],[-46.4720041,-20.5473183],[-46.4718439,-20.5470665],[-46.4717485,-20.5469273],[-46.4716379,-20.5467442],[-46.4715539,-20.5466412],[-46.4712828,-20.5463587],[-46.4711206,-20.5461163],[-46.4711381,-20.5456722],[-46.4713565,-20.5453112],[-46.4712939,-20.5451325],[-46.4710347,-20.5450916],[-46.4707839,-20.5451296],[-46.4704803,-20.5452254],[-46.470214,-20.545242],[-46.4700451,-20.5451],[-46.4700166,-20.5449055],[-46.4699441,-20.5447071],[-46.4699556,-20.5444992],[-46.4699937,-20.544297],[-46.4701387,-20.5440643],[-46.4702493,-20.5438793],[-46.4703942,-20.543742],[-46.4705163,-20.5433167],[-46.4706269,-20.5430306],[-46.4706651,-20.5428226],[-46.4705992,-20.5425426],[-46.4704229,-20.542415],[-46.4702485,-20.5424882],[-46.4700547,-20.5427864],[-46.469906,-20.5429371],[-46.4697678,-20.5431592],[-46.4696621,-20.5432604],[-46.4694892,-20.5434842],[-46.4692764,-20.5435219],[-46.4690853,-20.5434446],[-46.4689614,-20.5432234],[-46.4689138,-20.5430158],[-46.468834,-20.5426853],[-46.4687256,-20.5424438],[-46.4687379,-20.5421425],[-46.4686591,-20.5418563],[-46.4683311,-20.5418858],[-46.4681511,-20.5420757],[-46.4680288,-20.5420194],[-46.4678231,-20.5418804],[-46.4676133,-20.5418995],[-46.4674196,-20.5419959],[-46.4673607,-20.5422043],[-46.4674083,-20.5424119],[-46.4675095,-20.5426477],[-46.4676949,-20.5429257],[-46.4678346,-20.5431087],[-46.4680405,-20.5434311],[-46.4682345,-20.5436311],[-46.4683509,-20.5438595],[-46.4683229,-20.5441559],[-46.4683229,-20.5444229],[-46.4682618,-20.5446861],[-46.4681626,-20.5449169],[-46.4679985,-20.545225],[-46.4678022,-20.5453987],[-46.4674842,-20.5455807],[-46.467226,-20.5456474],[-46.4668534,-20.5456864],[-46.4666317,-20.5455879],[-46.4664079,-20.5454338],[-46.4660733,-20.5453058],[-46.4657844,-20.5453513],[-46.4656754,-20.5455845],[-46.4656998,-20.5459323],[-46.465786,-20.5463193],[-46.4657519,-20.5467355],[-46.4656713,-20.547066],[-46.465476,-20.5473401],[-46.4652666,-20.5474504],[-46.46509,-20.54758],[-46.4651987,-20.5477942],[-46.4654353,-20.5478639],[-46.4656571,-20.5479696],[-46.4658568,-20.5481544],[-46.4658974,-20.5484193],[-46.4661141,-20.5486344],[-46.4664193,-20.5489205],[-46.4664689,-20.549218],[-46.4663482,-20.5493907],[-46.466106,-20.5494838],[-46.4658924,-20.549495],[-46.4658099,-20.5496248],[-46.46585,-20.5498324],[-46.4660126,-20.550125],[-46.465977,-20.5503834],[-46.4658185,-20.5505282],[-46.4656201,-20.5504725],[-46.4654137,-20.5503882],[-46.4652519,-20.5501816],[-46.4650825,-20.5499823],[-46.46483,-20.5498482],[-46.4646098,-20.5499074],[-46.4644205,-20.5500165],[-46.464215,-20.5500183],[-46.4641267,-20.5499066],[-46.4639457,-20.5497194],[-46.4637307,-20.5495276],[-46.4633954,-20.5495018],[-46.4630891,-20.5496071],[-46.4627286,-20.5498229],[-46.462433,-20.5499688],[-46.4621378,-20.5501434],[-46.4618575,-20.5502892],[-46.4615541,-20.5504065],[-46.461334,-20.55048],[-46.4610074,-20.5505545],[-46.4607485,-20.5505495],[-46.4605039,-20.550444],[-46.4603042,-20.5502592],[-46.460119,-20.5500027],[-46.4599814,-20.549761],[-46.4597855,-20.5495995],[-46.4595143,-20.5496564],[-46.459455,-20.5498218],[-46.4594569,-20.5500297],[-46.4594219,-20.5503527],[-46.4593793,-20.5506758],[-46.459298,-20.5509274],[-46.459102,-20.551137],[-46.4588739,-20.5511605],[-46.4587355,-20.5510254],[-46.458544,-20.5508979],[-46.4583834,-20.5507535],[-46.4581643,-20.5507477],[-46.4580422,-20.5508069],[-46.4579198,-20.5511307],[-46.4579324,-20.5514265],[-46.4578662,-20.5516781],[-46.4576017,-20.5518811],[-46.4573673,-20.552048],[-46.4571567,-20.5523222],[-46.4568248,-20.5526405],[-46.4564526,-20.5527297],[-46.4561865,-20.5527678],[-46.4559118,-20.5527056],[-46.4556672,-20.5526072],[-46.455423,-20.5525447],[-46.4550896,-20.5525521],[-46.4548598,-20.5525638],[-46.4548157,-20.5527291],[-46.4549014,-20.5529363],[-46.4550939,-20.5531642],[-46.4552484,-20.5533995],[-46.4553197,-20.5536929],[-46.4553693,-20.5541084],[-46.4554329,-20.5544747],[-46.4555278,-20.5547668],[-46.455469,-20.5549824],[-46.455279,-20.5550198],[-46.4551506,-20.5548562],[-46.454895,-20.5548676],[-46.4546013,-20.5548791],[-46.4542361,-20.5550358],[-46.45391,-20.5551676],[-46.4536297,-20.5553133],[-46.4533112,-20.5554523],[-46.452931,-20.5554985],[-46.4525821,-20.5556376],[-46.4523162,-20.5556972],[-46.4520257,-20.5555706],[-46.4518252,-20.5552998],[-46.4517382,-20.5549492],[-46.4514848,-20.5548635],[-46.4511909,-20.555047],[-46.4509262,-20.5552356],[-46.4506149,-20.5553243],[-46.4503098,-20.5552623],[-46.4500572,-20.555121],[-46.4498894,-20.5550865],[-46.4497234,-20.5552385],[-46.449634,-20.5554544],[-46.4494986,-20.5556204],[-46.4492484,-20.5557373],[-46.4490553,-20.5557868],[-46.4489936,-20.5558881],[-46.4490432,-20.5560731],[-46.4491272,-20.5562124],[-46.44915,-20.5563745],[-46.4490776,-20.5565461],[-46.4488716,-20.5567655],[-46.4485664,-20.5569925],[-46.4480807,-20.5570449],[-46.4478111,-20.5571984],[-46.4477005,-20.5573167],[-46.4477809,-20.5575494],[-46.4476611,-20.5577655],[-46.4473953,-20.5577897],[-46.447159,-20.5578056],[-46.4468776,-20.5578366],[-46.4468231,-20.5580148],[-46.446927,-20.5582306],[-46.4469742,-20.5583879],[-46.4469078,-20.5586108],[-46.446742,-20.5587914],[-46.4464395,-20.5590162],[-46.4461402,-20.5591688],[-46.4458198,-20.5593061],[-46.4453713,-20.5595701],[-46.4449697,-20.5597814],[-46.4446258,-20.5598363],[-46.4443315,-20.559923],[-46.4442576,-20.5601602],[-46.4445115,-20.5604378],[-46.445017,-20.5607634],[-46.4453156,-20.560933],[-46.4457127,-20.561066],[-46.4462081,-20.5611192],[-46.4466804,-20.5611511],[-46.4471298,-20.5611689],[-46.4475335,-20.561187],[-46.4477931,-20.5612637],[-46.4480223,-20.561355],[-46.4483816,-20.5615098],[-46.4487627,-20.5615496],[-46.4490974,-20.5615181],[-46.4493944,-20.5615228],[-46.4497217,-20.5615129],[-46.4501031,-20.5615886],[-46.4504928,-20.5617431],[-46.4507917,-20.5619485],[-46.4510379,-20.5622189],[-46.451269,-20.562511],[-46.4513625,-20.5627325],[-46.4512888,-20.5629913],[-46.4511019,-20.5633585],[-46.4508388,-20.5637121],[-46.450614,-20.564094],[-46.4504662,-20.5644121],[-46.4505272,-20.564805],[-46.4507942,-20.5652093],[-46.4511437,-20.5653588],[-46.4514411,-20.5654065],[-46.4518448,-20.5654246],[-46.4522116,-20.565565],[-46.4525912,-20.5657777],[-46.452839,-20.5658967],[-46.4530079,-20.5660387],[-46.4531082,-20.5661813],[-46.4532471,-20.5663805],[-46.4533176,-20.5665811],[-46.4532592,-20.5668469],[-46.4531547,-20.5670701],[-46.4530201,-20.5673365],[-46.4528926,-20.5675384],[-46.4527431,-20.5678264],[-46.4525605,-20.568139],[-46.4526825,-20.5686941],[-46.4526825,-20.5691862],[-46.4525683,-20.5694772],[-46.452426,-20.5697222],[-46.4522683,-20.5699529],[-46.4520794,-20.5701123],[-46.4518834,-20.5703147],[-46.4516188,-20.5705177],[-46.4513165,-20.5707569],[-46.4510436,-20.5708811],[-46.4508171,-20.5710268],[-46.4505005,-20.5710287],[-46.4501829,-20.5708524],[-46.4500743,-20.5706382],[-46.4500556,-20.5702727],[-46.4500821,-20.5698565],[-46.4500868,-20.569541],[-46.4500678,-20.5691396],[-46.4500484,-20.5687023],[-46.4500153,-20.568423],[-46.4498684,-20.5681804],[-46.4497065,-20.5679738],[-46.4495284,-20.5676598],[-46.4494635,-20.5672301],[-46.4494914,-20.5669645],[-46.4494429,-20.5666638],[-46.4491781,-20.5665426],[-46.4488902,-20.566504],[-46.4485342,-20.5663845],[-46.4482959,-20.5661427],[-46.448133,-20.5658286],[-46.4481621,-20.5655965],[-46.4481499,-20.5651974],[-46.4480347,-20.5650908],[-46.4478302,-20.5651483],[-46.4476738,-20.565299],[-46.4474926,-20.5654202],[-46.4471581,-20.5653917],[-46.4472345,-20.5650115],[-46.447277,-20.5646669],[-46.447304,-20.564301],[-46.4472182,-20.5640866],[-46.4470126,-20.5640883],[-46.4467239,-20.5642995],[-46.4463195,-20.5645418],[-46.4459551,-20.5646858],[-46.4456978,-20.5647001],[-46.4453315,-20.5646181],[-46.4451866,-20.564538],[-46.4451484,-20.5644331],[-46.4450346,-20.5642482],[-46.4449405,-20.563955],[-46.4449371,-20.5635965],[-46.444927,-20.5633313],[-46.4449328,-20.5631448],[-46.4448699,-20.5629415],[-46.4447708,-20.5629282],[-46.4445721,-20.5628395],[-46.4444404,-20.5625968],[-46.4443536,-20.5622676],[-46.4441687,-20.5620397],[-46.4438727,-20.5621426],[-46.4436984,-20.5622229],[-46.4434242,-20.562218],[-46.4431872,-20.5621124],[-46.4430098,-20.5618701],[-46.4430541,-20.5616426],[-46.4431541,-20.5610228],[-46.443158,-20.5606212],[-46.4430541,-20.5604448],[-46.4428515,-20.5604158],[-46.4426092,-20.5605612],[-46.4422837,-20.5607575],[-46.4419574,-20.560875],[-46.4416976,-20.5607696],[-46.4415218,-20.5606993],[-46.4413309,-20.5606436],[-46.4411409,-20.5606738],[-46.4410501,-20.5607391],[-46.4410291,-20.5609329],[-46.4409179,-20.5612135],[-46.4406604,-20.5613949],[-46.4403571,-20.5615337],[-46.4401458,-20.561729],[-46.4398071,-20.5619673],[-46.4396488,-20.562314],[-46.4393779,-20.5626533],[-46.4391958,-20.5627265],[-46.4389435,-20.5625807],[-46.4384534,-20.5623096],[-46.4383015,-20.5623539],[-46.4381813,-20.562527],[-46.4381457,-20.5627854],[-46.438198,-20.5630865],[-46.4381866,-20.5632715],[-46.4382516,-20.5635231],[-46.4381781,-20.5638105],[-46.4379734,-20.5638983],[-46.4377278,-20.5638212],[-46.4375291,-20.5636151],[-46.4374052,-20.5633939],[-46.43721,-20.5632486],[-46.437004,-20.5629759],[-46.4368705,-20.5627088],[-46.4365767,-20.5623426],[-46.436283,-20.5619821],[-46.4360656,-20.5616732],[-46.4358474,-20.5613847],[-46.4355355,-20.5613012],[-46.4352925,-20.5613606],[-46.435302,-20.5615613],[-46.435496,-20.5619612],[-46.4357743,-20.5624107],[-46.4360519,-20.5627813],[-46.4362447,-20.563045],[-46.4363618,-20.5633523],[-46.4363949,-20.5636389],[-46.436352,-20.5639333],[-46.436217,-20.5641567],[-46.4360438,-20.5643589],[-46.4357108,-20.5645399],[-46.4355658,-20.5646315],[-46.4353064,-20.5647783],[-46.4349992,-20.5650129],[-46.4346889,-20.5652091],[-46.4344475,-20.5654549],[-46.4341836,-20.5657296],[-46.4339957,-20.5659964],[-46.4337622,-20.5662637],[-46.4334736,-20.566345],[-46.4331911,-20.5662612],[-46.4329413,-20.5662737],[-46.4329344,-20.5664928],[-46.4330664,-20.5667642],[-46.4331524,-20.5670073],[-46.4331167,-20.5672586],[-46.4329363,-20.5675111],[-46.4324725,-20.5675794],[-46.432053,-20.567504],[-46.4317473,-20.5675203],[-46.4317473,-20.5676756],[-46.4318312,-20.5679541],[-46.4317931,-20.5682307],[-46.4317473,-20.5684347],[-46.4315384,-20.5686484],[-46.4315023,-20.5688639],[-46.4317087,-20.5689554],[-46.4320276,-20.5688595],[-46.432621,-20.5688044],[-46.4329298,-20.5689764],[-46.4331429,-20.5692447],[-46.4333965,-20.5695007],[-46.4336648,-20.5696921],[-46.433933,-20.5698763],[-46.434081,-20.5702336],[-46.4342892,-20.5705116],[-46.4345589,-20.5708607],[-46.4346071,-20.5711256],[-46.4345336,-20.571413],[-46.4343225,-20.5716371],[-46.4340577,-20.5718186],[-46.4340217,-20.572034],[-46.4342437,-20.5721612],[-46.4344405,-20.5722342],[-46.4345473,-20.5724268],[-46.4344236,-20.572676],[-46.4343956,-20.5729416],[-46.4344634,-20.5732356],[-46.4346146,-20.5735564],[-46.4346328,-20.5738718],[-46.434469,-20.5742747],[-46.4341737,-20.5744492],[-46.4339077,-20.5745016],[-46.4337163,-20.5743885],[-46.4336699,-20.574214],[-46.4336368,-20.5740378],[-46.4336723,-20.5737578],[-46.433547,-20.573386],[-46.4332808,-20.5731288],[-46.4330629,-20.5729167],[-46.4328939,-20.5727604],[-46.4327323,-20.5725753],[-46.432537,-20.5722533],[-46.4323424,-20.5720244],[-46.4322203,-20.571683],[-46.4321336,-20.5712393],[-46.432024,-20.5709247],[-46.4316451,-20.570396],[-46.431536,-20.5700324],[-46.4313447,-20.5699264],[-46.4311556,-20.5700571],[-46.4310432,-20.5702588],[-46.4309538,-20.5705557],[-46.4308063,-20.570985],[-46.4306109,-20.5712519],[-46.4302994,-20.5713334],[-46.4301108,-20.5712748],[-46.4298033,-20.5712012],[-46.4294137,-20.571061],[-46.429162,-20.5710201],[-46.4290569,-20.5711787],[-46.4293338,-20.5714776],[-46.4294521,-20.5719212],[-46.4294017,-20.5722299],[-46.4293057,-20.5725462],[-46.4291711,-20.5728127],[-46.428829,-20.5728729],[-46.4286078,-20.5728317],[-46.4284012,-20.5727186],[-46.428174,-20.5728568],[-46.4281843,-20.5731435],[-46.4282186,-20.5735519],[-46.4282438,-20.5738099],[-46.4282701,-20.5741754],[-46.4282729,-20.5744765],[-46.4282217,-20.5747064],[-46.4280117,-20.5750452],[-46.4276923,-20.5754729],[-46.4274977,-20.5759822],[-46.4275287,-20.5763592],[-46.4274863,-20.5767318],[-46.4277946,-20.5767772],[-46.4281467,-20.5765779],[-46.4285239,-20.5763751],[-46.4287622,-20.5764529],[-46.4288848,-20.5767067],[-46.4288477,-20.5770278],[-46.4286006,-20.5773979],[-46.4283637,-20.5776854],[-46.4284144,-20.577843],[-46.4287413,-20.577951],[-46.4290278,-20.5780739],[-46.4291405,-20.5783372],[-46.4289525,-20.5785936],[-46.428646,-20.5785685],[-46.4282691,-20.5783821],[-46.4278173,-20.5782915],[-46.4276694,-20.5784922],[-46.4276923,-20.5788031],[-46.4277915,-20.5790416],[-46.4278525,-20.5793067],[-46.4278258,-20.5796653],[-46.4277762,-20.5798465],[-46.4276083,-20.5800773],[-46.4273845,-20.5802486],[-46.4269639,-20.5802804],[-46.4266313,-20.5800755],[-46.4263978,-20.5797565],[-46.4263045,-20.5794176],[-46.4262115,-20.5791163],[-46.4261577,-20.5788274],[-46.4261255,-20.5784848],[-46.4259041,-20.5783922],[-46.4257277,-20.5785037],[-46.425636,-20.5786587],[-46.4255875,-20.5788289],[-46.4254696,-20.5790753],[-46.4252712,-20.5793034],[-46.4250224,-20.5794848],[-46.4248038,-20.5796847],[-46.4244498,-20.5800544],[-46.4240979,-20.5802945],[-46.423849,-20.5804665],[-46.4234721,-20.5808942],[-46.4232554,-20.5812924],[-46.4231008,-20.5819165],[-46.4229347,-20.5823803],[-46.4227039,-20.5825935],[-46.422658,-20.5827978],[-46.4228596,-20.5829283],[-46.4232602,-20.5828967],[-46.4235317,-20.5829888],[-46.4236746,-20.5832708],[-46.4239462,-20.5834133],[-46.4241904,-20.5835067],[-46.4244107,-20.5837649],[-46.4244574,-20.584056],[-46.424362,-20.5844127],[-46.4241486,-20.584673],[-46.4237091,-20.5848371],[-46.4230778,-20.5848423],[-46.4227485,-20.584996],[-46.4224196,-20.5851874],[-46.4221086,-20.5851522],[-46.421647,-20.5850899],[-46.4213069,-20.5851588],[-46.4207462,-20.5852106],[-46.4203348,-20.5851573],[-46.4197632,-20.5851149],[-46.4194112,-20.5849856],[-46.4191392,-20.5848274],[-46.4188557,-20.5845183],[-46.4186477,-20.5843373],[-46.4184033,-20.5843616],[-46.4183653,-20.5845884],[-46.4183581,-20.5848999],[-46.4183296,-20.58507],[-46.4182105,-20.5851936],[-46.4180014,-20.5853369],[-46.4178022,-20.5854707],[-46.4178345,-20.5857158],[-46.4180083,-20.5858016],[-46.4183569,-20.5858531],[-46.4187878,-20.5858495],[-46.4190383,-20.5858475],[-46.4194006,-20.5860049],[-46.419513,-20.5862399],[-46.419544,-20.5865623],[-46.4195482,-20.5867965],[-46.41967,-20.5869653],[-46.4199827,-20.587083],[-46.4201391,-20.5871402],[-46.420393,-20.5871104],[-46.4207435,-20.5870886],[-46.4210327,-20.5869353],[-46.4214128,-20.5868472],[-46.4217431,-20.5868067],[-46.4219852,-20.5869746],[-46.4221282,-20.587266],[-46.4222258,-20.5876247],[-46.4226378,-20.5876476],[-46.4228732,-20.5876279],[-46.4230921,-20.5874563],[-46.4233499,-20.5871616],[-46.4237486,-20.5869318],[-46.4240486,-20.5868633],[-46.4245499,-20.586878],[-46.4249817,-20.5869688],[-46.4252751,-20.5872684],[-46.4253844,-20.5876571],[-46.4253348,-20.5879337],[-46.4251517,-20.5882999],[-46.4249838,-20.5885121],[-46.4249288,-20.5888284],[-46.4247414,-20.5891603],[-46.4244828,-20.58937],[-46.4243548,-20.5896164],[-46.4244462,-20.5897384],[-46.4246726,-20.5898175],[-46.4248305,-20.5901127],[-46.4247826,-20.5903585],[-46.424694,-20.5905291],[-46.4244803,-20.5906364],[-46.4242453,-20.5907781],[-46.4239877,-20.5910917],[-46.4238713,-20.5915079],[-46.4236832,-20.5917548],[-46.4234164,-20.5921722],[-46.4231188,-20.5924955],[-46.4228202,-20.5927245],[-46.4224711,-20.5929067],[-46.4221208,-20.5929567],[-46.4216597,-20.5929417],[-46.4214301,-20.5929413],[-46.4211711,-20.5929363],[-46.4208283,-20.5929248],[-46.4205771,-20.592934],[-46.4202652,-20.5929724],[-46.4199153,-20.5930183],[-46.4196125,-20.5932072],[-46.4192808,-20.5934441],[-46.4190977,-20.5938198],[-46.4189062,-20.5942384],[-46.4186038,-20.5944775],[-46.418315,-20.5945445],[-46.4180318,-20.594389],[-46.41792,-20.5938306],[-46.4178551,-20.5933937],[-46.4178443,-20.5930496],[-46.4177414,-20.5926274],[-46.4175427,-20.5925573],[-46.4173811,-20.5926601],[-46.4172209,-20.5928337],[-46.4170234,-20.5932213],[-46.4168432,-20.5934952],[-46.4166244,-20.5937193],[-46.4163313,-20.5941376],[-46.4158856,-20.5945285],[-46.4154016,-20.5948982],[-46.4150821,-20.5949366],[-46.4148363,-20.594702],[-46.4148103,-20.5943652],[-46.4148534,-20.594078],[-46.4151685,-20.5937095],[-46.4154114,-20.5934855],[-46.41555,-20.593095],[-46.4156225,-20.592868],[-46.4155996,-20.5926029],[-46.4154155,-20.5922807],[-46.415344,-20.5919449],[-46.4153696,-20.5914278],[-46.4152105,-20.5911056],[-46.4149053,-20.5906574],[-46.4147093,-20.5905568],[-46.4145015,-20.5906103],[-46.4144727,-20.5907826],[-46.4144586,-20.5909046],[-46.4144002,-20.5911848],[-46.4143421,-20.5914864],[-46.4141694,-20.5917531],[-46.4139424,-20.5919056],[-46.413578,-20.5920376],[-46.4131829,-20.5921269],[-46.4128768,-20.5919716],[-46.4126305,-20.5916797],[-46.4123612,-20.5913807],[-46.4122236,-20.5910046],[-46.4119613,-20.5909537],[-46.4118179,-20.5910983],[-46.4116453,-20.5913794],[-46.4113423,-20.5915539],[-46.4109151,-20.5915653],[-46.4106174,-20.5913877],[-46.4104328,-20.5911885],[-46.4103984,-20.590971],[-46.4103433,-20.5905725],[-46.410259,-20.5902206],[-46.410259,-20.5899765],[-46.4101363,-20.5895918],[-46.4101392,-20.5890755],[-46.4101149,-20.5889179],[-46.4100221,-20.5887609],[-46.4097329,-20.5887776],[-46.4094754,-20.5889303],[-46.4092026,-20.5890831],[-46.4088466,-20.589294],[-46.4084054,-20.5893406],[-46.4078946,-20.589273],[-46.4074129,-20.589069],[-46.4069617,-20.5888576],[-46.4068334,-20.5885632],[-46.4069179,-20.5882341],[-46.4075478,-20.5879923],[-46.4078195,-20.5877319],[-46.40797,-20.5875299],[-46.4080496,-20.5870847],[-46.4081919,-20.5868254],[-46.4084317,-20.5868465],[-46.4086722,-20.586886],[-46.4088634,-20.5869777],[-46.4091752,-20.5869321],[-46.4092423,-20.5867666],[-46.409095,-20.5864882],[-46.4090007,-20.5861734],[-46.4090917,-20.585849],[-46.4092233,-20.5855334],[-46.4090535,-20.5852711],[-46.4088027,-20.5853432],[-46.4085533,-20.585546],[-46.4082421,-20.5856561],[-46.4080517,-20.5856505],[-46.4077753,-20.585409],[-46.4075757,-20.5852313],[-46.4072941,-20.585248],[-46.4072047,-20.5854566],[-46.4071927,-20.5858081],[-46.4071429,-20.5861957],[-46.4069245,-20.5864556],[-46.406735,-20.5865576],[-46.4064542,-20.5866603],[-46.4061951,-20.5866408],[-46.4059737,-20.5865781],[-46.4057599,-20.5865081],[-46.4055669,-20.5866634],[-46.4055745,-20.5870546],[-46.4055549,-20.5874133],[-46.405336,-20.5876231],[-46.4051018,-20.5878257],[-46.404822,-20.5880431],[-46.4046195,-20.5883746],[-46.4044479,-20.5887632],[-46.404375,-20.5891152],[-46.4043883,-20.589739],[-46.4044172,-20.5904056],[-46.4043748,-20.5907645],[-46.4041415,-20.5910676],[-46.4037099,-20.5913364],[-46.4037206,-20.5915158],[-46.4039031,-20.5916431],[-46.4039266,-20.5919525],[-46.4039543,-20.5922379],[-46.4041515,-20.5922094],[-46.4044701,-20.5920258],[-46.4048415,-20.5918291],[-46.4051384,-20.5918196],[-46.4056107,-20.5918372],[-46.4058179,-20.5920076],[-46.4059498,-20.5922719],[-46.4059116,-20.5925429],[-46.4057259,-20.5927685],[-46.4054998,-20.5930357],[-46.4054562,-20.5932583],[-46.4055417,-20.593444],[-46.4058235,-20.5934561],[-46.4061425,-20.5933603],[-46.4064901,-20.593486],[-46.4066557,-20.593686],[-46.4068014,-20.5937923],[-46.4073045,-20.5938528],[-46.4076622,-20.5938284],[-46.4081191,-20.5938246],[-46.4084864,-20.5940153],[-46.4086803,-20.5943937],[-46.4090033,-20.5947425],[-46.409347,-20.5948544],[-46.4095989,-20.5949169],[-46.4098299,-20.5951875],[-46.4101285,-20.5953643],[-46.4104383,-20.5954773],[-46.4107928,-20.5955597],[-46.4108105,-20.5958249],[-46.4105683,-20.5959846],[-46.4102565,-20.5960302],[-46.4099356,-20.5959252],[-46.4096221,-20.5957844],[-46.4092411,-20.5957588],[-46.4087993,-20.595748],[-46.4084039,-20.5958086],[-46.4080304,-20.5957686],[-46.4075729,-20.595715],[-46.4072379,-20.5957177],[-46.406841,-20.5956206],[-46.4064901,-20.5955517],[-46.4062466,-20.5955824],[-46.4062078,-20.5958187],[-46.4064023,-20.5960381],[-46.406641,-20.5962317],[-46.4068939,-20.5964017],[-46.4069566,-20.596602],[-46.4067065,-20.5967331],[-46.4063717,-20.5967574],[-46.4059984,-20.5967461],[-46.4055411,-20.5967067],[-46.4052035,-20.5967744],[-46.405193,-20.5969098],[-46.4053779,-20.5971813],[-46.4054935,-20.5973238],[-46.4053886,-20.5975183],[-46.4051242,-20.5977499],[-46.4050876,-20.5979151],[-46.4053173,-20.5980423],[-46.4056218,-20.5980327],[-46.4057832,-20.5981891],[-46.4057089,-20.5983905],[-46.4054598,-20.5986363],[-46.4050883,-20.5988186],[-46.4047692,-20.5989001],[-46.4046566,-20.5990307],[-46.4048095,-20.5992563],[-46.4051236,-20.5993418],[-46.4053762,-20.5994903],[-46.4054372,-20.5998223],[-46.405427,-20.6000421],[-46.4055882,-20.600177],[-46.4058765,-20.6000599],[-46.4063062,-20.5995832],[-46.406472,-20.5993954],[-46.4066832,-20.5991714],[-46.4069745,-20.5989602],[-46.407183,-20.5988661],[-46.4075844,-20.5989142],[-46.4081426,-20.5988563],[-46.4086358,-20.5987226],[-46.4090098,-20.5987652],[-46.4093935,-20.5990776],[-46.4096539,-20.5992404],[-46.4098241,-20.5995258],[-46.4096751,-20.5998928],[-46.4096185,-20.6001937],[-46.4095657,-20.6004171],[-46.4098508,-20.6005128],[-46.4102358,-20.6004045],[-46.4104955,-20.6004884],[-46.4105813,-20.60071],[-46.4104536,-20.6009047],[-46.4102269,-20.601093],[-46.4102517,-20.6013079],[-46.4104736,-20.6014208],[-46.4108014,-20.6014611],[-46.410886,-20.6016296],[-46.4109043,-20.6018762],[-46.4108068,-20.6020491],[-46.4108315,-20.6022497],[-46.4109785,-20.6024995],[-46.4111288,-20.6027253],[-46.4110449,-20.6029427],[-46.4108318,-20.603103],[-46.410551,-20.6032128],[-46.4102627,-20.6033299],[-46.4100683,-20.6034711],[-46.4097774,-20.6035634],[-46.4095489,-20.603558],[-46.4092511,-20.6034744],[-46.4090368,-20.6033614],[-46.4087615,-20.6032346],[-46.4085474,-20.603136],[-46.4081351,-20.6030318],[-46.4077448,-20.6028198],[-46.4074993,-20.6026282],[-46.4072089,-20.6025158],[-46.4069961,-20.6025678],[-46.4069682,-20.6028405],[-46.4069931,-20.6030626],[-46.4069657,-20.6033998],[-46.406786,-20.6037311],[-46.4065673,-20.6039696],[-46.406219,-20.6041947],[-46.4058762,-20.6041831],[-46.405609,-20.6041064],[-46.4054716,-20.6038602],[-46.4053228,-20.603698],[-46.4051397,-20.6034692],[-46.4049451,-20.6032174],[-46.4047391,-20.6031335],[-46.4043843,-20.6033185],[-46.4043558,-20.6036577],[-46.4043741,-20.6039874],[-46.4042068,-20.6042863],[-46.4037407,-20.6044048],[-46.4034054,-20.6043789],[-46.4031903,-20.6041798],[-46.4030151,-20.6038944],[-46.4029805,-20.6036408],[-46.4027517,-20.6034711],[-46.4025088,-20.6029424],[-46.4023831,-20.6025228],[-46.4020078,-20.6022485],[-46.4016488,-20.602175],[-46.4014349,-20.6021002],[-46.4010693,-20.6021931],[-46.4009925,-20.6025819],[-46.4010252,-20.6028206],[-46.4011092,-20.6031259],[-46.4011991,-20.6035378],[-46.401188,-20.6039762],[-46.4009574,-20.6042936],[-46.4005825,-20.6043827],[-46.400247,-20.6043376],[-46.39989,-20.6041588],[-46.3995957,-20.6041803],[-46.3994865,-20.6044585],[-46.3993947,-20.6046632],[-46.399432,-20.6051664],[-46.3993357,-20.6057409],[-46.3990737,-20.6059533],[-46.3986851,-20.6057351],[-46.398369,-20.6055097],[-46.398145,-20.6054445],[-46.3979198,-20.6052551],[-46.397796,-20.6050362],[-46.3977833,-20.6047591],[-46.3979565,-20.6045354],[-46.3982446,-20.6041243],[-46.3982818,-20.6037511],[-46.3980714,-20.6036594],[-46.3978245,-20.603707],[-46.3975293,-20.6036256],[-46.3972228,-20.6034251],[-46.3972127,-20.6031678],[-46.3972886,-20.6028509],[-46.397387,-20.6024963],[-46.397455,-20.6021611],[-46.3974314,-20.601798],[-46.3976828,-20.6015378],[-46.3982195,-20.6013709],[-46.3983292,-20.6011501],[-46.3981744,-20.6008837],[-46.3979718,-20.6006234],[-46.3979451,-20.6005109],[-46.3978226,-20.6001599],[-46.3978704,-20.5998344],[-46.3978781,-20.5995667],[-46.3978548,-20.5992322],[-46.3980814,-20.5990494],[-46.398349,-20.5988745],[-46.3983165,-20.5986453],[-46.3980559,-20.5985401],[-46.3977757,-20.5983628],[-46.3976519,-20.5981439],[-46.3976933,-20.597852],[-46.3978509,-20.5976929],[-46.3980214,-20.5975068],[-46.3984372,-20.5974629],[-46.3987022,-20.5975139],[-46.3990263,-20.5974253],[-46.3993031,-20.5972874],[-46.3996732,-20.5971045],[-46.4000584,-20.5970345],[-46.4002853,-20.5970012],[-46.4003862,-20.596874],[-46.4001259,-20.5966419],[-46.3999315,-20.596481],[-46.3997769,-20.5962241],[-46.399841,-20.5959695],[-46.3998868,-20.5957387],[-46.4000629,-20.5953039],[-46.4003026,-20.5949986],[-46.4005051,-20.5948031],[-46.400522,-20.5944301],[-46.4001859,-20.5943085],[-46.3999428,-20.5943774],[-46.3997617,-20.5945606],[-46.3995698,-20.5946768],[-46.3992973,-20.5948511],[-46.3990739,-20.594853],[-46.3988991,-20.5946153],[-46.3986419,-20.5942445],[-46.3984563,-20.5939305],[-46.3984715,-20.5933759],[-46.3984473,-20.5929458],[-46.3984115,-20.5923629],[-46.3983576,-20.5920191],[-46.3982912,-20.5914173],[-46.3983,-20.5909828],[-46.3986126,-20.5906403],[-46.3988072,-20.5904343],[-46.3989521,-20.5902264],[-46.3992803,-20.5896501],[-46.3993974,-20.5891328],[-46.3994637,-20.5886064],[-46.3994786,-20.5880406],[-46.3994138,-20.5875934],[-46.3994313,-20.5872873],[-46.3994166,-20.5867807],[-46.3995396,-20.586179],[-46.3996406,-20.5857367],[-46.3996968,-20.5852295],[-46.3996329,-20.5848954],[-46.3993992,-20.5848782],[-46.3989003,-20.5847197],[-46.3985554,-20.5845653],[-46.3983723,-20.5845883],[-46.3982303,-20.5847346],[-46.3982941,-20.5850496],[-46.3983271,-20.5853266],[-46.3983404,-20.5856803],[-46.3983038,-20.5861204],[-46.3980693,-20.5864531],[-46.3978323,-20.5867457],[-46.3974597,-20.5870833],[-46.3971197,-20.5876502],[-46.3968581,-20.5879104],[-46.3965469,-20.5883049],[-46.3962475,-20.588464],[-46.3959766,-20.5887501],[-46.3955996,-20.589087],[-46.3953865,-20.5890983],[-46.3952442,-20.5889466],[-46.3951374,-20.5887387],[-46.3950878,-20.5884507],[-46.3950529,-20.5881449],[-46.3950396,-20.5878008],[-46.3947756,-20.5878029],[-46.3946555,-20.5879951],[-46.394476,-20.5883503],[-46.3943573,-20.5886955],[-46.3942278,-20.5889738],[-46.3940502,-20.5893948],[-46.3940235,-20.5897057],[-46.3938911,-20.5899039],[-46.3937922,-20.5902011],[-46.39365,-20.5905139],[-46.3935644,-20.5908244],[-46.3932636,-20.5912475],[-46.3927294,-20.5916821],[-46.3922849,-20.5919247],[-46.39188,-20.5920618],[-46.391404,-20.5921995],[-46.3908887,-20.5924809],[-46.3904638,-20.5926469],[-46.3900691,-20.5927934],[-46.3895003,-20.5927789],[-46.3891853,-20.5927527],[-46.3889312,-20.5927165],[-46.3886966,-20.5926037],[-46.3882991,-20.5924348],[-46.3880978,-20.5926276],[-46.3881069,-20.5929158],[-46.3881749,-20.5932963],[-46.3881376,-20.5936599],[-46.3882628,-20.5940318],[-46.3885496,-20.5943067],[-46.3891674,-20.5945695],[-46.3896175,-20.5945924],[-46.3899022,-20.5945445],[-46.3902375,-20.5945705],[-46.3906351,-20.5947489],[-46.3909717,-20.5951245],[-46.3910213,-20.5952866],[-46.3909376,-20.5956357],[-46.390983,-20.5961612],[-46.3912405,-20.5965607],[-46.3917319,-20.5970061],[-46.3919073,-20.5973106],[-46.3918594,-20.5976265],[-46.3915661,-20.5977532],[-46.3911901,-20.5977179],[-46.3908933,-20.5974622],[-46.3907044,-20.5970436],[-46.3905094,-20.5965665],[-46.3901783,-20.596227],[-46.3896706,-20.5958753],[-46.3891508,-20.5956691],[-46.3886927,-20.595539],[-46.3884689,-20.595493],[-46.3882644,-20.5953321],[-46.3881,-20.595123],[-46.3878744,-20.5948763],[-46.387609,-20.5947159],[-46.3873859,-20.5945924],[-46.3870693,-20.5946133],[-46.3868137,-20.594579],[-46.3865308,-20.5945142],[-46.3863573,-20.5944104],[-46.386093,-20.5943838],[-46.3861423,-20.5946019],[-46.3861584,-20.5948709],[-46.3861916,-20.5951766],[-46.3860823,-20.5954452],[-46.3857496,-20.595706],[-46.385416,-20.5958712],[-46.3850937,-20.5961606],[-46.3848219,-20.5964209],[-46.3844943,-20.5966161],[-46.3843837,-20.5967076],[-46.3841396,-20.5967782],[-46.3839221,-20.5969518],[-46.3836894,-20.5971196],[-46.3834479,-20.5971873],[-46.3832358,-20.5973133],[-46.3833396,-20.597561],[-46.3832814,-20.5978674],[-46.383161,-20.5980309],[-46.3831634,-20.5982891],[-46.3833576,-20.5984309],[-46.3836212,-20.5983906],[-46.3838611,-20.5981134],[-46.3840289,-20.5980752],[-46.384212,-20.5982049],[-46.3841909,-20.5985103],[-46.3842632,-20.5986436],[-46.3845385,-20.5987752],[-46.3848834,-20.5987676],[-46.3851052,-20.5985604],[-46.3853832,-20.5984567],[-46.3855319,-20.598388],[-46.3857749,-20.5985072],[-46.3860499,-20.5986006],[-46.3862743,-20.598704],[-46.3865894,-20.5987397],[-46.3869042,-20.5987467],[-46.3872091,-20.598773],[-46.387372,-20.598829],[-46.3874853,-20.5990002],[-46.3874565,-20.5991821],[-46.3873055,-20.5993267],[-46.3871237,-20.5994429],[-46.3869931,-20.5995969],[-46.3868835,-20.5998273],[-46.3869055,-20.6000088],[-46.3871502,-20.6001215],[-46.3874356,-20.6002435],[-46.38767,-20.6003373],[-46.3878971,-20.6005414],[-46.3878971,-20.6007722],[-46.3878933,-20.6008771],[-46.3876873,-20.6011403],[-46.3875538,-20.6013215],[-46.3873821,-20.6015313],[-46.3874194,-20.6018213],[-46.3872794,-20.6020614],[-46.3873016,-20.602262],[-46.3875249,-20.6022507],[-46.3876987,-20.6021379],[-46.3880003,-20.6020556],[-46.3882595,-20.6021379],[-46.3882464,-20.6023118],[-46.3882382,-20.6025318],[-46.3884067,-20.6027147],[-46.3887592,-20.6028875],[-46.3887839,-20.6031108],[-46.3889224,-20.6033397],[-46.3891249,-20.6034802],[-46.389349,-20.603634],[-46.3896237,-20.6038212],[-46.3897692,-20.6040229],[-46.3898289,-20.6042592],[-46.3897899,-20.6047196],[-46.3898252,-20.6051636],[-46.3897842,-20.6056735],[-46.3896573,-20.6059451],[-46.3894283,-20.6060416],[-46.3891697,-20.6060505],[-46.3889238,-20.605863],[-46.3887135,-20.605655],[-46.3884818,-20.6054539],[-46.3882068,-20.6052396],[-46.3880114,-20.6050789],[-46.3877947,-20.6049588],[-46.387556,-20.6047781],[-46.3874539,-20.6046166],[-46.387401,-20.6043261],[-46.3872627,-20.6041242],[-46.3870502,-20.6040262],[-46.3868303,-20.6039789],[-46.3866434,-20.6039736],[-46.3864207,-20.6039686],[-46.3860761,-20.6040052],[-46.3857315,-20.6040283],[-46.3854551,-20.6038621],[-46.3851961,-20.6038236],[-46.3849674,-20.6038316],[-46.3846965,-20.6038507],[-46.3844094,-20.6040254],[-46.3840001,-20.6040489],[-46.3836841,-20.604065],[-46.383396,-20.6039861],[-46.3831229,-20.6039748],[-46.382857,-20.6039634],[-46.3823035,-20.6039407],[-46.3817502,-20.6039316],[-46.3813323,-20.6037997],[-46.3810079,-20.6036737],[-46.3807704,-20.603635],[-46.3804186,-20.6036649],[-46.3803123,-20.6038213],[-46.3803783,-20.6040796],[-46.380504,-20.6043678],[-46.3808149,-20.6045885],[-46.3812268,-20.6048491],[-46.3815236,-20.6050902],[-46.3817482,-20.6052981],[-46.3820153,-20.6054381],[-46.3823893,-20.6054892],[-46.3827491,-20.6055472],[-46.3830656,-20.6055853],[-46.3833827,-20.605691],[-46.383666,-20.6057847],[-46.3839387,-20.6060045],[-46.3839527,-20.6062559],[-46.3839527,-20.6065229],[-46.3839145,-20.6066812],[-46.3838764,-20.6068662],[-46.3837925,-20.6070245],[-46.3836208,-20.6071752],[-46.3835056,-20.6073677],[-46.3832347,-20.6075999],[-46.3831719,-20.6078101],[-46.3831669,-20.6080537],[-46.3833042,-20.6082433],[-46.3834262,-20.6084055],[-46.3835712,-20.6084989],[-46.3837047,-20.6087869],[-46.3836559,-20.6088954],[-46.3837149,-20.609064],[-46.3838314,-20.609239],[-46.3838694,-20.6094687],[-46.3838575,-20.6097394],[-46.383781,-20.6100241],[-46.3838119,-20.6102539],[-46.3839643,-20.6104285],[-46.3841731,-20.6104742],[-46.384399,-20.6103986],[-46.3846107,-20.6103963],[-46.3848197,-20.610469],[-46.3849712,-20.6106619],[-46.3852317,-20.6107363],[-46.385387,-20.6109518],[-46.3855159,-20.6109919],[-46.3858012,-20.6109482],[-46.3860454,-20.6109395],[-46.3863636,-20.6111463],[-46.3863916,-20.6115554],[-46.3866357,-20.6118548],[-46.3868235,-20.6119683],[-46.3870808,-20.6120314],[-46.3873249,-20.612182],[-46.3874012,-20.6122774],[-46.3873974,-20.6124796],[-46.3872186,-20.6127498],[-46.3869904,-20.6129411],[-46.3869923,-20.6131508],[-46.3871533,-20.6134123],[-46.3872268,-20.6136495],[-46.387128,-20.6138465],[-46.386985,-20.6139288],[-46.3867698,-20.6139711],[-46.3865465,-20.6139053],[-46.3863438,-20.6137378],[-46.3861555,-20.6135769],[-46.3860378,-20.6132735],[-46.3859991,-20.6129626],[-46.3859817,-20.6126312],[-46.3859789,-20.6123201],[-46.3859337,-20.6120904],[-46.385831,-20.6118545],[-46.3856808,-20.6117662],[-46.3853852,-20.6118242],[-46.3851636,-20.6119478],[-46.3849628,-20.61199],[-46.3847462,-20.6118767],[-46.3846296,-20.611695],[-46.3845211,-20.6114916],[-46.3844966,-20.6112902],[-46.3844738,-20.6111483],[-46.3843265,-20.6110548],[-46.3841785,-20.6110762],[-46.384028,-20.611118],[-46.3838632,-20.6111667],[-46.3836905,-20.611141],[-46.3835158,-20.6108921],[-46.3833557,-20.6106566],[-46.3833034,-20.6104406],[-46.3832889,-20.6102003],[-46.383266,-20.6100744],[-46.383205,-20.6098436],[-46.3831948,-20.6095485],[-46.3831346,-20.6092513],[-46.3830965,-20.6090148],[-46.3829034,-20.6089889],[-46.3827606,-20.6092137],[-46.3826261,-20.609438],[-46.3824345,-20.6096966],[-46.3822783,-20.6099076],[-46.3820636,-20.610004],[-46.3819061,-20.6100594],[-46.3817129,-20.6101489],[-46.3814047,-20.6102393],[-46.3812121,-20.6103964],[-46.3810274,-20.6106279],[-46.3808932,-20.6108793],[-46.3806512,-20.6111315],[-46.3804075,-20.6112079],[-46.3801635,-20.6112301],[-46.3799401,-20.6111575],[-46.3797228,-20.610963],[-46.3795562,-20.6108155],[-46.3793483,-20.6107515],[-46.3792873,-20.6108774],[-46.3792203,-20.6110144],[-46.3792153,-20.611258],[-46.379289,-20.6114671],[-46.3794132,-20.6116961],[-46.3795745,-20.6120534],[-46.3797128,-20.6122484],[-46.3797756,-20.6124319],[-46.3797374,-20.6126398],[-46.3796018,-20.6127356],[-46.3793951,-20.6128734],[-46.3792306,-20.6129558],[-46.3790453,-20.6131264],[-46.3789293,-20.6133637],[-46.3789273,-20.6135874],[-46.378721,-20.6138191],[-46.3784285,-20.6140514],[-46.3781285,-20.6142567],[-46.3777207,-20.6144494],[-46.377463,-20.6145529],[-46.3774284,-20.614702],[-46.3775591,-20.6148498],[-46.3778397,-20.6148949],[-46.3780555,-20.6149203],[-46.3783298,-20.6150597],[-46.3784744,-20.6151672],[-46.3787557,-20.61528],[-46.3790648,-20.6152978],[-46.3793951,-20.6152749],[-46.3797108,-20.6152183],[-46.380041,-20.6151818],[-46.3802351,-20.6152005],[-46.3804431,-20.6152643],[-46.3805398,-20.6155161],[-46.3804484,-20.61574],[-46.3802423,-20.6159987],[-46.3799779,-20.6161564],[-46.3796961,-20.6162441],[-46.3795351,-20.6163804],[-46.3793717,-20.6166619],[-46.3791436,-20.6168599],[-46.3789185,-20.6169864],[-46.3787579,-20.6171268],[-46.3786737,-20.617344],[-46.3788183,-20.617451],[-46.3790407,-20.6174019],[-46.3793424,-20.6173927],[-46.3795162,-20.617494],[-46.3795677,-20.6176818],[-46.3797832,-20.617721],[-46.3798557,-20.6177935],[-46.3799167,-20.6178831],[-46.3799778,-20.6180224],[-46.3799824,-20.6182468],[-46.3802639,-20.6183933],[-46.3804235,-20.6185612],[-46.3804775,-20.6187815],[-46.3804661,-20.618976],[-46.3803669,-20.6192221],[-46.380405,-20.6194834],[-46.3805271,-20.6195998],[-46.3809578,-20.6196393],[-46.3811174,-20.6198072],[-46.3811554,-20.6200369],[-46.3809781,-20.6202953],[-46.3808582,-20.6205466],[-46.3808679,-20.6208307],[-46.3810922,-20.620998],[-46.3811442,-20.621187],[-46.3810245,-20.6214585],[-46.380833,-20.6217374],[-46.3809073,-20.6220142],[-46.3811261,-20.622371],[-46.3810715,-20.6226894],[-46.3808497,-20.6227926],[-46.3806123,-20.6227675],[-46.3803814,-20.6226611],[-46.3802359,-20.6224593],[-46.3802268,-20.6222496],[-46.3801679,-20.6220878],[-46.3799942,-20.6219471],[-46.3798421,-20.6218198],[-46.3798786,-20.6216235],[-46.3800326,-20.6214326],[-46.380146,-20.6212558],[-46.3800726,-20.6210805],[-46.3798786,-20.6209235],[-46.3796753,-20.6208537],[-46.3796521,-20.6206645],[-46.3796495,-20.6203804],[-46.3795265,-20.6202866],[-46.3793247,-20.6202206],[-46.3790151,-20.6201487],[-46.3787986,-20.6200489],[-46.3787342,-20.6199202],[-46.3787028,-20.6197791],[-46.3786793,-20.6195628],[-46.3785483,-20.6193812],[-46.3783227,-20.6193463],[-46.3781315,-20.6193778],[-46.3779304,-20.6193861],[-46.3776803,-20.6195369],[-46.3774517,-20.6196876],[-46.3772506,-20.619696],[-46.3770415,-20.6196165],[-46.3769035,-20.619462],[-46.3768805,-20.619293],[-46.376907,-20.6190493],[-46.3770323,-20.6188111],[-46.3772043,-20.6185531],[-46.37726,-20.6183497],[-46.3772721,-20.6180925],[-46.3772693,-20.6176199],[-46.3773655,-20.6173003],[-46.377377,-20.6169822],[-46.3772743,-20.6167395],[-46.3770633,-20.6166643],[-46.3767926,-20.6167095],[-46.3764488,-20.616834],[-46.3761551,-20.6169378],[-46.3758111,-20.6170353],[-46.3756457,-20.6170163],[-46.3753578,-20.6169712],[-46.3750052,-20.6169132],[-46.3746599,-20.6168618],[-46.3743947,-20.6169383],[-46.3741374,-20.6170763],[-46.3739276,-20.6172938],[-46.3738178,-20.6175044],[-46.3736177,-20.6176278],[-46.3734524,-20.6176291],[-46.3732009,-20.6176243],[-46.3729781,-20.6176193],[-46.3727191,-20.6175875],[-46.372402,-20.6174818],[-46.3721284,-20.6174163],[-46.3719401,-20.6174101],[-46.3718059,-20.6175136],[-46.3718081,-20.6177504],[-46.3718173,-20.6179803],[-46.3718266,-20.618217],[-46.3716636,-20.6184754],[-46.3715225,-20.6187606],[-46.3713388,-20.6191071],[-46.3710682,-20.6193866],[-46.3706831,-20.6197144],[-46.3703973,-20.6198858],[-46.3700974,-20.6200978],[-46.3698621,-20.6203094],[-46.3695331,-20.6204744],[-46.3691472,-20.620721],[-46.3687324,-20.6209408],[-46.3683323,-20.6211875],[-46.3679754,-20.6214541],[-46.3677465,-20.6215709],[-46.3675095,-20.6215931],[-46.3672363,-20.6215682],[-46.3670129,-20.6214956],[-46.3667672,-20.6213487],[-46.3665438,-20.621276],[-46.3662261,-20.6211027],[-46.3659528,-20.621071],[-46.3657747,-20.6212415],[-46.3658251,-20.6215587],[-46.3657675,-20.6220466],[-46.3654674,-20.6222384],[-46.3652376,-20.6222537],[-46.3648279,-20.6222434],[-46.3645761,-20.6222116],[-46.3644121,-20.6223482],[-46.3643504,-20.6225902],[-46.3642511,-20.6228298],[-46.3641098,-20.6231015],[-46.3638954,-20.6232385],[-46.3636524,-20.6233825],[-46.3633583,-20.6234389],[-46.3630998,-20.6234613],[-46.3627688,-20.6234097],[-46.3624947,-20.6232969],[-46.3622428,-20.6232515],[-46.3621134,-20.6233134],[-46.3621134,-20.6235137],[-46.3621249,-20.623775],[-46.3622925,-20.6239818],[-46.3623516,-20.6241707],[-46.3624258,-20.6244272],[-46.3624205,-20.6246437],[-46.3623076,-20.6248746],[-46.3621369,-20.6250789],[-46.3618652,-20.6252231],[-46.3615637,-20.6252661],[-46.3612619,-20.6252617],[-46.3608956,-20.6252849],[-46.3605865,-20.625267],[-46.3604281,-20.6252344],[-46.3601618,-20.6251892],[-46.35991,-20.6251506],[-46.359733,-20.6251216],[-46.3594499,-20.6251271],[-46.3593722,-20.6252833],[-46.3594316,-20.6254993],[-46.3595628,-20.6257013],[-46.3596874,-20.6259844],[-46.3597482,-20.626356],[-46.3597001,-20.6265999],[-46.3596874,-20.6267894],[-46.3596683,-20.627067],[-46.3596281,-20.6273988],[-46.3595519,-20.6277173],[-46.3593687,-20.6281246],[-46.3590771,-20.6284652],[-46.3588272,-20.6286498],[-46.3586936,-20.6289756],[-46.3585954,-20.6292469],[-46.3584754,-20.6294914],[-46.3583485,-20.629763],[-46.3582863,-20.6300476],[-46.3582245,-20.6303661],[-46.3580327,-20.6306247],[-46.3579628,-20.6308417],[-46.3581221,-20.6309757],[-46.3583814,-20.6310481],[-46.3586178,-20.6309583],[-46.3589478,-20.6308948],[-46.3592065,-20.6308995],[-46.3594878,-20.6310191],[-46.3596186,-20.6311126],[-46.3595339,-20.6313502],[-46.3594563,-20.6315132],[-46.3593573,-20.6316966],[-46.3594514,-20.6317771],[-46.3597321,-20.6318222],[-46.3599843,-20.6319014],[-46.3600431,-20.6320498],[-46.3600231,-20.632219],[-46.3599742,-20.632375],[-46.3599109,-20.6325311],[-46.3599052,-20.6327003],[-46.3599504,-20.6329367],[-46.3600886,-20.6331183],[-46.3603124,-20.6332383],[-46.3606726,-20.6333437],[-46.3610252,-20.6333883],[-46.3612416,-20.6334813],[-46.3615156,-20.6335873],[-46.3616681,-20.6337688],[-46.3618286,-20.6340314],[-46.3618235,-20.6342682],[-46.3617029,-20.6344518],[-46.3615167,-20.6345141],[-46.3613307,-20.6346171],[-46.3610363,-20.6346397],[-46.3608012,-20.6345668],[-46.3603889,-20.6345636],[-46.3598568,-20.634534],[-46.3595621,-20.6345295],[-46.3593968,-20.6345241],[-46.3590018,-20.6345475],[-46.3588045,-20.6345577],[-46.358564,-20.6346118],[-46.3583922,-20.6346943],[-46.3581935,-20.6349732],[-46.3581164,-20.6351903],[-46.35814,-20.6354202],[-46.3581711,-20.6356905],[-46.3582088,-20.6358864],[-46.3583253,-20.6360614],[-46.3584421,-20.6362634],[-46.3585806,-20.6364855],[-46.3585828,-20.6367291],[-46.3585774,-20.6369388],[-46.3585364,-20.6371692],[-46.3585161,-20.6373181],[-46.3584314,-20.6374879],[-46.3582824,-20.6376988],[-46.3581055,-20.6380182],[-46.3578562,-20.6384979],[-46.3577387,-20.6387923],[-46.3575547,-20.6391117],[-46.3573626,-20.6393296],[-46.3570708,-20.6396499],[-46.356872,-20.6399288],[-46.3565745,-20.640329],[-46.3564326,-20.6406223],[-46.3565141,-20.640899],[-46.3567016,-20.6409652],[-46.3568668,-20.6409571],[-46.357175,-20.64086],[-46.357461,-20.6407021],[-46.3577761,-20.6405711],[-46.3580058,-20.640549],[-46.3582721,-20.6405875],[-46.3584599,-20.6406943],[-46.358605,-20.6408487],[-46.3585933,-20.6411951],[-46.3585679,-20.6415255],[-46.3584337,-20.6417972],[-46.3582783,-20.6421028],[-46.3580027,-20.6426191],[-46.3579907,-20.6428898],[-46.3580642,-20.643211],[-46.357982,-20.6435258],[-46.3576744,-20.6436906],[-46.3573941,-20.643686],[-46.3570913,-20.6435802],[-46.3567663,-20.6434001],[-46.3564753,-20.6431347],[-46.3563532,-20.643068],[-46.3562159,-20.6429611],[-46.3559718,-20.6427399],[-46.3557658,-20.6425568],[-46.3554262,-20.6422707],[-46.3549429,-20.6420073],[-46.3546099,-20.6416126],[-46.3543161,-20.6413399],[-46.3540834,-20.6409126],[-46.3539499,-20.6407734],[-46.3536829,-20.6403462],[-46.3534316,-20.6401385],[-46.353236,-20.6399709],[-46.353085,-20.6399585],[-46.3528894,-20.6400143],[-46.3527988,-20.6400961],[-46.3527568,-20.6402317],[-46.3527728,-20.6404142],[-46.3528252,-20.6406438],[-46.352935,-20.640873],[-46.3529949,-20.6411431],[-46.3530186,-20.6413865],[-46.3530954,-20.6417061],[-46.353084,-20.641914],[-46.353084,-20.6421219],[-46.3530344,-20.642429],[-46.3530724,-20.642597],[-46.3530237,-20.64278],[-46.3529325,-20.6430243],[-46.352841,-20.6432414],[-46.3527573,-20.643533],[-46.3527448,-20.6437496],[-46.3529035,-20.643816],[-46.3531048,-20.6438212],[-46.353349,-20.643799],[-46.3535998,-20.6437226],[-46.3538509,-20.6436665],[-46.3540806,-20.6436376],[-46.3543472,-20.6437167],[-46.3545201,-20.6437695],[-46.3546501,-20.6438429],[-46.3549239,-20.6439219],[-46.3551836,-20.6440281],[-46.3553572,-20.6441553],[-46.3555237,-20.6442893],[-46.3557196,-20.6445042],[-46.3558583,-20.6447399],[-46.3559489,-20.6450001],[-46.3560004,-20.6454016],[-46.3559417,-20.6456603],[-46.3557403,-20.6458626],[-46.3555089,-20.6461035],[-46.355257,-20.6463349],[-46.3550429,-20.6465176],[-46.355041,-20.6467587],[-46.3552126,-20.6471516],[-46.3553365,-20.6472808],[-46.3554092,-20.6474619],[-46.3553925,-20.6478732],[-46.3553139,-20.6481702],[-46.3551739,-20.6484199],[-46.3550029,-20.6487614],[-46.3550295,-20.6490227],[-46.3550295,-20.6492669],[-46.3550295,-20.6495873],[-46.355041,-20.6498314],[-46.355102,-20.6500832],[-46.3551363,-20.6502778],[-46.3552088,-20.6507145],[-46.3551745,-20.6511628],[-46.3550143,-20.6516473],[-46.3549265,-20.6518647],[-46.3548426,-20.6520497],[-46.3546595,-20.6522767],[-46.3544878,-20.6524865],[-46.3544382,-20.652578],[-46.3542375,-20.6527967],[-46.3541492,-20.6531416],[-46.3540624,-20.6536681],[-46.3539614,-20.6541306],[-46.3539368,-20.6543957],[-46.353807,-20.6546453],[-46.353708,-20.6549425],[-46.3535074,-20.6552309],[-46.3533981,-20.655509],[-46.3530965,-20.6558556],[-46.3528752,-20.6561059],[-46.3525519,-20.6562997],[-46.3521771,-20.6564269],[-46.3518526,-20.6564868],[-46.3515175,-20.656499],[-46.3511218,-20.6565499],[-46.3509193,-20.656628],[-46.350707,-20.6567444],[-46.3504449,-20.6569664],[-46.350193,-20.6572074],[-46.3499107,-20.6574486],[-46.3495665,-20.6575756],[-46.3491918,-20.6577028],[-46.3487238,-20.6575467],[-46.3484877,-20.657345],[-46.3484718,-20.6570759],[-46.3485036,-20.6568477],[-46.3485718,-20.6565125],[-46.3486403,-20.6562156],[-46.3487903,-20.6559563],[-46.3488579,-20.6555542],[-46.3489061,-20.6552574],[-46.3488932,-20.6549515],[-46.3488495,-20.6545981],[-46.3488965,-20.6541675],[-46.349025,-20.6537745],[-46.3491748,-20.6534769],[-46.3492634,-20.6531607],[-46.3492805,-20.6527973],[-46.3492877,-20.6524626],[-46.3492945,-20.6520801],[-46.3492089,-20.6515836],[-46.3491853,-20.6512204],[-46.3491619,-20.6508668],[-46.3491591,-20.6505513],[-46.3490747,-20.6502969],[-46.3488763,-20.650295],[-46.3485902,-20.6505462],[-46.3482867,-20.6506825],[-46.3480032,-20.6507803],[-46.3477319,-20.650747],[-46.3475107,-20.6507661],[-46.3472298,-20.6506238],[-46.3469941,-20.6503866],[-46.3467783,-20.6501576],[-46.3467058,-20.6499364],[-46.3466943,-20.6498105],[-46.3467058,-20.6496064],[-46.3467554,-20.6493031],[-46.3468899,-20.6489341],[-46.3471305,-20.6485785],[-46.3475846,-20.6482403],[-46.3478063,-20.6480378],[-46.3482709,-20.6477377],[-46.3486136,-20.6474387],[-46.3489558,-20.6470822],[-46.3491263,-20.6468323],[-46.3492357,-20.6465637],[-46.3490839,-20.6464296],[-46.3486566,-20.6465587],[-46.3483538,-20.6467714],[-46.3479895,-20.6469272],[-46.3477266,-20.6470632],[-46.3473932,-20.6472665],[-46.3470902,-20.6474601],[-46.3467853,-20.6474434],[-46.3465761,-20.6473042],[-46.3464273,-20.6472336],[-46.3462442,-20.6470486],[-46.3461488,-20.6468102],[-46.3459243,-20.6465609],[-46.3456792,-20.6464099],[-46.3453843,-20.6463739],[-46.3450085,-20.6463768],[-46.3447957,-20.6464359],[-46.3445723,-20.6464376],[-46.344359,-20.6464393],[-46.3440235,-20.6464036],[-46.3437488,-20.6463484],[-46.3433621,-20.6462749],[-46.343077,-20.6461911],[-46.3427007,-20.6461367],[-46.3423045,-20.6461302],[-46.3419183,-20.6461045],[-46.3415725,-20.6460498],[-46.3412164,-20.6459857],[-46.3409115,-20.6459689],[-46.3405456,-20.6459431],[-46.3402913,-20.6458972],[-46.3401188,-20.6459177],[-46.3399773,-20.6460048],[-46.3399381,-20.6461677],[-46.3400217,-20.6464252],[-46.3400849,-20.6466924],[-46.3400465,-20.6469413],[-46.3398555,-20.6471722],[-46.3395527,-20.6473849],[-46.3391564,-20.6475961],[-46.3389848,-20.64768],[-46.3386682,-20.6478402],[-46.3384736,-20.6480138],[-46.3381598,-20.6483997],[-46.3379181,-20.6486406],[-46.337585,-20.6488726],[-46.3372514,-20.6490569],[-46.3368977,-20.64927],[-46.3365548,-20.6493794],[-46.33615,-20.6497156],[-46.3358267,-20.6499188],[-46.3354828,-20.6500841],[-46.3351681,-20.6501056],[-46.3347117,-20.6501952],[-46.3343478,-20.6503988],[-46.3340249,-20.6506403],[-46.3338041,-20.650948],[-46.3335526,-20.6512272],[-46.3333308,-20.6514201],[-46.3331192,-20.651613],[-46.3327152,-20.6518838],[-46.33236,-20.6519153],[-46.3319843,-20.6519373],[-46.3316065,-20.6517107],[-46.3313101,-20.6514931],[-46.3311146,-20.6512078],[-46.3309283,-20.6508172],[-46.3307946,-20.650295],[-46.3306666,-20.6499205],[-46.3306431,-20.6495573],[-46.330721,-20.6491647],[-46.3308983,-20.6485323],[-46.3310155,-20.647996],[-46.3309204,-20.6476714],[-46.3307457,-20.6473383],[-46.3305199,-20.6470724],[-46.3302336,-20.6468547],[-46.3300394,-20.6467127],[-46.3298032,-20.6464182],[-46.3296997,-20.646116],[-46.3295932,-20.6456358],[-46.32955,-20.6453301],[-46.3295056,-20.6449002],[-46.3295631,-20.6445078],[-46.3296307,-20.6440961],[-46.3297182,-20.6436461],[-46.329745,-20.6432252],[-46.3296613,-20.6429485],[-46.3293658,-20.6428361],[-46.3291747,-20.6430575],[-46.3289032,-20.6433751],[-46.3285603,-20.643655],[-46.3279602,-20.6438386],[-46.3275472,-20.6439592],[-46.327222,-20.643933],[-46.3269779,-20.6438966],[-46.3267132,-20.6438317],[-46.3265397,-20.6437375],[-46.3261822,-20.6435107],[-46.3260071,-20.6432855],[-46.3257858,-20.6430566],[-46.3256179,-20.6427781],[-46.3255431,-20.6424257],[-46.3253277,-20.6421883],[-46.3250648,-20.6423242],[-46.3248436,-20.642584],[-46.3247141,-20.6428814],[-46.3245134,-20.6431602],[-46.3238855,-20.6433754],[-46.3233482,-20.6434457],[-46.3230316,-20.6435334],[-46.3228713,-20.6435353],[-46.3222212,-20.6435507],[-46.3217739,-20.6435063],[-46.3215085,-20.6433458],[-46.3212123,-20.6431568],[-46.3209661,-20.6428814],[-46.3208218,-20.642634],[-46.3207779,-20.6422614],[-46.320861,-20.6418874],[-46.3209716,-20.6415536],[-46.3211051,-20.6413266],[-46.3214578,-20.6410037],[-46.3216893,-20.6407629],[-46.3220414,-20.6403682],[-46.3224141,-20.6400116],[-46.3226661,-20.6397897],[-46.3229381,-20.6395295],[-46.3231283,-20.6392125],[-46.3231158,-20.6389353],[-46.3229717,-20.6387165],[-46.3226196,-20.6386144],[-46.3222103,-20.6387606],[-46.321734,-20.638879],[-46.3213985,-20.6388529],[-46.3210126,-20.6388558],[-46.3206058,-20.638792],[-46.3202094,-20.6387568],[-46.3198327,-20.6386545],[-46.3195169,-20.6385517],[-46.3191083,-20.6382776],[-46.3187511,-20.6380795],[-46.3184058,-20.6380917],[-46.3180405,-20.6381232],[-46.3177364,-20.638202],[-46.317554,-20.6382512],[-46.3172407,-20.6384353],[-46.316947,-20.6385331],[-46.3166626,-20.6385257],[-46.3164079,-20.6384416],[-46.3161938,-20.6383476],[-46.3159288,-20.6382349],[-46.3156034,-20.6381991],[-46.315269,-20.6382877],[-46.3151174,-20.638375],[-46.3148552,-20.6385969],[-46.314593,-20.6388092],[-46.3142406,-20.6391752],[-46.3138666,-20.6393788],[-46.313522,-20.6394675],[-46.3132375,-20.6394601],[-46.3128406,-20.6393675],[-46.3126149,-20.6391015],[-46.3123846,-20.6387631],[-46.3123968,-20.6385486],[-46.3124144,-20.638233],[-46.3124626,-20.6379267],[-46.3126423,-20.637562],[-46.312893,-20.6371872],[-46.3132159,-20.6369361],[-46.31361,-20.6367036],[-46.3139733,-20.6364332],[-46.3142864,-20.63623],[-46.3144968,-20.6358938],[-46.3146877,-20.6356437],[-46.3148791,-20.6354606],[-46.3150901,-20.6352008],[-46.3152805,-20.6348934],[-46.3155222,-20.6346621],[-46.3158353,-20.6344494],[-46.3161085,-20.6343326],[-46.3164233,-20.6343206],[-46.3167182,-20.6343953],[-46.3169859,-20.6347944],[-46.3172734,-20.6351459],[-46.3173879,-20.6354701],[-46.3175835,-20.6357746],[-46.3176978,-20.6360701],[-46.3179744,-20.6363549],[-46.318382,-20.6365047],[-46.3188508,-20.6366924],[-46.3191869,-20.636795],[-46.3195434,-20.6369166],[-46.3200407,-20.636865],[-46.3206089,-20.6368032],[-46.3211467,-20.6367418],[-46.3214815,-20.6366914],[-46.3218975,-20.63665],[-46.3222319,-20.6365518],[-46.3225466,-20.6365398],[-46.3229412,-20.6363647],[-46.3232542,-20.6361424],[-46.3234243,-20.6358542],[-46.3233176,-20.6356446],[-46.3231071,-20.6355794],[-46.3228126,-20.6355912],[-46.3224776,-20.6356033],[-46.3221318,-20.6355486],[-46.3218257,-20.6353884],[-46.3216604,-20.6350646],[-46.3216735,-20.6347005],[-46.3217354,-20.6343374],[-46.3219356,-20.6340012],[-46.3221976,-20.6337602],[-46.3224896,-20.6334711],[-46.3228434,-20.6332772],[-46.3232055,-20.6328633],[-46.3234266,-20.6325939],[-46.3237187,-20.6323143],[-46.3240716,-20.6320152],[-46.3243632,-20.6316688],[-46.3245948,-20.6314375],[-46.324764,-20.6310442],[-46.3248008,-20.6306041],[-46.324813,-20.6301457],[-46.3250876,-20.6297127],[-46.3252793,-20.6295583],[-46.3256838,-20.629364],[-46.3261909,-20.629274],[-46.3266478,-20.629261],[-46.326983,-20.6292679],[-46.3273682,-20.6291789],[-46.3275667,-20.6290551],[-46.3275374,-20.6287761],[-46.3272695,-20.6283383],[-46.3270532,-20.6279862],[-46.3268424,-20.6275135],[-46.3269135,-20.6271076],[-46.3270128,-20.6268392],[-46.3271939,-20.6266465],[-46.3274368,-20.6265491],[-46.327821,-20.6263453],[-46.3281254,-20.6263143],[-46.3284603,-20.626283],[-46.3288158,-20.6262899],[-46.3288795,-20.6260296],[-46.3287709,-20.6258026],[-46.3288681,-20.6256367],[-46.3289919,-20.6255141],[-46.3291628,-20.6253215],[-46.3293029,-20.6250718],[-46.3292404,-20.6248907],[-46.3289154,-20.6248932],[-46.3286619,-20.6249429],[-46.3282466,-20.6250704],[-46.3278118,-20.6252841],[-46.3272134,-20.6253843],[-46.326726,-20.6253881],[-46.3263605,-20.62541],[-46.3259538,-20.6253557],[-46.3255872,-20.6252343],[-46.3251695,-20.625094],[-46.3248029,-20.6249726],[-46.324529,-20.6250129],[-46.3244901,-20.625214],[-46.3245737,-20.6254811],[-46.324688,-20.6257861],[-46.3247112,-20.6261206],[-46.3245102,-20.6263612],[-46.324095,-20.6264982],[-46.3236287,-20.626607],[-46.3232131,-20.6266962],[-46.3228586,-20.6268041],[-46.322413,-20.6269509],[-46.3220591,-20.6271353],[-46.3217673,-20.6274531],[-46.3216066,-20.6276551],[-46.3212837,-20.6279061],[-46.3209805,-20.628071],[-46.3205146,-20.6282275],[-46.3200217,-20.6284291],[-46.3196088,-20.6285246],[-46.3193389,-20.6285874],[-46.3190266,-20.628803],[-46.3187025,-20.6289107],[-46.3181757,-20.6290581],[-46.3176699,-20.6292914],[-46.3172947,-20.6293612],[-46.316797,-20.629365],[-46.3164616,-20.6293293],[-46.3161251,-20.6291789],[-46.3158302,-20.6291334],[-46.3156373,-20.6291444],[-46.3155577,-20.6293362],[-46.3154988,-20.6295661],[-46.3154705,-20.6298245],[-46.3153513,-20.6301409],[-46.315141,-20.6304867],[-46.3149503,-20.6307463],[-46.3145569,-20.6310649],[-46.3140916,-20.6312788],[-46.3137981,-20.6314053],[-46.3134435,-20.6315036],[-46.3131194,-20.6316112],[-46.3127145,-20.6317673],[-46.3122792,-20.6319331],[-46.3118956,-20.6322133],[-46.3117046,-20.6324443],[-46.311413,-20.6327811],[-46.3111612,-20.6330316],[-46.31094,-20.6332914],[-46.3106775,-20.6334847],[-46.3102835,-20.6337267],[-46.3099502,-20.6339396],[-46.3095659,-20.6341337],[-46.3091708,-20.634261],[-46.3088873,-20.6343588],[-46.308574,-20.6345428],[-46.3082513,-20.634813],[-46.3079587,-20.6350351],[-46.3076563,-20.6353147],[-46.3073448,-20.635709],[-46.3071439,-20.6359687],[-46.3068116,-20.6363059],[-46.3065817,-20.6367379],[-46.306322,-20.6372466],[-46.3059802,-20.6376603],[-46.305627,-20.6379307],[-46.3053438,-20.6380762],[-46.3051009,-20.6381737],[-46.3048787,-20.6383188],[-46.304638,-20.6386839],[-46.3044174,-20.6390202],[-46.3042982,-20.6393271],[-46.304046,-20.6395298],[-46.3037722,-20.6395892],[-46.3034879,-20.6395914],[-46.3031622,-20.6395173],[-46.3028163,-20.639453],[-46.3025427,-20.6395316],[-46.302535,-20.6397416],[-46.3026495,-20.6401427],[-46.3028346,-20.640409],[-46.3030508,-20.6407516],[-46.3032293,-20.6412179],[-46.3032914,-20.6415625],[-46.3032227,-20.6418498],[-46.3031032,-20.642128],[-46.3029832,-20.6423488],[-46.3028329,-20.6425986],[-46.3026215,-20.6428201],[-46.3022572,-20.6429758],[-46.3019132,-20.6431314],[-46.3014865,-20.643125],[-46.301238,-20.6432836],[-46.3013372,-20.6434591],[-46.301505,-20.6435392],[-46.3016882,-20.6436327],[-46.3018369,-20.6438043],[-46.3019094,-20.6439436],[-46.3020315,-20.6440466],[-46.3021366,-20.6443248],[-46.3024314,-20.6443513],[-46.3026957,-20.6443684],[-46.3029993,-20.6442418],[-46.3034762,-20.6441809],[-46.3039025,-20.644149],[-46.3042585,-20.6442037],[-46.3045334,-20.6442781],[-46.3048291,-20.6444192],[-46.3051868,-20.6446651],[-46.3056158,-20.6449487],[-46.3060852,-20.6452033],[-46.3064327,-20.6454589],[-46.3068107,-20.6457046],[-46.3072498,-20.6459785],[-46.307637,-20.646119],[-46.3081151,-20.6462015],[-46.3085627,-20.6462841],[-46.3090415,-20.646443],[-46.3094697,-20.646631],[-46.3099595,-20.646895],[-46.3104161,-20.6471515],[-46.3107679,-20.6474681],[-46.3111065,-20.6479858],[-46.3113035,-20.6484528],[-46.3114577,-20.6488397],[-46.3115743,-20.6492252],[-46.311548,-20.6497131],[-46.3114087,-20.6500583],[-46.3111473,-20.6503663],[-46.311018,-20.6506923],[-46.311022,-20.6511584],[-46.3110534,-20.6517103],[-46.3112311,-20.6518101],[-46.3115157,-20.6518366],[-46.3117452,-20.6519883],[-46.311877,-20.6522455],[-46.3119422,-20.6527078],[-46.3120577,-20.6528931],[-46.3121977,-20.6530989],[-46.3124724,-20.6532348],[-46.312776,-20.6530986],[-46.3130073,-20.6528292],[-46.3131973,-20.6524835],[-46.3133672,-20.6521571],[-46.3135381,-20.6519455],[-46.3137198,-20.6518198],[-46.3140403,-20.6518018],[-46.314227,-20.6518996],[-46.3144065,-20.6521108],[-46.314699,-20.6522904],[-46.3149515,-20.6521164],[-46.3150092,-20.6517431],[-46.3151688,-20.6514072],[-46.3152472,-20.651072],[-46.3153168,-20.6508898],[-46.315518,-20.6506683],[-46.3157605,-20.6505231],[-46.3160554,-20.6505591],[-46.3163221,-20.6507549],[-46.316385,-20.6510824],[-46.3166213,-20.6513961],[-46.3171297,-20.6514496],[-46.3173451,-20.6516017],[-46.317621,-20.6518857],[-46.3178642,-20.6518169],[-46.3181365,-20.6515853],[-46.3186022,-20.6514097],[-46.3189571,-20.65134],[-46.3194036,-20.6512888],[-46.3198084,-20.6511136],[-46.3201308,-20.6508052],[-46.3203515,-20.6504784],[-46.320746,-20.6502938],[-46.320938,-20.6501775],[-46.3211185,-20.6499085],[-46.3213191,-20.6496105],[-46.3216329,-20.6494838],[-46.3218871,-20.649492],[-46.3221428,-20.6497247],[-46.3224746,-20.6500108],[-46.3228637,-20.650253],[-46.3230468,-20.6505086],[-46.3232299,-20.6507738],[-46.3233024,-20.6509435],[-46.3233024,-20.651243],[-46.3231689,-20.6514604],[-46.3229026,-20.6518262],[-46.3226095,-20.6520005],[-46.3221253,-20.6523867],[-46.3217111,-20.6526575],[-46.3213782,-20.6529182],[-46.3210759,-20.6532074],[-46.3208647,-20.653448],[-46.3205726,-20.6537371],[-46.3203009,-20.6540356],[-46.3198872,-20.6543543],[-46.3195746,-20.6546148],[-46.319343,-20.6548556],[-46.3190307,-20.6551544],[-46.318668,-20.6555014],[-46.3184768,-20.6557749],[-46.3185378,-20.6560495],[-46.3185874,-20.6562422],[-46.3186964,-20.6564382],[-46.3187596,-20.6566958],[-46.3188231,-20.6569918],[-46.3187653,-20.6573651],[-46.3186358,-20.6576529],[-46.3184144,-20.6578936],[-46.3181829,-20.658144],[-46.31788,-20.6583566],[-46.3176126,-20.6585134],[-46.3172981,-20.6585636],[-46.3171068,-20.6587563],[-46.3170577,-20.6589926],[-46.3171684,-20.6591185],[-46.3173133,-20.6593245],[-46.3173629,-20.6594179],[-46.317485,-20.6597078],[-46.3175037,-20.6600154],[-46.3174954,-20.6602353],[-46.3173771,-20.6606474],[-46.3172476,-20.6609447],[-46.316996,-20.6612239],[-46.3166932,-20.6614462],[-46.3163191,-20.6616594],[-46.3160574,-20.6618537],[-46.3159066,-20.6621214],[-46.315982,-20.6625326],[-46.3160761,-20.6629329],[-46.3143337,-20.6646107],[-46.313903,-20.6644498],[-46.3134323,-20.6643271],[-46.3130419,-20.6641786],[-46.3125311,-20.6640688],[-46.3121812,-20.6639452],[-46.3118317,-20.6638594],[-46.3114013,-20.6637364],[-46.3109289,-20.6634117],[-46.3102127,-20.6628236],[-46.3098478,-20.6625107],[-46.3093464,-20.6619336],[-46.3088846,-20.6612804],[-46.3083168,-20.6607796],[-46.3078921,-20.6604041],[-46.3074824,-20.6600152],[-46.3072555,-20.6596058],[-46.3070176,-20.6591104],[-46.3069119,-20.6586331],[-46.3069288,-20.6582314],[-46.3070988,-20.6579146],[-46.3073505,-20.6576546],[-46.3076026,-20.6574327],[-46.3078439,-20.6571441],[-46.3081052,-20.656817],[-46.3084271,-20.6564512],[-46.3086785,-20.6561529],[-46.3089195,-20.6558165],[-46.3092012,-20.6555084],[-46.3093806,-20.6550959],[-46.3095491,-20.6546165],[-46.3095554,-20.6541575],[-46.3094603,-20.653728],[-46.3092127,-20.6532901],[-46.309068,-20.6529948],[-46.3085158,-20.6525687],[-46.3080169,-20.6524291],[-46.3074263,-20.6522614],[-46.3068472,-20.6522467],[-46.3062068,-20.6522037],[-46.305699,-20.6522076],[-46.305262,-20.6521918],[-46.3047437,-20.6521574],[-46.3042051,-20.6521328],[-46.303565,-20.6521186],[-46.3029654,-20.6520848],[-46.3024781,-20.6521076],[-46.3017063,-20.6521326],[-46.3009138,-20.6521194],[-46.3003141,-20.6520761],[-46.2995116,-20.6520726],[-46.2987398,-20.652088],[-46.2977643,-20.6520475],[-46.2970125,-20.6520341],[-46.2961796,-20.6520499],[-46.2954281,-20.6520651],[-46.2949508,-20.6520782],[-46.2944024,-20.6520919],[-46.2938843,-20.6520862],[-46.2931728,-20.6520438],[-46.292279,-20.6520505],[-46.291314,-20.6520481],[-46.290674,-20.6520433],[-46.2897398,-20.6520886],[-46.2889372,-20.6520755],[-46.2881749,-20.6520142],[-46.287545,-20.6519998],[-46.2868751,-20.6520717],[-46.286347,-20.6520757],[-46.285727,-20.652042],[-46.2852999,-20.6519783],[-46.284902,-20.6517709],[-46.2846139,-20.6513428],[-46.2845379,-20.6507601],[-46.2845036,-20.6503014],[-46.2845105,-20.6499094],[-46.2845288,-20.6496702],[-46.284504,-20.6491445],[-46.2844704,-20.6487623],[-46.2843856,-20.6483422],[-46.2842202,-20.6480088],[-46.2838831,-20.6477723],[-46.2834653,-20.6476129],[-46.2829876,-20.6475782],[-46.2826221,-20.6476],[-46.2821349,-20.6476514],[-46.2817394,-20.6477213],[-46.2810192,-20.6478414],[-46.2805323,-20.647931],[-46.2801065,-20.6480298],[-46.2793967,-20.6481689],[-46.2786878,-20.6484228],[-46.2780199,-20.6487241],[-46.2774139,-20.6491493],[-46.2769601,-20.6495351],[-46.2765766,-20.6498439],[-46.2762739,-20.6500852],[-46.2758799,-20.6503463],[-46.2755148,-20.6504063],[-46.2751085,-20.6504093],[-46.2748435,-20.6503061],[-46.2742319,-20.6500525],[-46.273753,-20.6498744],[-46.2731511,-20.6495633],[-46.2726921,-20.6493372],[-46.2723858,-20.6491482],[-46.271753,-20.64878],[-46.2710896,-20.648412],[-46.2704673,-20.6480819],[-46.2699057,-20.6477323],[-46.2694458,-20.6473915],[-46.2690152,-20.6469166],[-46.2687171,-20.6464885],[-46.2683583,-20.6460895],[-46.2680493,-20.6455851],[-46.2677409,-20.6451379],[-46.2674022,-20.6447197],[-46.2671252,-20.6443776],[-46.2667359,-20.6439884],[-46.2664092,-20.6437804],[-46.2659612,-20.6436499],[-46.2655548,-20.6436433],[-46.2650573,-20.6436661],[-46.2646928,-20.6438026],[-46.2642078,-20.6441217],[-46.2636724,-20.6444698],[-46.2630351,-20.64479],[-46.2626413,-20.6450797],[-46.261943,-20.6453908],[-46.2614278,-20.6457292],[-46.2609128,-20.6460963],[-46.2605997,-20.6463185],[-46.2602144,-20.6463978],[-46.2597461,-20.6462769],[-46.2593679,-20.6459928],[-46.2591839,-20.6458412],[-46.2588967,-20.6455086],[-46.2585492,-20.6452435],[-46.2581906,-20.6448732],[-46.2578027,-20.644637],[-46.2573045,-20.6445832],[-46.2569403,-20.644758],[-46.2566278,-20.6450567],[-46.2563971,-20.6454026],[-46.2562073,-20.6457959],[-46.2560275,-20.6461702],[-46.2559192,-20.6465821],[-46.2559126,-20.6470124],[-46.2558146,-20.6474529],[-46.2556452,-20.6478557],[-46.2553643,-20.6482785],[-46.2549822,-20.6487593],[-46.254659,-20.6489816],[-46.2540719,-20.6492345],[-46.2534333,-20.6494016],[-46.2528955,-20.6494629],[-46.2523975,-20.6494378],[-46.2518489,-20.6494227],[-46.2512695,-20.6493791],[-46.2506288,-20.6492881],[-46.2502323,-20.6492432],[-46.2498366,-20.6492939],[-46.2492376,-20.6493365],[-46.2488722,-20.6493773],[-46.2483043,-20.6494866],[-46.2477875,-20.6496433],[-46.2470673,-20.6497633],[-46.2464688,-20.6498632],[-46.2459514,-20.6499435],[-46.2454327,-20.6498707],[-46.2450559,-20.6497491],[-46.2448098,-20.6494641],[-46.2444615,-20.6491128],[-46.2442033,-20.6485792],[-46.2440255,-20.647959],[-46.2438189,-20.6475302],[-46.2435819,-20.6471208],[-46.243315,-20.6467689],[-46.2429371,-20.6465135],[-46.2425187,-20.6462775],[-46.2419695,-20.6461954],[-46.2416139,-20.6461884],[-46.2410666,-20.6463357],[-46.2407728,-20.6464335],[-46.2405201,-20.6465883],[-46.240247,-20.6467337],[-46.2399137,-20.6469655],[-46.2396306,-20.6471301],[-46.2393378,-20.6473426],[-46.2390149,-20.6476126],[-46.2386826,-20.6479688],[-46.2383192,-20.6482582],[-46.2380265,-20.6484802],[-46.2377738,-20.648635],[-46.2371876,-20.6490026],[-46.2367422,-20.649197],[-46.2363479,-20.6494197],[-46.2359624,-20.6494894],[-46.2356683,-20.6495489],[-46.2352416,-20.6495424],[-46.234836,-20.6496218],[-46.2342995,-20.6498646],[-46.2339256,-20.6501063],[-46.2335927,-20.650386],[-46.2332097,-20.650764],[-46.2329068,-20.6509933],[-46.2326555,-20.6513178],[-46.2324802,-20.6516178],[-46.2322545,-20.651978],[-46.2320792,-20.65229],[-46.2319165,-20.652578],[-46.2317916,-20.6528418],[-46.2317057,-20.653201],[-46.2316082,-20.6537156],[-46.2315346,-20.6540388],[-46.2312972,-20.6545186],[-46.2309579,-20.6549513],[-46.2306186,-20.6553959],[-46.230253,-20.6557212],[-46.2297347,-20.6560118],[-46.2293173,-20.6562179],[-46.22876,-20.6563892],[-46.2282271,-20.6564408],[-46.227732,-20.6564563],[-46.2274143,-20.6564227],[-46.2270327,-20.6563418],[-46.2266126,-20.6562133],[-46.2262063,-20.6562162],[-46.2254559,-20.6560661],[-46.2249469,-20.6559263],[-46.2244381,-20.6558224],[-46.2239416,-20.6556586],[-46.223471,-20.6555663],[-46.2229879,-20.6554861],[-46.2223014,-20.6553953],[-46.2216724,-20.6553642],[-46.2320862,-20.6466461],[-46.2317039,-20.6463334],[-46.2313421,-20.6457893],[-46.2311439,-20.6451663],[-46.2309867,-20.6448758],[-46.2308086,-20.6443852],[-46.2306209,-20.6439219],[-46.2304726,-20.6435312],[-46.230431,-20.643167],[-46.2304964,-20.642875],[-46.2305808,-20.6425465],[-46.230618,-20.6423549],[-46.2303747,-20.6421835],[-46.2301406,-20.6419574],[-46.2300607,-20.6416573],[-46.2300972,-20.6413747],[-46.2302203,-20.6410367],[-46.230401,-20.6406437],[-46.2306498,-20.6402957],[-46.2308603,-20.6399844],[-46.2310504,-20.6395549],[-46.2312499,-20.6390979],[-46.23143,-20.6386229],[-46.2316007,-20.6381935],[-46.231743,-20.6378372],[-46.231856,-20.6374446],[-46.23194,-20.6370523],[-46.2320237,-20.6366326],[-46.2320495,-20.6362315],[-46.2320456,-20.6357487],[-46.2321493,-20.6354109],[-46.2323774,-20.63489],[-46.2325194,-20.6344972],[-46.2326022,-20.6339591],[-46.2326274,-20.6334852],[-46.2326529,-20.6330477],[-46.2327075,-20.6326191],[-46.2327426,-20.6321633],[-46.2327884,-20.6318441],[-46.2327761,-20.6315254],[-46.2326479,-20.6312256],[-46.2325683,-20.6309529],[-46.2324598,-20.6306986],[-46.2325449,-20.630452],[-46.2328436,-20.6302859],[-46.2329289,-20.6300666],[-46.2328307,-20.6298942],[-46.2324907,-20.6297326],[-46.2323535,-20.629515],[-46.2322828,-20.629151],[-46.2322989,-20.628741],[-46.2323151,-20.6283582],[-46.2322153,-20.6279763],[-46.2320772,-20.6276493],[-46.2321227,-20.6272937],[-46.2324203,-20.627],[-46.2325148,-20.6267078],[-46.2324067,-20.6265081],[-46.2321826,-20.6263184],[-46.2318043,-20.6262118],[-46.2314347,-20.6259775],[-46.2312964,-20.6256232],[-46.2313616,-20.625313],[-46.2315332,-20.6249838],[-46.2317732,-20.6247452],[-46.232096,-20.6245745],[-46.2323221,-20.6244133],[-46.2323529,-20.6241389],[-46.2322229,-20.6238765],[-46.232181,-20.6236435],[-46.2322185,-20.6233347],[-46.2322556,-20.6229732],[-46.2323099,-20.6227697],[-46.2323875,-20.6224832],[-46.2325528,-20.6221659],[-46.2327579,-20.6218258],[-46.2329073,-20.6215238],[-46.2330727,-20.6212141],[-46.2331664,-20.620935],[-46.2332276,-20.6206034],[-46.2332494,-20.6203248],[-46.2333516,-20.6201134],[-46.2335822,-20.6199613],[-46.2338049,-20.6198317],[-46.2341163,-20.6197919],[-46.2343403,-20.6198129],[-46.2346327,-20.619789],[-46.2349674,-20.6196175],[-46.2348811,-20.6191567],[-46.2348675,-20.6187782],[-46.2351295,-20.6185656],[-46.2354682,-20.6184614],[-46.2357734,-20.6183699],[-46.2359679,-20.6182783],[-46.2360633,-20.6182306],[-46.2361625,-20.618059],[-46.2360786,-20.6178663],[-46.2358459,-20.6176317],[-46.2356971,-20.617462],[-46.2352355,-20.6171625],[-46.2351478,-20.6170462],[-46.2349756,-20.6166045],[-46.2349729,-20.6162743],[-46.2351214,-20.615833],[-46.2353996,-20.6155448],[-46.2358069,-20.6152997],[-46.2362464,-20.6151178],[-46.2366393,-20.6147993],[-46.2369178,-20.6145895],[-46.2369941,-20.6142996],[-46.2369445,-20.6139334],[-46.2368453,-20.6136911],[-46.236786,-20.6133826],[-46.2365599,-20.6129938],[-46.236429,-20.6127086],[-46.2363911,-20.6123676],[-46.2364467,-20.612004],[-46.2365964,-20.6117277],[-46.2369096,-20.6114283],[-46.2373168,-20.6111722],[-46.2377821,-20.6108827],[-46.2382127,-20.6106485],[-46.2386904,-20.6104469],[-46.2390166,-20.6103015],[-46.2393319,-20.6102552],[-46.2396356,-20.610231],[-46.2399625,-20.6101736],[-46.2400768,-20.6098536],[-46.2401561,-20.6095338],[-46.2403179,-20.6093015],[-46.2407172,-20.6090105],[-46.2410347,-20.608834],[-46.2413171,-20.6085348],[-46.2416301,-20.6082134],[-46.2419427,-20.6078369],[-46.2421623,-20.6075271],[-46.2425818,-20.607359],[-46.2428374,-20.607159],[-46.2428688,-20.6068895],[-46.2426475,-20.606693],[-46.2424458,-20.6064464],[-46.2421051,-20.6062397],[-46.2417182,-20.6060994],[-46.2412385,-20.6060588],[-46.2408863,-20.6058742],[-46.2406167,-20.6057771],[-46.2403134,-20.6058673],[-46.2399992,-20.6060347],[-46.2395433,-20.6060489],[-46.2390994,-20.6060852],[-46.2386911,-20.6061871],[-46.2383408,-20.6062447],[-46.2379058,-20.6063478],[-46.2375235,-20.6063716],[-46.2371819,-20.6060549],[-46.237117,-20.605687],[-46.2370479,-20.6053844],[-46.2367461,-20.605253],[-46.236563,-20.6051824],[-46.2362464,-20.6051347],[-46.2358687,-20.6051366],[-46.2354096,-20.6051759],[-46.2352698,-20.6049745],[-46.235327,-20.6047666],[-46.235522,-20.6046248],[-46.2355319,-20.6044046],[-46.2353041,-20.6042154],[-46.23506,-20.604019],[-46.234854,-20.6039026],[-46.2345717,-20.6036603],[-46.2342894,-20.6033952],[-46.234072,-20.6031988],[-46.2338278,-20.6028306],[-46.233506,-20.6025148],[-46.2332929,-20.6021861],[-46.23329,-20.6018229],[-46.2334166,-20.6015798],[-46.2338011,-20.601412],[-46.2342675,-20.6012655],[-46.2346532,-20.6012628],[-46.2351802,-20.6013801],[-46.2356208,-20.6014707],[-46.2360861,-20.6015489],[-46.2364638,-20.6016404],[-46.2368186,-20.6016576],[-46.2370894,-20.6015966],[-46.2373069,-20.6014821],[-46.2372725,-20.6012285],[-46.2371505,-20.601032],[-46.236788,-20.6006972],[-46.2366929,-20.6004997],[-46.2367607,-20.6002131],[-46.2368519,-20.5999262],[-46.2370253,-20.5996828],[-46.2372804,-20.5994278],[-46.2373705,-20.5990089],[-46.2370774,-20.5989009],[-46.2366928,-20.5990468],[-46.2361795,-20.5991715],[-46.2357481,-20.5993177],[-46.2352109,-20.5993766],[-46.2348372,-20.5994233],[-46.234335,-20.5994819],[-46.2339489,-20.5994516],[-46.2334228,-20.5994444],[-46.232943,-20.5993707],[-46.2325678,-20.5992413],[-46.2323332,-20.5991329],[-46.2321091,-20.5988924],[-46.2320369,-20.5986287],[-46.2320654,-20.5983579],[-46.2324632,-20.5978552],[-46.2328581,-20.5975442],[-46.2331365,-20.597278],[-46.2334272,-20.5970778],[-46.2338461,-20.5968437],[-46.2343353,-20.59662],[-46.2347281,-20.5963781],[-46.2348466,-20.5962421],[-46.2346814,-20.5960562],[-46.2343504,-20.5958783],[-46.2342284,-20.5957753],[-46.2340122,-20.5956977],[-46.2339514,-20.595401],[-46.2340545,-20.5951361],[-46.2342277,-20.5948706],[-46.2344709,-20.5945827],[-46.2347025,-20.5943169],[-46.234794,-20.5940631],[-46.2348501,-20.5937765],[-46.2348948,-20.593523],[-46.235091,-20.5932024],[-46.2354169,-20.593024],[-46.2355826,-20.5928246],[-46.2355421,-20.5926048],[-46.2351172,-20.5924317],[-46.234873,-20.5923421],[-46.234606,-20.5922047],[-46.2343733,-20.591993],[-46.2339079,-20.5916039],[-46.2333231,-20.5914098],[-46.232855,-20.5913361],[-46.2324219,-20.5912622],[-46.2320458,-20.5910117],[-46.2319035,-20.5907595],[-46.231948,-20.590484],[-46.2320518,-20.5903072],[-46.2323536,-20.5900408],[-46.2326321,-20.5897857],[-46.2330509,-20.5895295],[-46.2334587,-20.5893725],[-46.2341715,-20.5893344],[-46.2344757,-20.5893763],[-46.2348501,-20.5896317],[-46.2351036,-20.5897885],[-46.2354523,-20.5901728],[-46.2357576,-20.5903358],[-46.2362311,-20.5904404],[-46.236529,-20.5903302],[-46.2368906,-20.5902286],[-46.2371582,-20.5900726],[-46.2374716,-20.5898062],[-46.2377402,-20.5896607],[-46.2378901,-20.589517],[-46.2378179,-20.5892643],[-46.2374632,-20.5891263],[-46.2375103,-20.5888042],[-46.2377315,-20.5886926],[-46.2379999,-20.5886356],[-46.2383039,-20.5886445],[-46.2387836,-20.5887071],[-46.2391813,-20.5887372],[-46.2396379,-20.588822],[-46.2401643,-20.5888733],[-46.2407369,-20.5888582],[-46.2412852,-20.5887222],[-46.2416456,-20.5884774],[-46.2418546,-20.5882998],[-46.2421286,-20.5880486],[-46.2422123,-20.5877249],[-46.2420676,-20.5875889],[-46.2418845,-20.5874993],[-46.2416175,-20.5875107],[-46.2414839,-20.5875336],[-46.2410681,-20.5876232],[-46.2407019,-20.5877377],[-46.2404921,-20.5877854],[-46.2401081,-20.5877069],[-46.2396872,-20.5876879],[-46.2391372,-20.5876148],[-46.2385636,-20.5875199],[-46.2382124,-20.5874453],[-46.2376845,-20.5872685],[-46.2371465,-20.5871778],[-46.2368067,-20.5870701],[-46.2362443,-20.586909],[-46.2359034,-20.5866693],[-46.235784,-20.586362],[-46.2358639,-20.5861192],[-46.2360376,-20.5859199],[-46.2362433,-20.5857121],[-46.2363134,-20.5853345],[-46.2361832,-20.5851263],[-46.2359027,-20.5851393],[-46.2355532,-20.5852739],[-46.2351811,-20.5855187],[-46.2347969,-20.5857086],[-46.2343664,-20.5859648],[-46.2339482,-20.586287],[-46.2335761,-20.5865208],[-46.2332622,-20.5867432],[-46.2329021,-20.587021],[-46.2323784,-20.5873109],[-46.2320528,-20.5875113],[-46.2315524,-20.5878011],[-46.2311339,-20.5880792],[-46.2305357,-20.5882356],[-46.2302005,-20.588295],[-46.2298841,-20.5881982],[-46.2296719,-20.5879796],[-46.2295292,-20.5876724],[-46.2295142,-20.5872542],[-46.2296286,-20.5869452],[-46.2298528,-20.5866677],[-46.2299978,-20.5864731],[-46.230303,-20.5862176],[-46.230673,-20.5862061],[-46.2309782,-20.586208],[-46.2312681,-20.5862061],[-46.2315389,-20.5862099],[-46.2317831,-20.5861985],[-46.2321378,-20.5861279],[-46.2325269,-20.5860707],[-46.2328932,-20.5859791],[-46.233091,-20.5857978],[-46.2333236,-20.5856531],[-46.2334387,-20.5854321],[-46.233623,-20.5850895],[-46.233901,-20.5847794],[-46.2340169,-20.5846465],[-46.2341434,-20.5843924],[-46.2342354,-20.5842046],[-46.2344433,-20.5838949],[-46.2348268,-20.583617],[-46.2350349,-20.5833293],[-46.2352001,-20.5829698],[-46.23514,-20.5827366],[-46.2350065,-20.5825897],[-46.2349111,-20.5825535],[-46.2343749,-20.5826626],[-46.2341306,-20.5828074],[-46.2337702,-20.5830412],[-46.2335268,-20.5832961],[-46.2332358,-20.5834522],[-46.2328622,-20.5835099],[-46.232524,-20.5836004],[-46.2322109,-20.5839108],[-46.2321427,-20.5841535],[-46.2321337,-20.5844948],[-46.2321264,-20.58485],[-46.2319662,-20.5848595],[-46.2318556,-20.5848614],[-46.2315178,-20.5849394],[-46.2311431,-20.584854],[-46.2309205,-20.5847896],[-46.2302413,-20.5846403],[-46.2296804,-20.5846663],[-46.2292603,-20.5847464],[-46.2289461,-20.5849247],[-46.2285769,-20.58511],[-46.2282635,-20.5852843],[-46.2280108,-20.5854295],[-46.2276663,-20.585518],[-46.2272741,-20.5855977],[-46.2269451,-20.5854753],[-46.2267707,-20.5852567],[-46.2267789,-20.585008],[-46.2268369,-20.5846442],[-46.2268145,-20.5843862],[-46.2266416,-20.5843492],[-46.2263785,-20.5844563],[-46.2261353,-20.5845249],[-46.2258519,-20.5846321],[-46.225579,-20.584787],[-46.2251644,-20.5850003],[-46.2248202,-20.585127],[-46.2245772,-20.5852148],[-46.2241117,-20.5853669],[-46.223623,-20.5852503],[-46.2234582,-20.584955],[-46.2234861,-20.5846393],[-46.223514,-20.584314],[-46.2236218,-20.5838256],[-46.2237605,-20.5833943],[-46.2237988,-20.5831072],[-46.2238465,-20.5827244],[-46.2238543,-20.5824184],[-46.2239329,-20.5820927],[-46.2241437,-20.5817948],[-46.2242681,-20.5814949],[-46.224139,-20.5812021],[-46.2238443,-20.5811659],[-46.2235504,-20.5812445],[-46.2232769,-20.5813229],[-46.2229532,-20.5814686],[-46.2227513,-20.581623],[-46.2225591,-20.5817104],[-46.2222856,-20.5817889],[-46.2220007,-20.5817144],[-46.2217854,-20.5814482],[-46.2215802,-20.5811819],[-46.2212277,-20.5810467],[-46.2209296,-20.5810813],[-46.2206857,-20.5810639],[-46.2204114,-20.5810372],[-46.2200351,-20.5809633],[-46.219861,-20.5807733],[-46.2197264,-20.5804492],[-46.2197133,-20.5799729],[-46.2197133,-20.5797879],[-46.2197133,-20.579477],[-46.2195944,-20.5790017],[-46.2193474,-20.5787499],[-46.2190799,-20.5783024],[-46.218955,-20.5779208],[-46.2189427,-20.577644],[-46.2188881,-20.5771659],[-46.2188333,-20.5766595],[-46.2190346,-20.5764382],[-46.2193689,-20.5763402],[-46.2197646,-20.5763087],[-46.2201705,-20.5762868],[-46.2205662,-20.5762457],[-46.2207394,-20.5760094],[-46.2204094,-20.5756827],[-46.2200018,-20.5754943],[-46.2195839,-20.5752869],[-46.2191666,-20.575156],[-46.2186473,-20.5749684],[-46.2181721,-20.574844],[-46.217928,-20.5745655],[-46.2177219,-20.5741059],[-46.2177636,-20.5736456],[-46.2176998,-20.5732827],[-46.2175746,-20.5728533],[-46.2173786,-20.5724007],[-46.2174053,-20.5720078],[-46.217577,-20.5717407],[-46.2178936,-20.5713726],[-46.2182598,-20.5711304],[-46.21871,-20.5709587],[-46.2190762,-20.5707947],[-46.2194805,-20.5706116],[-46.2198699,-20.5703989],[-46.220315,-20.570195],[-46.2207095,-20.5700106],[-46.2209004,-20.5697606],[-46.2208274,-20.5695125],[-46.2205181,-20.5692745],[-46.2202245,-20.5690196],[-46.219927,-20.5686392],[-46.2197618,-20.5682866],[-46.2197788,-20.5678753],[-46.2198459,-20.5673681],[-46.2200161,-20.5670705],[-46.2201357,-20.5667924],[-46.2203061,-20.5665139],[-46.2205175,-20.5662925],[-46.2207486,-20.5659849],[-46.2210519,-20.5658202],[-46.2212948,-20.5657324],[-46.2215179,-20.5657022],[-46.2218626,-20.5656424],[-46.2223706,-20.5656866],[-46.2227671,-20.5657603],[-46.2230929,-20.5658727],[-46.223611,-20.5659073],[-46.2237925,-20.565753],[-46.223861,-20.565437],[-46.2238784,-20.565064],[-46.2239669,-20.5647096],[-46.2241274,-20.5644694],[-46.2243176,-20.5643516],[-46.2245007,-20.5642143],[-46.2248173,-20.5640407],[-46.2251111,-20.5638805],[-46.2253667,-20.5637889],[-46.2256604,-20.5636745],[-46.2258931,-20.5636268],[-46.2261258,-20.5636249],[-46.2263928,-20.563623],[-46.2266865,-20.5636268],[-46.2268925,-20.5636383],[-46.227371,-20.5638154],[-46.2278348,-20.5639015],[-46.228201,-20.5640617],[-46.2285637,-20.5642041],[-46.2291099,-20.5645481],[-46.2294596,-20.5647472],[-46.2296852,-20.5650228],[-46.2298375,-20.5654102],[-46.2299676,-20.5660535],[-46.2299196,-20.5664076],[-46.2300728,-20.5665213],[-46.2304491,-20.5665951],[-46.2306834,-20.5666986],[-46.2307971,-20.5669464],[-46.2308409,-20.5673477],[-46.2309051,-20.5677583],[-46.2308473,-20.5681412],[-46.2308292,-20.5684282],[-46.2309732,-20.5686566],[-46.231146,-20.5686622],[-46.2314397,-20.568596],[-46.2315618,-20.568769],[-46.2317265,-20.5689094],[-46.2319397,-20.5688984],[-46.2321111,-20.5687099],[-46.2321385,-20.5683711],[-46.2320963,-20.5681706],[-46.2320437,-20.567951],[-46.2318569,-20.567436],[-46.2315857,-20.5665392],[-46.2314607,-20.5661385],[-46.2312745,-20.5657191],[-46.231089,-20.5653666],[-46.2308317,-20.5649286],[-46.2305585,-20.564489],[-46.2301343,-20.5640539],[-46.2299487,-20.5636919],[-46.2299051,-20.5633289],[-46.2300553,-20.5630601],[-46.2303583,-20.5628667],[-46.2308751,-20.5630584],[-46.2312862,-20.5633764],[-46.2316534,-20.5635937],[-46.2323171,-20.5639377],[-46.2325841,-20.5640998],[-46.2329274,-20.5641323],[-46.2332326,-20.5640178],[-46.2332936,-20.5639358],[-46.2331462,-20.5636405],[-46.2328799,-20.563346],[-46.2325427,-20.5630711],[-46.2322969,-20.5628147],[-46.2320815,-20.5625294],[-46.2318136,-20.5620436],[-46.23173,-20.5617478],[-46.2318804,-20.5615173],[-46.2323056,-20.5612273],[-46.2324048,-20.5610737],[-46.2324848,-20.5609202],[-46.232286,-20.5606732],[-46.2320844,-20.5606513],[-46.2318517,-20.5606494],[-46.231352,-20.5607333],[-46.2310201,-20.5608211],[-46.2308141,-20.5608916],[-46.2302827,-20.5610314],[-46.2298575,-20.5611779],[-46.2294835,-20.5613813],[-46.2290696,-20.5616807],[-46.2285344,-20.5620382],[-46.2281206,-20.5623376],[-46.2277057,-20.5625126],[-46.2274009,-20.5624766],[-46.2271138,-20.5622402],[-46.2269989,-20.561724],[-46.226996,-20.5613607],[-46.2270128,-20.5609208],[-46.2271012,-20.5605472],[-46.2272094,-20.5601162],[-46.2273583,-20.5596944],[-46.2275076,-20.5593109],[-46.2277162,-20.5587453],[-46.2281075,-20.5581688],[-46.2285901,-20.5576625],[-46.2287732,-20.5574909],[-46.2290173,-20.557262],[-46.2293835,-20.5569167],[-46.2295977,-20.5566284],[-46.2299512,-20.556406],[-46.2305479,-20.5561149],[-46.2309219,-20.555921],[-46.2311846,-20.5557566],[-46.2316094,-20.5555623],[-46.2322064,-20.5553286],[-46.2329152,-20.5550941],[-46.2332896,-20.554948],[-46.2336441,-20.5548499],[-46.2341299,-20.5546647],[-46.2346362,-20.5544986],[-46.2350426,-20.5543754],[-46.2355919,-20.5543754],[-46.2359348,-20.5544033],[-46.2364934,-20.554428],[-46.2369817,-20.5545584],[-46.2373581,-20.5546608],[-46.237786,-20.554849],[-46.2380092,-20.5550309],[-46.2383272,-20.5552372],[-46.2386648,-20.5554862],[-46.2389413,-20.5558543],[-46.2392751,-20.5561423],[-46.2394126,-20.5563959],[-46.2397173,-20.5564129],[-46.2398397,-20.5561881],[-46.2401461,-20.5556524],[-46.2404913,-20.5556357],[-46.2407176,-20.5558224],[-46.2409427,-20.5560503],[-46.2412485,-20.5562011],[-46.2414991,-20.5560622],[-46.2414381,-20.5557742],[-46.241242,-20.555398],[-46.2411896,-20.555188],[-46.2410758,-20.5549211],[-46.2409612,-20.5545681],[-46.2408762,-20.5541002],[-46.2407717,-20.5537281],[-46.2406571,-20.5533656],[-46.2404516,-20.5530515],[-46.2404599,-20.5528315],[-46.2406412,-20.5526486],[-46.2405687,-20.5524674],[-46.2402331,-20.5524029],[-46.2398479,-20.552463],[-46.2394422,-20.5525137],[-46.2391797,-20.5524649],[-46.239024,-20.5522681],[-46.2388298,-20.5521069],[-46.2385758,-20.5520705],[-46.2384453,-20.5522531],[-46.2383358,-20.5525216],[-46.2382157,-20.5527424],[-46.2380346,-20.5529349],[-46.2377909,-20.5529271],[-46.2374746,-20.5527381],[-46.2371278,-20.5525303],[-46.2368422,-20.5523602],[-46.2364865,-20.5523149],[-46.2361924,-20.5523457],[-46.2358271,-20.5523674],[-46.2355634,-20.55236],[-46.2353492,-20.5522752],[-46.2352866,-20.5520558],[-46.2354679,-20.5518824],[-46.2355138,-20.5516467],[-46.2353532,-20.5515007],[-46.2351098,-20.5515311],[-46.2348567,-20.551619],[-46.2346754,-20.551802],[-46.2345251,-20.5520421],[-46.2343449,-20.5523589],[-46.2341132,-20.5525804],[-46.2338915,-20.5527828],[-46.2337511,-20.5530037],[-46.2336519,-20.5532817],[-46.2335315,-20.5534642],[-46.2332669,-20.553678],[-46.2329554,-20.5537839],[-46.2325698,-20.5538057],[-46.232152,-20.5536079],[-46.2317639,-20.5533047],[-46.2315381,-20.5530004],[-46.2312201,-20.5525915],[-46.2310073,-20.5526408],[-46.2308371,-20.5529384],[-46.2307988,-20.5535273],[-46.2307988,-20.553699],[-46.2306727,-20.5539531],[-46.2305229,-20.5542601],[-46.2301504,-20.5546548],[-46.2298677,-20.554848],[-46.2296456,-20.5550026],[-46.2292718,-20.5552347],[-46.2289384,-20.5554283],[-46.2286657,-20.5556024],[-46.228393,-20.5557764],[-46.2280597,-20.5559891],[-46.2276858,-20.5562117],[-46.2273825,-20.5563668],[-46.2270378,-20.5564171],[-46.2266421,-20.5564486],[-46.2260124,-20.5564148],[-46.225637,-20.5564366],[-46.2253836,-20.5564862],[-46.2253043,-20.5567353],[-46.225462,-20.5568938],[-46.2255612,-20.5570788],[-46.2257328,-20.5573993],[-46.2257328,-20.5576511],[-46.2257214,-20.5581031],[-46.2256718,-20.5584255],[-46.2255268,-20.5587287],[-46.2254277,-20.5588508],[-46.2251568,-20.5590148],[-46.2248287,-20.5592342],[-46.2243786,-20.5594421],[-46.2241459,-20.5594974],[-46.2237301,-20.559671],[-46.2236081,-20.5598445],[-46.2234933,-20.5600564],[-46.2236467,-20.5601988],[-46.2239519,-20.5602827],[-46.2241561,-20.5604247],[-46.2242498,-20.5607108],[-46.2242011,-20.5609789],[-46.2241213,-20.5611516],[-46.2239509,-20.5614205],[-46.22379,-20.5616224],[-46.2234969,-20.5617871],[-46.223021,-20.5619434],[-46.222627,-20.5621852],[-46.2225481,-20.5624726],[-46.2224369,-20.562717],[-46.2222767,-20.5628448],[-46.2221775,-20.5629936],[-46.2220936,-20.5631443],[-46.221773,-20.56331],[-46.2216778,-20.5635792],[-46.2215672,-20.5637756],[-46.2212734,-20.5640293],[-46.2211508,-20.5642227],[-46.2209078,-20.5643009],[-46.2204718,-20.5643709],[-46.2199917,-20.5644089],[-46.2194309,-20.5645271],[-46.2191258,-20.5646873],[-46.2187493,-20.5647942],[-46.2185071,-20.5649871],[-46.2183053,-20.5651415],[-46.2181143,-20.5653819],[-46.2178523,-20.5656228],[-46.2177223,-20.5658723],[-46.2175718,-20.5661028],[-46.2174516,-20.566314],[-46.2172703,-20.5664874],[-46.2170584,-20.5666515],[-46.216785,-20.566749],[-46.2165004,-20.5667032],[-46.216175,-20.5666386],[-46.2159507,-20.5665254],[-46.2156855,-20.5663647],[-46.2154484,-20.566198],[-46.2151338,-20.5659287],[-46.2149279,-20.5655668],[-46.2148235,-20.5652042],[-46.2148494,-20.5648933],[-46.214693,-20.5646187],[-46.2144832,-20.5645844],[-46.2141393,-20.5647023],[-46.2139721,-20.5647675],[-46.2137336,-20.5647434],[-46.2135493,-20.5645534],[-46.2135181,-20.5643059],[-46.2135246,-20.5639895],[-46.2134419,-20.5638084],[-46.2132782,-20.563647],[-46.2128353,-20.5636822],[-46.2126407,-20.5636383],[-46.2123851,-20.5635467],[-46.212286,-20.5634285],[-46.212202,-20.5633388],[-46.2121028,-20.5632454],[-46.211832,-20.5629135],[-46.211687,-20.562656],[-46.2115878,-20.5623813],[-46.2114179,-20.5620536],[-46.2114163,-20.5618433],[-46.2114951,-20.5615463],[-46.2115535,-20.5612293],[-46.2115822,-20.5610007],[-46.2113989,-20.5609351],[-46.2111861,-20.5609748],[-46.2108211,-20.5609642],[-46.21076,-20.5607105],[-46.2108364,-20.5604035],[-46.2107219,-20.560041],[-46.2104869,-20.559861],[-46.2101914,-20.5597196],[-46.2098001,-20.5595394],[-46.209652,-20.5595804],[-46.2095261,-20.5597611],[-46.2095067,-20.559991],[-46.2091999,-20.560093],[-46.208914,-20.5601449],[-46.2086703,-20.5601766],[-46.2083739,-20.5602486],[-46.2079929,-20.5603611],[-46.2074953,-20.5604645],[-46.20705,-20.5604976],[-46.2067637,-20.5604996],[-46.2050334,-20.5609164],[-46.2048779,-20.5607724],[-46.2045536,-20.5605755],[-46.204237,-20.5603386],[-46.2041827,-20.560036],[-46.2043278,-20.5595955],[-46.204876,-20.5589669],[-46.2051064,-20.5585733],[-46.2053162,-20.5581415],[-46.2053637,-20.55773],[-46.2053407,-20.557386],[-46.2052765,-20.5569657],[-46.205234,-20.5567174],[-46.205159,-20.5562207],[-46.2050849,-20.5558292],[-46.2049291,-20.5553905],[-46.2047741,-20.5550378],[-46.2046083,-20.5546086],[-46.2043516,-20.5542375],[-46.2041868,-20.5539327],[-46.2040321,-20.5536182],[-46.204211,-20.5531294],[-46.2043714,-20.5528796],[-46.2043772,-20.5526368],[-46.2046008,-20.5523617],[-46.204863,-20.5521304],[-46.2052676,-20.5519459],[-46.2057229,-20.5517515],[-46.2059446,-20.5515492],[-46.2061254,-20.5512993],[-46.206163,-20.5509166],[-46.2062212,-20.550572],[-46.2063809,-20.5502266],[-46.2066121,-20.5499286],[-46.2069529,-20.5497001],[-46.2072972,-20.5495926],[-46.2075296,-20.5494475],[-46.2077925,-20.5493214],[-46.208047,-20.5491933],[-46.2085246,-20.5489497],[-46.2089633,-20.5486846],[-46.209196,-20.5485473],[-46.2095245,-20.5485123],[-46.2098373,-20.5482615],[-46.2099745,-20.547958],[-46.2104192,-20.5477158],[-46.2108944,-20.5474735],[-46.2112989,-20.5472794],[-46.2116932,-20.5470759],[-46.2119656,-20.546854],[-46.2122277,-20.5466227],[-46.2123881,-20.546373],[-46.2125078,-20.5461044],[-46.2126881,-20.5457972],[-46.2128074,-20.5454713],[-46.2129472,-20.5451834],[-46.213108,-20.5449815],[-46.2132793,-20.5448178],[-46.2135835,-20.5447774],[-46.213908,-20.5447273],[-46.2142119,-20.5446487],[-46.2145561,-20.5445316],[-46.2148191,-20.544415],[-46.2150414,-20.5442795],[-46.2152838,-20.5441249],[-46.2156269,-20.5438739],[-46.2159391,-20.5435561],[-46.2164134,-20.5431761],[-46.2166804,-20.5428633],[-46.2170352,-20.5423808],[-46.2177447,-20.5418028],[-46.2181949,-20.5415282],[-46.21856,-20.5412429],[-46.2188125,-20.5410786],[-46.2191964,-20.5408464],[-46.2195197,-20.5406529],[-46.2198429,-20.5404499],[-46.2201966,-20.5402561],[-46.2205304,-20.5401104],[-46.2208237,-20.5399744],[-46.2211066,-20.5398003],[-46.2214601,-20.5395875],[-46.2218642,-20.539336],[-46.2222073,-20.539085],[-46.2225402,-20.5388245],[-46.222853,-20.5385833],[-46.2231862,-20.5383706],[-46.2236209,-20.538138],[-46.2239945,-20.5378963],[-46.2243389,-20.5378078],[-46.2248447,-20.5375844],[-46.2255239,-20.5374744],[-46.2260918,-20.5374034],[-46.2265481,-20.5373524],[-46.2270556,-20.5373488],[-46.2274414,-20.5373556],[-46.2276647,-20.537354],[-46.2281114,-20.5373604],[-46.2285176,-20.5373863],[-46.2290052,-20.5374306],[-46.2294931,-20.5375132],[-46.2298894,-20.5375678],[-46.2303153,-20.5375169],[-46.2306695,-20.5373806],[-46.2309731,-20.5372637],[-46.2312154,-20.5370994],[-46.2314701,-20.5368456],[-46.231829,-20.536409],[-46.2321394,-20.5361916],[-46.2325916,-20.5360369],[-46.23299,-20.5359418],[-46.233332,-20.5358676],[-46.2336967,-20.5357718],[-46.2340078,-20.5356477],[-46.2342663,-20.5354513],[-46.2343503,-20.5353922],[-46.2346433,-20.5351484],[-46.2347792,-20.5350111],[-46.2349606,-20.5348521],[-46.235043,-20.5346794],[-46.2351377,-20.5344672],[-46.2351663,-20.5342375],[-46.2351709,-20.5338574],[-46.2351458,-20.533585],[-46.2350606,-20.5333992],[-46.2349518,-20.5331275],[-46.2348745,-20.5328353],[-46.2347546,-20.5326475],[-46.2345649,-20.5323414],[-46.234426,-20.5321129],[-46.2343022,-20.5318628],[-46.2341779,-20.531541],[-46.2340911,-20.5311615],[-46.2340205,-20.530911],[-46.2340718,-20.5306525],[-46.234184,-20.5304079],[-46.2344018,-20.5300406],[-46.2345214,-20.5297672],[-46.2345953,-20.5294942],[-46.2347153,-20.5292639],[-46.2348965,-20.5290761],[-46.2350702,-20.52891],[-46.2353993,-20.5287984],[-46.235693,-20.5286249],[-46.2360478,-20.5284055],[-46.2362195,-20.5283006],[-46.2365971,-20.5280717],[-46.2368641,-20.5278314],[-46.2370625,-20.5277036],[-46.2375095,-20.5274225],[-46.2378278,-20.5272481],[-46.2380851,-20.5270598],[-46.23835,-20.5268643],[-46.2386228,-20.5267118],[-46.2388654,-20.5265881],[-46.2391386,-20.5264786],[-46.2394805,-20.5264044],[-46.2399286,-20.5262793],[-46.2404224,-20.5261539],[-46.2408175,-20.5260578],[-46.241182,-20.5259405],[-46.241524,-20.5258807],[-46.241995,-20.5257626],[-46.2423441,-20.5256238],[-46.2427983,-20.5253122],[-46.243031,-20.5249018],[-46.2432324,-20.5243983],[-46.243282,-20.523939],[-46.2434001,-20.5234792],[-46.2434732,-20.5231058],[-46.2436003,-20.522818],[-46.2438645,-20.5225436],[-46.2442288,-20.522412],[-46.2447081,-20.5223798],[-46.2451192,-20.522384],[-46.2456301,-20.5224951],[-46.2460233,-20.5226739],[-46.2466383,-20.522911],[-46.2470397,-20.5226643],[-46.2473387,-20.5224875],[-46.2475988,-20.5223515],[-46.2479498,-20.5222418],[-46.2481902,-20.5218528],[-46.248211,-20.5216017],[-46.248209,-20.5213507],[-46.2480985,-20.5211194],[-46.2479879,-20.520921],[-46.2477666,-20.5207284],[-46.2475377,-20.5205319],[-46.2473394,-20.5202897],[-46.2472058,-20.5200684],[-46.2470952,-20.5198033],[-46.2470838,-20.5195191],[-46.2470838,-20.5192959],[-46.2471624,-20.5190133],[-46.2472522,-20.518819],[-46.2473502,-20.5187036],[-46.2475698,-20.5185585],[-46.2478274,-20.5184133],[-46.2480848,-20.5182465],[-46.2483727,-20.5180795],[-46.2486907,-20.5178644],[-46.248992,-20.5174798],[-46.2492525,-20.5170572],[-46.2496143,-20.5166148],[-46.249977,-20.5162871],[-46.250569,-20.5159761],[-46.2508569,-20.5158162],[-46.2511902,-20.515613],[-46.2515616,-20.5154239],[-46.2518876,-20.5152566],[-46.252206,-20.5151037],[-46.2525703,-20.5148848],[-46.2527678,-20.5146226],[-46.2528741,-20.5143299],[-46.252913,-20.5140878],[-46.2529261,-20.5137934],[-46.2528782,-20.5135212],[-46.2528834,-20.5132272],[-46.2528552,-20.5130536],[-46.2528193,-20.5128332],[-46.2528448,-20.5126335],[-46.2528654,-20.5123537],[-46.2529088,-20.5120737],[-46.253005,-20.5117431],[-46.2531161,-20.5113622],[-46.2531686,-20.5108586],[-46.2532691,-20.5105221],[-46.2533508,-20.5102705],[-46.2534578,-20.5099171],[-46.2534934,-20.5096085],[-46.2535792,-20.5093438],[-46.2536764,-20.5091208],[-46.2537577,-20.5088262],[-46.2538995,-20.5084881],[-46.2540643,-20.508157],[-46.2542519,-20.5077421],[-46.2567458,-20.507721],[-46.256634,-20.5078155],[-46.256355,-20.508049],[-46.2563314,-20.5082643],[-46.256499,-20.5085977],[-46.2565783,-20.5089796],[-46.2567838,-20.5093008],[-46.2570762,-20.5093704],[-46.2572008,-20.5090946],[-46.2574598,-20.5086872],[-46.2577551,-20.5086245],[-46.2581231,-20.5086338],[-46.2585556,-20.508786],[-46.2589624,-20.5088906],[-46.2593186,-20.5090075],[-46.2596631,-20.5092441],[-46.2601088,-20.509456],[-46.2605688,-20.5097763],[-46.2607376,-20.5103359],[-46.2607778,-20.5105985],[-46.2607924,-20.5108374],[-46.2607962,-20.5112916],[-46.2608249,-20.5116977],[-46.2607904,-20.5121402],[-46.2608664,-20.5126965],[-46.2608222,-20.5129288],[-46.2608875,-20.5131554],[-46.2610228,-20.5135624],[-46.2610328,-20.5138595],[-46.2608962,-20.5142191],[-46.260612,-20.5145529],[-46.2605575,-20.5146877],[-46.2607231,-20.5147701],[-46.2610279,-20.5148038],[-46.2614092,-20.5148966],[-46.2616402,-20.5152176],[-46.2617642,-20.5153405],[-46.2619401,-20.5155876],[-46.2621272,-20.5158241],[-46.2621465,-20.5161358],[-46.2622055,-20.5164789],[-46.2622077,-20.5167537],[-46.262082,-20.5171616],[-46.2618774,-20.5175278],[-46.2618127,-20.5178454],[-46.2619768,-20.5180133],[-46.2622963,-20.5179793],[-46.262627,-20.5179452],[-46.2627127,-20.5180866],[-46.2626976,-20.5183411],[-46.2628729,-20.5185089],[-46.2630962,-20.5183804],[-46.2632631,-20.5182048],[-46.2633843,-20.5179344],[-46.2634949,-20.5177327],[-46.2637079,-20.5177206],[-46.2639361,-20.5177097],[-46.2640521,-20.5172688],[-46.2640044,-20.516765],[-46.2639764,-20.5164425],[-46.2639716,-20.515958],[-46.2638609,-20.5157062],[-46.2637274,-20.5152695],[-46.263483,-20.5150597],[-46.2633274,-20.5146545],[-46.2633108,-20.5141765],[-46.2632693,-20.5137585],[-46.2632926,-20.5133335],[-46.2631972,-20.5129787],[-46.2631361,-20.5125496],[-46.2631361,-20.5122654],[-46.2631857,-20.5119526],[-46.2631857,-20.5115139],[-46.263552,-20.5111031],[-46.2638031,-20.5107786],[-46.264219,-20.5104529],[-46.2645352,-20.510331],[-46.2650174,-20.5103514],[-46.2653974,-20.5102769],[-46.2658272,-20.5100945],[-46.2661813,-20.5099605],[-46.2664851,-20.5098865],[-46.2668211,-20.5098163],[-46.2671759,-20.5098507],[-46.2676529,-20.5099617],[-46.2681728,-20.5099459],[-46.2685283,-20.5099792],[-46.2688455,-20.5099888],[-46.2692115,-20.5097591],[-46.2696686,-20.5098035],[-46.2699359,-20.5099091],[-46.2701158,-20.5101947],[-46.2700866,-20.5106289],[-46.2698563,-20.5110332],[-46.2694789,-20.5114184],[-46.2690879,-20.5116842],[-46.2686199,-20.511855],[-46.2682913,-20.5120127],[-46.2680005,-20.5121224],[-46.2676108,-20.5124409],[-46.2673584,-20.5127247],[-46.267512,-20.5128909],[-46.2678296,-20.5129364],[-46.2681465,-20.5129102],[-46.2683769,-20.5131595],[-46.2685696,-20.5134449],[-46.2687242,-20.5137426],[-46.2689052,-20.5141476],[-46.2687936,-20.5144592],[-46.2688239,-20.5147793],[-46.2686737,-20.5153087],[-46.2684861,-20.5156327],[-46.2681573,-20.5157666],[-46.2677748,-20.5158226],[-46.2677035,-20.5161165],[-46.2679335,-20.516318],[-46.2682768,-20.5164111],[-46.2686751,-20.5167095],[-46.2688548,-20.5172675],[-46.2693226,-20.5170728],[-46.2697903,-20.5168781],[-46.270348,-20.5168143],[-46.2706659,-20.5168956],[-46.2710225,-20.5170723],[-46.2714055,-20.5173563],[-46.2716973,-20.5173662],[-46.2718728,-20.5171019],[-46.2718444,-20.5167436],[-46.2715781,-20.5163223],[-46.2714675,-20.5160572],[-46.2712397,-20.5157202],[-46.271199,-20.5153978],[-46.2710823,-20.5150879],[-46.2710665,-20.5147175],[-46.2711661,-20.5144474],[-46.2712503,-20.5139273],[-46.2713869,-20.5135677],[-46.2715103,-20.5131485],[-46.2716967,-20.512681],[-46.2717348,-20.5125323],[-46.2720473,-20.5121287],[-46.2724221,-20.5114208],[-46.2727357,-20.5110001],[-46.2729484,-20.51064],[-46.2732506,-20.5103629],[-46.2735052,-20.5104686],[-46.2737227,-20.5106941],[-46.2738651,-20.5110397],[-46.2740462,-20.5115158],[-46.2740119,-20.5117694],[-46.2739356,-20.5121051],[-46.2738632,-20.5123588],[-46.2737907,-20.5127479],[-46.2737939,-20.5131676],[-46.2737336,-20.5135505],[-46.2737629,-20.5140164],[-46.2736762,-20.514415],[-46.2737983,-20.5148651],[-46.2738758,-20.515402],[-46.2740051,-20.5156879],[-46.2742497,-20.5161283],[-46.2743934,-20.5165683],[-46.2743438,-20.5167858],[-46.2742949,-20.5169885],[-46.2743859,-20.5172508],[-46.2745775,-20.5174048],[-46.2748438,-20.5173909],[-46.2750838,-20.5172696],[-46.2752979,-20.5170768],[-46.2755877,-20.5168476],[-46.2756871,-20.5165839],[-46.2757601,-20.5162129],[-46.2756866,-20.5159275],[-46.2755504,-20.5154017],[-46.2756904,-20.5149147],[-46.2756575,-20.5145523],[-46.2756681,-20.5143012],[-46.2756527,-20.5139667],[-46.2756626,-20.513632],[-46.2758892,-20.5134152],[-46.2761409,-20.5131743],[-46.2762395,-20.512827],[-46.2761291,-20.5124732],[-46.2761329,-20.5121871],[-46.2761062,-20.5119354],[-46.2760604,-20.5117275],[-46.2760452,-20.5115653],[-46.2760337,-20.5113479],[-46.2760337,-20.5111171],[-46.2761596,-20.5107833],[-46.2763274,-20.510646],[-46.2764267,-20.5104743],[-46.2766593,-20.5101863],[-46.2766578,-20.5098423],[-46.2766039,-20.5095287],[-46.2766004,-20.509102],[-46.2765723,-20.5088124],[-46.2767586,-20.5086098],[-46.2769912,-20.5084602],[-46.2772955,-20.5084287],[-46.2776461,-20.5084664],[-46.2778171,-20.5084812],[-46.2782356,-20.508454],[-46.2784221,-20.5082755],[-46.27854,-20.5079471],[-46.2786214,-20.5075817],[-46.2787382,-20.5072347],[-46.2789901,-20.5069762],[-46.2793256,-20.5069727],[-46.2795825,-20.5070433],[-46.2797374,-20.5071709],[-46.279885,-20.5074516],[-46.2799811,-20.5077085],[-46.2800432,-20.5079899],[-46.2800804,-20.5083519],[-46.2801862,-20.5087375],[-46.2804027,-20.5090901],[-46.2805589,-20.5093707],[-46.2807242,-20.5097238],[-46.280932,-20.5100523],[-46.2811798,-20.5105239],[-46.2810959,-20.5107547],[-46.2810096,-20.5111627],[-46.2808316,-20.5113411],[-46.2806365,-20.5115116],[-46.2803863,-20.5116722],[-46.2802787,-20.5119128],[-46.2803814,-20.5120554],[-46.2807119,-20.5121367],[-46.281056,-20.5123253],[-46.2813239,-20.5125026],[-46.2814811,-20.5127212],[-46.2814677,-20.5130155],[-46.2813549,-20.5131837],[-46.2811525,-20.5132569],[-46.2808862,-20.5132708],[-46.2805687,-20.5132253],[-46.2803268,-20.5131195],[-46.279933,-20.5130507],[-46.2795527,-20.5130894],[-46.2792381,-20.5130321],[-46.2790817,-20.5131332],[-46.2790817,-20.5132953],[-46.2791275,-20.5134441],[-46.2792267,-20.5136157],[-46.2793831,-20.5137226],[-46.2794822,-20.5138122],[-46.2796997,-20.5140773],[-46.2801116,-20.5146988],[-46.280291,-20.5149126],[-46.280516,-20.5151359],[-46.280516,-20.5153438],[-46.2805161,-20.5155746],[-46.2804054,-20.5157692],[-46.2801498,-20.5159656],[-46.2798942,-20.5161716],[-46.2795891,-20.5163681],[-46.2793068,-20.5165741],[-46.2790524,-20.5170013],[-46.2790685,-20.5174076],[-46.2793175,-20.5174228],[-46.2798538,-20.5172584],[-46.2801947,-20.5170646],[-46.2805504,-20.5169574],[-46.2808784,-20.5169042],[-46.281044,-20.5169866],[-46.2811836,-20.5171959],[-46.2812332,-20.5174629],[-46.2810244,-20.51768],[-46.2808612,-20.5178844],[-46.2809264,-20.518099],[-46.2813717,-20.5182511],[-46.2818512,-20.5182888],[-46.282122,-20.5183498],[-46.2824523,-20.518518],[-46.2826822,-20.5187076],[-46.2826978,-20.519054],[-46.2827057,-20.5193264],[-46.2825684,-20.5195438],[-46.282473,-20.5197079],[-46.2823135,-20.5201326],[-46.2821884,-20.5203486],[-46.2820136,-20.5206846],[-46.2820458,-20.5210296],[-46.2824604,-20.5210159],[-46.2827142,-20.521026],[-46.2829956,-20.5212988],[-46.2830869,-20.5215969],[-46.2830132,-20.5218962],[-46.2828698,-20.5220978],[-46.2828469,-20.522298],[-46.2827629,-20.5225021],[-46.2826142,-20.5228588],[-46.282515,-20.5230552],[-46.2824928,-20.5233821],[-46.2824319,-20.5236933],[-46.2824978,-20.5239797],[-46.2825896,-20.5243376],[-46.2826485,-20.5245983],[-46.2830875,-20.5247163],[-46.2834292,-20.5246182],[-46.2837851,-20.5246992],[-46.2840784,-20.5248763],[-46.284358,-20.524934],[-46.28456,-20.524813],[-46.2846131,-20.5245068],[-46.2844152,-20.5241806],[-46.2843224,-20.5237032],[-46.2842429,-20.5232975],[-46.2841886,-20.5228796],[-46.2842501,-20.5226401],[-46.2843501,-20.52246],[-46.284526,-20.5222556],[-46.2849301,-20.5220374],[-46.2853221,-20.5218792],[-46.2856384,-20.5217812],[-46.2858912,-20.5216598],[-46.28608,-20.5214911],[-46.286055,-20.5212166],[-46.2862417,-20.5210955],[-46.2863946,-20.5209743],[-46.2863602,-20.520816],[-46.2863373,-20.5206177],[-46.2861222,-20.5204629],[-46.2861076,-20.5202359],[-46.2863381,-20.5200983],[-46.2865237,-20.5199221],[-46.2865345,-20.5197069],[-46.2861535,-20.51965],[-46.2858737,-20.5195684],[-46.2856824,-20.5194503],[-46.2852748,-20.5192501],[-46.2846898,-20.5190871],[-46.2844342,-20.5188619],[-46.2842419,-20.5186243],[-46.2840235,-20.5182913],[-46.2838551,-20.5178742],[-46.283647,-20.5172662],[-46.2835281,-20.5166934],[-46.2834485,-20.5162757],[-46.283432,-20.5158216],[-46.2834648,-20.5152332],[-46.283677,-20.514768],[-46.2839282,-20.5144674],[-46.2842065,-20.5143697],[-46.2846997,-20.5141868],[-46.2851559,-20.5141237],[-46.2859424,-20.5141298],[-46.2866158,-20.5142443],[-46.2871865,-20.5142281],[-46.2875419,-20.5142494],[-46.2879343,-20.5141509],[-46.2880079,-20.5138515],[-46.2878937,-20.513568],[-46.2876737,-20.5133281],[-46.287405,-20.5130552],[-46.2871119,-20.5128901],[-46.2865776,-20.5127148],[-46.2861064,-20.5124912],[-46.2857632,-20.51241],[-46.2855588,-20.5122442],[-46.2851633,-20.5119723],[-46.2848686,-20.5116278],[-46.2846243,-20.5112352],[-46.2844176,-20.5107826],[-46.284337,-20.5102454],[-46.2842947,-20.5097437],[-46.2842076,-20.509376],[-46.2840856,-20.5090042],[-46.2839429,-20.5086228],[-46.2836727,-20.5081707],[-46.2834277,-20.5076944],[-46.2834952,-20.5072832],[-46.2837147,-20.5071186],[-46.2840063,-20.5071045],[-46.2843372,-20.5072335],[-46.2847321,-20.5074218],[-46.2850486,-20.5073478],[-46.2853381,-20.5070827],[-46.2855019,-20.5064593],[-46.2854439,-20.5060779],[-46.2854162,-20.5057913],[-46.2852602,-20.5053383],[-46.2849655,-20.5049939],[-46.284672,-20.5047809],[-46.284391,-20.5045559],[-46.2838463,-20.5041304],[-46.2836174,-20.503934],[-46.2833465,-20.5037967],[-46.2830795,-20.5036345],[-46.2826523,-20.5033713],[-46.2823967,-20.5031386],[-46.2821792,-20.5027476],[-46.2822625,-20.5022467],[-46.2826458,-20.5021426],[-46.2829616,-20.5019849],[-46.2832518,-20.5018034],[-46.2835173,-20.5016939],[-46.2838005,-20.5018054],[-46.2838882,-20.5019446],[-46.2839836,-20.5021869],[-46.2841286,-20.5024615],[-46.2842163,-20.502637],[-46.2843841,-20.502822],[-46.2845558,-20.5029231],[-46.2849889,-20.5032368],[-46.2855992,-20.5033996],[-46.28617,-20.5033953],[-46.2863726,-20.503358],[-46.2864469,-20.5031423],[-46.2863487,-20.502946],[-46.2861634,-20.5026066],[-46.2860347,-20.5023804],[-46.286055,-20.5020953],[-46.2860092,-20.5018645],[-46.2859711,-20.5015898],[-46.2858986,-20.501256],[-46.2858528,-20.5010272],[-46.285582,-20.5005942],[-46.2854599,-20.5004912],[-46.2854446,-20.5000781],[-46.2853153,-20.4997803],[-46.2853187,-20.4994002],[-46.2854523,-20.4993163],[-46.2856239,-20.4992533],[-46.285746,-20.4992152],[-46.2860306,-20.4988547],[-46.2863085,-20.4987092],[-46.2865354,-20.4985402],[-46.2866488,-20.4984557],[-46.2870152,-20.4982737],[-46.2871533,-20.4981053],[-46.2875818,-20.4977675],[-46.2878605,-20.4977296],[-46.2881526,-20.4977752],[-46.2883571,-20.497953],[-46.2884316,-20.4981566],[-46.2885994,-20.4983321],[-46.2890452,-20.4983304],[-46.2893746,-20.4982801],[-46.2896152,-20.4982305],[-46.2898812,-20.4981927],[-46.2902238,-20.4982021],[-46.2904521,-20.4982004],[-46.290705,-20.4981029],[-46.2909217,-20.4982327],[-46.291037,-20.4985476],[-46.2910148,-20.498746],[-46.2911987,-20.498894],[-46.2913974,-20.4989941],[-46.2915329,-20.4991446],[-46.2915802,-20.4993207],[-46.2916169,-20.4995905],[-46.2916169,-20.4997683],[-46.291613,-20.5],[-46.2916245,-20.5001479],[-46.2916359,-20.5002604],[-46.2917237,-20.5003691],[-46.2918386,-20.5007788],[-46.2918416,-20.5011374],[-46.2918192,-20.5014961],[-46.291785,-20.5019505],[-46.2916094,-20.5021909],[-46.2913957,-20.5024195],[-46.2910534,-20.502446],[-46.2907105,-20.5024007],[-46.2904811,-20.502271],[-46.2901887,-20.5021895],[-46.2896803,-20.5020737],[-46.2892996,-20.5020527],[-46.2889187,-20.5020077],[-46.288512,-20.5019151],[-46.2882865,-20.5020529],[-46.2882523,-20.5022364],[-46.2882751,-20.5025035],[-46.2884087,-20.5028677],[-46.2888271,-20.5031916],[-46.2891209,-20.5034404],[-46.2892861,-20.5037928],[-46.2894692,-20.5039626],[-46.289637,-20.5042277],[-46.2897591,-20.5044127],[-46.28974,-20.5046549],[-46.2897928,-20.5049055],[-46.2899155,-20.5052195],[-46.29,-20.5054059],[-46.2900025,-20.5057047],[-46.2899287,-20.5059801],[-46.2898549,-20.5062556],[-46.289844,-20.5065417],[-46.2900376,-20.50661],[-46.290255,-20.5065776],[-46.2904877,-20.5064479],[-46.290709,-20.50628],[-46.291262,-20.5061495],[-46.2916416,-20.5060271],[-46.292033,-20.5058091],[-46.2923417,-20.5054408],[-46.2926249,-20.5052908],[-46.2929169,-20.5053244],[-46.2930338,-20.5056463],[-46.2929603,-20.5059576],[-46.2926967,-20.5062942],[-46.2926744,-20.5066649],[-46.2926148,-20.5071195],[-46.2927322,-20.5075011],[-46.2929489,-20.5076309],[-46.2931695,-20.5074321],[-46.2934251,-20.5072127],[-46.2936196,-20.5071345],[-46.2938752,-20.5069838],[-46.2941308,-20.5068103],[-46.2942795,-20.5066825],[-46.2948538,-20.5063618],[-46.2951943,-20.5061202],[-46.2954212,-20.5059512],[-46.2955447,-20.5055558],[-46.2956823,-20.5053277],[-46.2958195,-20.5050518],[-46.2960205,-20.5048113],[-46.2963106,-20.5046179],[-46.2966828,-20.5046263],[-46.2970106,-20.5048875],[-46.2973422,-20.5051002],[-46.2976987,-20.5052529],[-46.2980805,-20.5054054],[-46.2983985,-20.5055106],[-46.2986162,-20.505748],[-46.2988208,-20.5059497],[-46.2989756,-20.5062473],[-46.2991937,-20.5065445],[-46.2995749,-20.5066133],[-46.2997635,-20.5064207],[-46.2997735,-20.5060979],[-46.2998341,-20.5057628],[-46.3001085,-20.5053912],[-46.3003629,-20.5052927],[-46.3006409,-20.5051592],[-46.3009702,-20.5051089],[-46.301024,-20.50492],[-46.3007781,-20.50459],[-46.3002208,-20.5044582],[-46.2998031,-20.5043594],[-46.2992601,-20.504231],[-46.2990215,-20.5041745],[-46.2987034,-20.5040574],[-46.2982675,-20.5035109],[-46.2980244,-20.5032617],[-46.2976296,-20.5030734],[-46.2973091,-20.5026814],[-46.2967065,-20.501921],[-46.2966532,-20.5015265],[-46.2968675,-20.5011734],[-46.2972446,-20.5010445],[-46.2974332,-20.5008399],[-46.2974425,-20.5004454],[-46.2974379,-20.4998957],[-46.2974478,-20.4995609],[-46.2973939,-20.4991908],[-46.2971767,-20.4990012],[-46.2968462,-20.49892],[-46.2964158,-20.4990308],[-46.2958366,-20.4995371],[-46.2950775,-20.4997989],[-46.29462,-20.4996777],[-46.2944023,-20.4994283],[-46.2943858,-20.4989743],[-46.2941541,-20.4985696],[-46.2938225,-20.4981202],[-46.2935308,-20.4968532],[-46.2933117,-20.4964365],[-46.2928239,-20.4959709],[-46.2925899,-20.4954639],[-46.2927043,-20.4951024],[-46.2929317,-20.4949932],[-46.2932216,-20.4947759],[-46.2937023,-20.4946169],[-46.2939469,-20.4942841],[-46.2940011,-20.4939454],[-46.2939227,-20.4936711],[-46.2937537,-20.4931823],[-46.293653,-20.4926688],[-46.2936252,-20.4923598],[-46.2939475,-20.4920933],[-46.2944404,-20.4918745],[-46.2949225,-20.4918948],[-46.2953172,-20.4920711],[-46.2955607,-20.4923681],[-46.2956792,-20.4927449],[-46.2958833,-20.493023],[-46.2964531,-20.4928993],[-46.2968968,-20.4928721],[-46.2972531,-20.4930128],[-46.2974464,-20.4933699],[-46.2976518,-20.493771],[-46.2977316,-20.4940969],[-46.2980736,-20.4940465],[-46.2986426,-20.4938271],[-46.2990076,-20.4939253],[-46.2992168,-20.4942292],[-46.2994991,-20.4946215],[-46.2997774,-20.4945238],[-46.3002449,-20.4943171],[-46.3006147,-20.4945414],[-46.3008682,-20.4945276],[-46.3008651,-20.4941571],[-46.3005006,-20.4937679],[-46.3001106,-20.4934337],[-46.2999039,-20.492981],[-46.2997354,-20.492552],[-46.2995386,-20.4918485],[-46.2994458,-20.4912993],[-46.2991892,-20.4909546],[-46.2987858,-20.4908598],[-46.2981967,-20.4905795],[-46.2978007,-20.4902479],[-46.2975311,-20.4898674],[-46.2976159,-20.4894007],[-46.2976287,-20.4890597],[-46.2975212,-20.4886962],[-46.2973528,-20.4882009],[-46.2972877,-20.4879154],[-46.297558,-20.4876555],[-46.297803,-20.4875109],[-46.2977612,-20.4871497],[-46.2976594,-20.4868291],[-46.2977709,-20.4861034],[-46.2981153,-20.4854409],[-46.2985873,-20.4849987],[-46.2988597,-20.4849692],[-46.2992303,-20.4853011],[-46.2994578,-20.4858061],[-46.2998912,-20.486208],[-46.3004464,-20.4864409],[-46.3007136,-20.4867242],[-46.3010341,-20.4871281],[-46.3013292,-20.4875203],[-46.3016576,-20.4873625],[-46.3019914,-20.4870887],[-46.3020063,-20.486595],[-46.3020033,-20.4862365],[-46.3019372,-20.4859262],[-46.3018444,-20.4854488],[-46.3016194,-20.4850454],[-46.301421,-20.484582],[-46.3012918,-20.4843042],[-46.301299,-20.483947],[-46.3014619,-20.4837067],[-46.3019621,-20.4836109],[-46.3023478,-20.483473],[-46.3027043,-20.4836377],[-46.3028982,-20.4840665],[-46.302902,-20.4845206],[-46.3027659,-20.484928],[-46.3028322,-20.4852621],[-46.3032926,-20.4857129],[-46.3037718,-20.4861431],[-46.3043514,-20.486434],[-46.3050211,-20.4864145],[-46.3053828,-20.4864931],[-46.3055988,-20.4869505],[-46.3053688,-20.4874071],[-46.3052022,-20.4879154],[-46.3052685,-20.4883872],[-46.3049546,-20.488772],[-46.3044874,-20.4890145],[-46.3042024,-20.4892698],[-46.3039109,-20.4898435],[-46.3032056,-20.4904345],[-46.3025643,-20.4911747],[-46.3022908,-20.4917441],[-46.3023915,-20.4921395],[-46.3024728,-20.4922686],[-46.3029543,-20.4921916],[-46.3034972,-20.4919143],[-46.3039803,-20.4920421],[-46.3043448,-20.4923201],[-46.3045312,-20.4926954],[-46.3045095,-20.4931258],[-46.3041561,-20.4933316],[-46.3036744,-20.4934571],[-46.3033542,-20.4937487],[-46.3034352,-20.4943408],[-46.3036692,-20.4948765],[-46.3041469,-20.495244],[-46.3042784,-20.4957928],[-46.3042566,-20.4962208],[-46.303948,-20.4965977],[-46.303569,-20.4972626],[-46.3036889,-20.4976376],[-46.3037366,-20.4984463],[-46.3041627,-20.4991619],[-46.3043224,-20.4994951],[-46.3041598,-20.4997712],[-46.3037035,-20.4998105],[-46.3032287,-20.4995733],[-46.3026747,-20.4994563],[-46.3023606,-20.4993618],[-46.3017568,-20.499108],[-46.3012849,-20.4988008],[-46.3006884,-20.4987694],[-46.3005318,-20.4990036],[-46.3010316,-20.4996094],[-46.3014149,-20.4999292],[-46.3017342,-20.5005339],[-46.3022593,-20.5008114],[-46.3027106,-20.5011949],[-46.3031992,-20.5015782],[-46.3034644,-20.5020336],[-46.3034863,-20.5024204],[-46.3032098,-20.502827],[-46.3027259,-20.5030065],[-46.3022982,-20.5032032],[-46.3023764,-20.5036248],[-46.3027241,-20.5040092],[-46.3027234,-20.5044134],[-46.3027227,-20.5048359],[-46.3028429,-20.5052944],[-46.3029978,-20.505616],[-46.3032289,-20.505889],[-46.3032943,-20.5061755],[-46.3033598,-20.506414],[-46.3032484,-20.5067495],[-46.3030191,-20.5070277],[-46.3029234,-20.5073137],[-46.303065,-20.5075636],[-46.3033243,-20.5078574],[-46.3037042,-20.5081445],[-46.3038971,-20.5084538],[-46.3039308,-20.5089598],[-46.3039326,-20.5096487],[-46.3040111,-20.509923],[-46.304091,-20.5103765],[-46.3041254,-20.5107699],[-46.3039585,-20.5112022],[-46.303656,-20.5114435],[-46.303302,-20.5115776],[-46.3029345,-20.5116282],[-46.302605,-20.5116665],[-46.3022005,-20.5118369],[-46.3019098,-20.5119586],[-46.3015555,-20.5120688],[-46.3013178,-20.51225],[-46.3010385,-20.5124432],[-46.301041,-20.51273],[-46.3013339,-20.5128712],[-46.3017398,-20.5128682],[-46.3022221,-20.5128885],[-46.3025267,-20.5129101],[-46.302958,-20.5129069],[-46.3033763,-20.5128679],[-46.3038569,-20.5126969],[-46.3043125,-20.512562],[-46.3046165,-20.5125119],[-46.3049219,-20.5125407],[-46.3051639,-20.5127349],[-46.3052039,-20.5129617],[-46.3051555,-20.5132369],[-46.3050441,-20.5135724],[-46.3048819,-20.5138844],[-46.3045832,-20.514186],[-46.3044725,-20.514289],[-46.3042286,-20.5146423],[-46.3039895,-20.5148712],[-46.3036365,-20.5151248],[-46.3033331,-20.5152585],[-46.3029798,-20.5154763],[-46.3026771,-20.5156937],[-46.3022089,-20.5158287],[-46.3020963,-20.5160208],[-46.3020474,-20.5162363],[-46.3022772,-20.5164019],[-46.3026585,-20.5164946],[-46.3030656,-20.5166231],[-46.3035222,-20.5166196],[-46.30403,-20.5164748],[-46.3042513,-20.5164729],[-46.3045069,-20.5165301],[-46.3047919,-20.5167415],[-46.3049086,-20.5170395],[-46.3048477,-20.5173387],[-46.3045908,-20.5174876],[-46.3044077,-20.5176383],[-46.3042131,-20.5178062],[-46.304114,-20.5180598],[-46.3039042,-20.518278],[-46.3036485,-20.5186816],[-46.3033701,-20.5189468],[-46.3031374,-20.5190021],[-46.3029428,-20.5190631],[-46.3026177,-20.5191721],[-46.3025055,-20.5194001],[-46.3027227,-20.5195777],[-46.3028322,-20.5199348],[-46.3028182,-20.5203778],[-46.3026431,-20.5206659],[-46.3023029,-20.5209434],[-46.3019359,-20.5210537],[-46.3015937,-20.5210921],[-46.3012339,-20.5211974],[-46.3012568,-20.5213977],[-46.3012949,-20.5215904],[-46.3012949,-20.5218536],[-46.3012186,-20.5220386],[-46.3009446,-20.5223519],[-46.3006082,-20.5225002],[-46.3006235,-20.5228111],[-46.3008363,-20.5230459],[-46.3009859,-20.5233871],[-46.3007908,-20.5236678],[-46.3005645,-20.5239085],[-46.300694,-20.5242183],[-46.3011309,-20.5245239],[-46.3013341,-20.5248947],[-46.301311,-20.5251698],[-46.3011738,-20.5254457],[-46.3009095,-20.5256987],[-46.3006453,-20.5259636],[-46.3004213,-20.5263759],[-46.3002335,-20.5267794],[-46.3003252,-20.5271134],[-46.3004936,-20.5275304],[-46.3005849,-20.5278285],[-46.3007914,-20.5282333],[-46.3010205,-20.5283272],[-46.3012741,-20.5283134],[-46.3013826,-20.5279419],[-46.3013952,-20.5276312],[-46.3016382,-20.5274021],[-46.3020651,-20.5273274],[-46.3023974,-20.5271923],[-46.3022646,-20.5269195],[-46.302135,-20.5265978],[-46.3020306,-20.526252],[-46.3021532,-20.5257675],[-46.3021647,-20.5254909],[-46.3023134,-20.5252143],[-46.3024241,-20.524953],[-46.3028415,-20.5246205],[-46.303119,-20.5244391],[-46.3034474,-20.5242574],[-46.3036355,-20.524005],[-46.3039515,-20.5238592],[-46.3044221,-20.523999],[-46.3047006,-20.5239372],[-46.3046442,-20.5234806],[-46.3048502,-20.5231449],[-46.3050982,-20.5229422],[-46.3053375,-20.5227372],[-46.3055979,-20.5223991],[-46.305987,-20.5221111],[-46.3062311,-20.5219737],[-46.3065363,-20.5218955],[-46.3069254,-20.5217563],[-46.3072688,-20.5216762],[-46.3076105,-20.5216247],[-46.3081206,-20.521796],[-46.3082494,-20.5220221],[-46.308529,-20.5220797],[-46.3087048,-20.5218752],[-46.3087794,-20.5215388],[-46.3089129,-20.5213443],[-46.3092585,-20.5213452],[-46.3095261,-20.5214866],[-46.3099009,-20.5220824],[-46.3099848,-20.5223247],[-46.3100955,-20.5226222],[-46.3102404,-20.522956],[-46.3103396,-20.5231753],[-46.3104235,-20.5233699],[-46.3105189,-20.5236274],[-46.3107287,-20.5239001],[-46.3107198,-20.524597],[-46.3109739,-20.5246428],[-46.3113409,-20.5245325],[-46.3117722,-20.5245292],[-46.3121143,-20.5244788],[-46.3120906,-20.5242835],[-46.3118559,-20.523931],[-46.3117761,-20.5234894],[-46.3116971,-20.5231554],[-46.3113649,-20.522883],[-46.3113491,-20.5225126],[-46.3115245,-20.5222603],[-46.3118769,-20.5221072],[-46.3119113,-20.5219813],[-46.3118884,-20.5218764],[-46.3117663,-20.5216342],[-46.3115832,-20.5216228],[-46.3114001,-20.5216094],[-46.311217,-20.5214396],[-46.3108553,-20.5211419],[-46.3106874,-20.5207965],[-46.3105322,-20.5204392],[-46.3106715,-20.5202189],[-46.3108472,-20.5201858],[-46.3110745,-20.5200646],[-46.3110263,-20.5198737],[-46.3109881,-20.5196792],[-46.3107407,-20.519601],[-46.3104989,-20.5195072],[-46.3103063,-20.5192457],[-46.3100896,-20.5191159],[-46.3098969,-20.5188424],[-46.3098562,-20.518532],[-46.3096005,-20.5182949],[-46.3092333,-20.5181571],[-46.308539,-20.5182486],[-46.3083331,-20.5183078],[-46.3080279,-20.5185004],[-46.3078333,-20.5185462],[-46.3075482,-20.5186331],[-46.3071921,-20.5185282],[-46.307114,-20.5183017],[-46.3070735,-20.5180152],[-46.3071221,-20.5177519],[-46.3073096,-20.5174277],[-46.3076495,-20.5171144],[-46.308066,-20.5169726],[-46.3083704,-20.516858],[-46.3085842,-20.5166413],[-46.3088733,-20.5163283],[-46.309047,-20.5158609],[-46.3091205,-20.5155616],[-46.3094481,-20.5152962],[-46.3098029,-20.5152457],[-46.3103486,-20.5152655],[-46.310691,-20.5152509],[-46.310726,-20.5148921],[-46.3104837,-20.514721],[-46.3102405,-20.5144894],[-46.3105308,-20.5143199],[-46.3106944,-20.5141633],[-46.3107943,-20.5139713],[-46.3105799,-20.5138331],[-46.3101968,-20.5138324],[-46.309866,-20.5137154],[-46.3092673,-20.5134211],[-46.3090748,-20.5131596],[-46.3088747,-20.5128203],[-46.3087381,-20.5123614],[-46.3085193,-20.5119925],[-46.3082864,-20.5114445],[-46.3080508,-20.5109435],[-46.3079897,-20.5106459],[-46.307891,-20.5097025],[-46.3079638,-20.5093195],[-46.3081775,-20.5090789],[-46.3086497,-20.508977],[-46.3089052,-20.5090342],[-46.3094234,-20.5094041],[-46.3097557,-20.5096885],[-46.3102442,-20.5100813],[-46.3106632,-20.5104943],[-46.310958,-20.5108507],[-46.3113542,-20.5111943],[-46.3119265,-20.5115233],[-46.3123385,-20.5118228],[-46.3126665,-20.5120192],[-46.3130124,-20.5122574],[-46.3132409,-20.5122796],[-46.3134933,-20.5121223],[-46.3134023,-20.511872],[-46.3130312,-20.5114923],[-46.3130976,-20.5111304],[-46.3130377,-20.5107632],[-46.3127924,-20.5102631],[-46.3125254,-20.5100508],[-46.3126346,-20.509607],[-46.3127347,-20.5094508],[-46.3129488,-20.509258],[-46.3127924,-20.5089465],[-46.3124772,-20.5089986],[-46.3120461,-20.5090258],[-46.3117531,-20.5088846],[-46.3116251,-20.5086794],[-46.3115374,-20.5086222],[-46.3114649,-20.5085326],[-46.3113085,-20.5083933],[-46.3112093,-20.5082903],[-46.3109766,-20.5081072],[-46.3108547,-20.5076603],[-46.310515,-20.5073328],[-46.3103586,-20.5072298],[-46.3102595,-20.5071497],[-46.3101145,-20.5069876],[-46.3099924,-20.5067683],[-46.3097864,-20.5062857],[-46.3096758,-20.5057898],[-46.3095919,-20.5054922],[-46.3095804,-20.5050993],[-46.3095804,-20.5048914],[-46.3095919,-20.5046892],[-46.3098636,-20.5044767],[-46.3101802,-20.5044145],[-46.3106105,-20.5043037],[-46.3111053,-20.5043119],[-46.3117299,-20.5043414],[-46.3121854,-20.5045309],[-46.3123741,-20.5043382],[-46.3123347,-20.5038137],[-46.3117695,-20.5033627],[-46.3115125,-20.5029703],[-46.3112807,-20.5025657],[-46.3110755,-20.5023043],[-46.3107066,-20.5021756],[-46.3103511,-20.5021424],[-46.3099949,-20.5020136],[-46.3096636,-20.5018488],[-46.3095118,-20.501441],[-46.3093401,-20.5013247],[-46.3091951,-20.5009241],[-46.309095,-20.5006101],[-46.3095472,-20.5000928],[-46.309532,-20.4997941],[-46.3093761,-20.4993531],[-46.3092586,-20.4989715],[-46.3090909,-20.4986381],[-46.3087973,-20.4984132],[-46.3081737,-20.4981789],[-46.3079945,-20.497989],[-46.3079744,-20.4976454],[-46.3082809,-20.4973534],[-46.3085722,-20.4973034],[-46.3090502,-20.4972792],[-46.3092817,-20.4972025],[-46.3091773,-20.4968567],[-46.3090083,-20.4963799],[-46.3088785,-20.4960342],[-46.3087989,-20.4956165],[-46.3087307,-20.4950553],[-46.3086229,-20.4945631],[-46.308799,-20.4941345],[-46.3089873,-20.493906],[-46.3093288,-20.4937959],[-46.3096376,-20.4938554],[-46.3098986,-20.493672],[-46.309947,-20.4933968],[-46.3097161,-20.4930997],[-46.3095737,-20.4927542],[-46.3095453,-20.4923959],[-46.3093897,-20.4920026],[-46.3092225,-20.491729],[-46.3090302,-20.4914914],[-46.3087831,-20.4912424],[-46.3087984,-20.4910249],[-46.3088098,-20.4907808],[-46.3088212,-20.4906454],[-46.3088861,-20.4904737],[-46.3089815,-20.4902333],[-46.3091417,-20.4900388],[-46.3092437,-20.4897449],[-46.3093688,-20.4895407],[-46.3095117,-20.4893026],[-46.3094888,-20.4890813],[-46.3094278,-20.4887933],[-46.3094164,-20.4885988],[-46.3094202,-20.4884137],[-46.3094812,-20.4882917],[-46.3095766,-20.4881429],[-46.3095573,-20.4878422],[-46.3097864,-20.4874982],[-46.3098426,-20.4870751],[-46.309865,-20.4867283],[-46.3098737,-20.4862621],[-46.3099275,-20.4860028],[-46.3100096,-20.4858308],[-46.3103642,-20.4857684],[-46.3107455,-20.4858612],[-46.3110834,-20.4864091],[-46.3112283,-20.4866304],[-46.3114458,-20.4868802],[-46.3117329,-20.4871325],[-46.3119765,-20.4874414],[-46.3121187,-20.4877511],[-46.3123114,-20.4880365],[-46.3123397,-20.4883829],[-46.3122431,-20.488677],[-46.3123499,-20.4890012],[-46.3124338,-20.4892091],[-46.3125788,-20.4894876],[-46.3129599,-20.4897168],[-46.3131644,-20.4899065],[-46.3134595,-20.4902987],[-46.3136416,-20.4908351],[-46.3137347,-20.4913364],[-46.313521,-20.4917211],[-46.3134237,-20.4920558],[-46.3135782,-20.4923753],[-46.3136393,-20.492547],[-46.314,-20.4926969],[-46.3142436,-20.4930058],[-46.3142211,-20.4933406],[-46.3138421,-20.4935227],[-46.3135892,-20.4936083],[-46.3132228,-20.4937784],[-46.3131204,-20.4940652],[-46.3129748,-20.4944496],[-46.3129266,-20.4947487],[-46.3131054,-20.4948908],[-46.3133718,-20.4948888],[-46.3137003,-20.4947429],[-46.313979,-20.4947049],[-46.3141455,-20.4948829],[-46.3141986,-20.4951694],[-46.3142274,-20.4955636],[-46.3143562,-20.4958016],[-46.3144719,-20.49598],[-46.3147074,-20.496108],[-46.3148532,-20.4960728],[-46.314952,-20.4957493],[-46.3149286,-20.4953146],[-46.3151474,-20.4948634],[-46.3153741,-20.4946824],[-46.315716,-20.4946081],[-46.3159962,-20.4947494],[-46.3162511,-20.4948909],[-46.3164939,-20.4950922],[-46.3165999,-20.4956293],[-46.3165666,-20.4961793],[-46.316482,-20.49667],[-46.3163821,-20.4975862],[-46.3165075,-20.4981757],[-46.3164857,-20.4985942],[-46.3164129,-20.4989772],[-46.3164424,-20.499467],[-46.3164719,-20.4999448],[-46.3164881,-20.500363],[-46.3162638,-20.5008745],[-46.3163249,-20.5010328],[-46.3164355,-20.5012903],[-46.316569,-20.5014829],[-46.316714,-20.5017023],[-46.3169085,-20.5018873],[-46.3171527,-20.5020933],[-46.3172518,-20.5022325],[-46.3173129,-20.5023584],[-46.3173472,-20.5025301],[-46.3173586,-20.5027285],[-46.3173586,-20.5029802],[-46.3173586,-20.5031977],[-46.3173701,-20.5036726],[-46.3173566,-20.5040256],[-46.3175739,-20.5042152],[-46.3178004,-20.5039983],[-46.3179375,-20.5037104],[-46.317969,-20.5033007],[-46.3180415,-20.503026],[-46.3180415,-20.5028315],[-46.3180415,-20.5026235],[-46.31803,-20.5024156],[-46.3180072,-20.5022077],[-46.3179576,-20.5018511],[-46.3179232,-20.5015898],[-46.3178622,-20.5013914],[-46.3178241,-20.5012197],[-46.317763,-20.500968],[-46.3177516,-20.5007238],[-46.3178819,-20.5001851],[-46.3178164,-20.4999346],[-46.3176998,-20.4996486],[-46.3176079,-20.4992908],[-46.3174523,-20.4988976],[-46.3174108,-20.4984915],[-46.3174202,-20.498109],[-46.3173548,-20.4975328],[-46.317393,-20.4973478],[-46.3174311,-20.4970712],[-46.3174807,-20.4968538],[-46.3175532,-20.4966097],[-46.317702,-20.4962434],[-46.3179003,-20.4957857],[-46.3179995,-20.4955778],[-46.3181101,-20.4953584],[-46.3182551,-20.4952096],[-46.3183543,-20.495141],[-46.3186741,-20.4949203],[-46.3191175,-20.4948572],[-46.3194861,-20.49495],[-46.3198804,-20.4950665],[-46.3200343,-20.4952685],[-46.3203418,-20.4956247],[-46.320636,-20.4959094],[-46.3209179,-20.4962419],[-46.3212517,-20.4967174],[-46.3213562,-20.4970632],[-46.3214363,-20.4975287],[-46.3213752,-20.4978041],[-46.3213023,-20.4981751],[-46.3211154,-20.4985709],[-46.3209414,-20.4989906],[-46.3207422,-20.4994224],[-46.3205802,-20.4997702],[-46.3204059,-20.500154],[-46.32023,-20.5003465],[-46.3197772,-20.5006952],[-46.319678,-20.5008669],[-46.3194567,-20.5011396],[-46.3194025,-20.5014763],[-46.3192912,-20.5018118],[-46.3191556,-20.502267],[-46.3189074,-20.5027838],[-46.3189341,-20.5030279],[-46.318957,-20.5032663],[-46.3190295,-20.5034285],[-46.319181,-20.5037607],[-46.319459,-20.5036272],[-46.3195788,-20.5033026],[-46.3197238,-20.5031881],[-46.3198115,-20.5030622],[-46.3198726,-20.5029573],[-46.3199183,-20.5028086],[-46.3199565,-20.5026502],[-46.3199832,-20.5024557],[-46.3200785,-20.5020971],[-46.3201777,-20.5017977],[-46.3202273,-20.5016718],[-46.3203227,-20.5014314],[-46.3204333,-20.5012312],[-46.3205935,-20.5010137],[-46.3207042,-20.5008421],[-46.3209102,-20.5006361],[-46.3210818,-20.5005006],[-46.3212535,-20.5004434],[-46.321326,-20.5003614],[-46.3214252,-20.500226],[-46.3215358,-20.5000181],[-46.3216464,-20.4998216],[-46.3217456,-20.4996404],[-46.321902,-20.4994459],[-46.3220126,-20.4992952],[-46.3221728,-20.4990453],[-46.322272,-20.4988832],[-46.3225047,-20.4986543],[-46.3226382,-20.4984464],[-46.322726,-20.498147],[-46.322787,-20.4979982],[-46.322848,-20.4977807],[-46.3229574,-20.4974095],[-46.3232099,-20.4972762],[-46.323591,-20.497333],[-46.3240365,-20.4975208],[-46.3247506,-20.4979576],[-46.3250831,-20.4982658],[-46.3252885,-20.4985511],[-46.3253802,-20.498897],[-46.325485,-20.4992786],[-46.3255645,-20.4996724],[-46.3256184,-20.5000425],[-46.3257731,-20.5003282],[-46.3256404,-20.5006647],[-46.3257026,-20.5009861],[-46.3260351,-20.5012943],[-46.3263038,-20.5015671],[-46.3265522,-20.5019083],[-46.326575,-20.5020799],[-46.326575,-20.5024004],[-46.326575,-20.502572],[-46.3265636,-20.5027342],[-46.3265255,-20.5029878],[-46.3264301,-20.503251],[-46.326247,-20.503623],[-46.3260257,-20.5039759],[-46.3259761,-20.5041628],[-46.3259876,-20.5043783],[-46.3261707,-20.504508],[-46.3262699,-20.5045614],[-46.3264331,-20.5047931],[-46.3265996,-20.504983],[-46.3267167,-20.5053168],[-46.3268341,-20.5056983],[-46.3270662,-20.5061388],[-46.3274863,-20.5063029],[-46.3275974,-20.5059347],[-46.3275299,-20.5054779],[-46.3275009,-20.5050598],[-46.3273955,-20.5046064],[-46.32738,-20.5041151],[-46.3273075,-20.5038271],[-46.3272058,-20.5031976],[-46.3272663,-20.5028505],[-46.3273524,-20.5025391],[-46.3274647,-20.5023231],[-46.3277958,-20.5021829],[-46.3279674,-20.5021505],[-46.3282344,-20.5021486],[-46.3284405,-20.5021505],[-46.3287227,-20.5021944],[-46.3289783,-20.5022649],[-46.3291614,-20.5023222],[-46.3293674,-20.5024061],[-46.3295276,-20.5024633],[-46.3298557,-20.5024614],[-46.3300884,-20.5024042],[-46.3301838,-20.5022191],[-46.3301609,-20.5020837],[-46.330077,-20.5019216],[-46.3299892,-20.5018644],[-46.3298176,-20.5017709],[-46.3295887,-20.5016679],[-46.3294399,-20.5016469],[-46.3293178,-20.5016107],[-46.3291614,-20.501563],[-46.3290393,-20.5015421],[-46.3288791,-20.5015058],[-46.3287227,-20.5014848],[-46.3285625,-20.5014505],[-46.3283565,-20.5014009],[-46.3281391,-20.5013093],[-46.3278568,-20.5012064],[-46.3275402,-20.5011014],[-46.3274448,-20.5010118],[-46.3272007,-20.5009546],[-46.3270519,-20.5008478],[-46.326884,-20.5007448],[-46.3269167,-20.5005585],[-46.3269784,-20.5003548],[-46.3267984,-20.5000813],[-46.3267835,-20.4998185],[-46.3266794,-20.4995205],[-46.3266512,-20.4991861],[-46.3264835,-20.4988647],[-46.3263767,-20.4985532],[-46.3264148,-20.4982633],[-46.3264758,-20.4981641],[-46.3265636,-20.4980592],[-46.3266132,-20.4978418],[-46.3266492,-20.497477],[-46.326319,-20.4974317],[-46.326065,-20.4973978],[-46.3257343,-20.4972928],[-46.3253642,-20.4970326],[-46.3248677,-20.4968213],[-46.3244982,-20.4966329],[-46.3241028,-20.496373],[-46.3234397,-20.4959717],[-46.3229043,-20.4956531],[-46.3223556,-20.4952748],[-46.3220744,-20.4950259],[-46.3217298,-20.4947776],[-46.3214482,-20.4944809],[-46.3212049,-20.4942079],[-46.3208727,-20.4939355],[-46.3205036,-20.493783],[-46.3201213,-20.4935827],[-46.3197123,-20.4935045],[-46.3194338,-20.4934434],[-46.3192011,-20.4933862],[-46.3190295,-20.4933881],[-46.3188235,-20.4933843],[-46.3185336,-20.4933824],[-46.3182017,-20.4933843],[-46.3179575,-20.4933824],[-46.3175173,-20.4931363],[-46.3172111,-20.4929355],[-46.3168912,-20.4926033],[-46.3167368,-20.4923534],[-46.3164164,-20.4920663],[-46.3163257,-20.4917351],[-46.316234,-20.4914011],[-46.3161942,-20.4911982],[-46.316192,-20.4909353],[-46.316075,-20.4906016],[-46.3158696,-20.4903163],[-46.3155621,-20.4899481],[-46.3155332,-20.489542],[-46.3156267,-20.4890947],[-46.3158098,-20.4888772],[-46.3160569,-20.4884862],[-46.3160797,-20.4881753],[-46.315698,-20.4880467],[-46.3154437,-20.487965],[-46.3150368,-20.4878486],[-46.3146288,-20.4876007],[-46.3143606,-20.4873876],[-46.3140287,-20.4871391],[-46.3137081,-20.4867232],[-46.3135924,-20.4865448],[-46.3135025,-20.486414],[-46.3133843,-20.4859368],[-46.3133418,-20.4854113],[-46.3133256,-20.485005],[-46.3133349,-20.4845986],[-46.3132565,-20.4843363],[-46.3131907,-20.4840499],[-46.3129855,-20.4837885],[-46.312717,-20.4835396],[-46.312575,-20.4832419],[-46.3125219,-20.4829674],[-46.3126589,-20.4826675],[-46.3126694,-20.4824165],[-46.3125782,-20.4821303],[-46.312373,-20.481857],[-46.3121286,-20.4815587],[-46.3121172,-20.481387],[-46.3121439,-20.481202],[-46.3122278,-20.4810666],[-46.3124261,-20.4808835],[-46.3126093,-20.4807786],[-46.3127809,-20.4806775],[-46.3129686,-20.4803107],[-46.3130035,-20.4799399],[-46.3128627,-20.4797856],[-46.3126586,-20.4796557],[-46.3122736,-20.4796075],[-46.31214,-20.479535],[-46.3119684,-20.4794778],[-46.3116899,-20.47935],[-46.3114572,-20.4792699],[-46.3112453,-20.479009],[-46.3110401,-20.4787357],[-46.3107185,-20.4782122],[-46.3104999,-20.4778553],[-46.3103204,-20.4776296],[-46.3099313,-20.477538],[-46.3097368,-20.4773663],[-46.3096643,-20.4772366],[-46.30963,-20.4768132],[-46.3096566,-20.4766625],[-46.3097291,-20.4764451],[-46.3098016,-20.4762601],[-46.3098779,-20.4760197],[-46.3099008,-20.475871],[-46.3099656,-20.4756993],[-46.3100992,-20.47548],[-46.3103204,-20.4754246],[-46.3106485,-20.4752739],[-46.3109041,-20.4753121],[-46.3111215,-20.4753464],[-46.3112703,-20.475396],[-46.3114763,-20.4754838],[-46.3117111,-20.4756112],[-46.3118397,-20.4758254],[-46.3119692,-20.4761351],[-46.3120737,-20.4764929],[-46.3122507,-20.4767655],[-46.3125062,-20.4767102],[-46.3126512,-20.4765729],[-46.3127733,-20.4765137],[-46.3129068,-20.4764355],[-46.3131891,-20.4763879],[-46.3133951,-20.4763325],[-46.3136278,-20.4762314],[-46.3139735,-20.4761917],[-46.3140987,-20.4759995],[-46.3141729,-20.4757719],[-46.3143729,-20.4754357],[-46.3146765,-20.4753378],[-46.3149937,-20.4753473],[-46.3153997,-20.4753682],[-46.3156525,-20.4752707],[-46.3159817,-20.4752084],[-46.3162982,-20.4751343],[-46.3166797,-20.4752629],[-46.3169483,-20.4755238],[-46.3171152,-20.4757615],[-46.317181,-20.4760359],[-46.3170992,-20.4763363],[-46.3170725,-20.4764489],[-46.3169618,-20.4766663],[-46.316794,-20.4768628],[-46.3164736,-20.4772538],[-46.3163744,-20.4773663],[-46.3162637,-20.4775036],[-46.3160807,-20.4777802],[-46.3160578,-20.478011],[-46.3162626,-20.4783974],[-46.316406,-20.4788505],[-46.3164603,-20.4792684],[-46.3164884,-20.4795909],[-46.3165301,-20.4800208],[-46.3165588,-20.480415],[-46.3166124,-20.4807492],[-46.316489,-20.4811565],[-46.3164156,-20.4814678],[-46.3163422,-20.4817791],[-46.3163948,-20.4820058],[-46.3167624,-20.4819791],[-46.3170915,-20.4819049],[-46.3173816,-20.4817115],[-46.3177362,-20.4816491],[-46.3180548,-20.4818259],[-46.3182745,-20.4823023],[-46.3182652,-20.4826968],[-46.3181919,-20.483032],[-46.3179308,-20.4833993],[-46.3178698,-20.4835252],[-46.3177858,-20.4837064],[-46.3177096,-20.4838246],[-46.3176104,-20.484065],[-46.3175264,-20.4842462],[-46.3174997,-20.484454],[-46.3174997,-20.4846391],[-46.3175112,-20.4847897],[-46.3176676,-20.4848603],[-46.3179404,-20.4847669],[-46.3182563,-20.4846211],[-46.3186855,-20.4843908],[-46.3190274,-20.4843284],[-46.3194706,-20.4842414],[-46.3197503,-20.484311],[-46.3201548,-20.4846372],[-46.3203494,-20.4847535],[-46.3206889,-20.4850091],[-46.321064,-20.4851734],[-46.3211427,-20.4854716],[-46.3210317,-20.485843],[-46.320769,-20.4860887],[-46.3206583,-20.4862279],[-46.320563,-20.4864015],[-46.3204371,-20.486596],[-46.3202425,-20.486905],[-46.3201815,-20.4870175],[-46.3202824,-20.4872112],[-46.3205998,-20.4872446],[-46.3211444,-20.4871568],[-46.3214749,-20.487238],[-46.321731,-20.4875229],[-46.3219365,-20.4878201],[-46.3219392,-20.4881308],[-46.321696,-20.488326],[-46.3214855,-20.4884689],[-46.3213412,-20.488757],[-46.3214261,-20.4889474],[-46.3215434,-20.4893051],[-46.3214963,-20.4897357],[-46.321462,-20.4901662],[-46.3213107,-20.4906091],[-46.3213221,-20.490714],[-46.321345,-20.4909886],[-46.3213794,-20.4911069],[-46.3216475,-20.4910971],[-46.3219754,-20.4908794],[-46.3223151,-20.4905542],[-46.3225796,-20.490337],[-46.3228695,-20.4901197],[-46.3231732,-20.4900337],[-46.3235159,-20.4900669],[-46.3237959,-20.4901724],[-46.3240903,-20.4904928],[-46.3242973,-20.4909574],[-46.3244531,-20.4913745],[-46.3246731,-20.4918867],[-46.3249291,-20.4921597],[-46.3252375,-20.4926234],[-46.3255489,-20.4929628],[-46.3259765,-20.4930122],[-46.3260509,-20.4928084],[-46.3260742,-20.4925692],[-46.3260838,-20.4922106],[-46.3260298,-20.4918286],[-46.3258998,-20.4914591],[-46.325694,-20.491126],[-46.325527,-20.4908882],[-46.3253858,-20.4906861],[-46.3253077,-20.4904596],[-46.3253177,-20.4901488],[-46.3253267,-20.4897185],[-46.3251292,-20.4893483],[-46.32503,-20.4892091],[-46.3249003,-20.4889554],[-46.3249232,-20.4887036],[-46.3250224,-20.4885434],[-46.3250834,-20.4884042],[-46.3253395,-20.4882603],[-46.3257594,-20.4884124],[-46.3261292,-20.4886367],[-46.3264221,-20.4887779],[-46.3268805,-20.4890437],[-46.32749,-20.4890566],[-46.3278567,-20.4890145],[-46.3280437,-20.4889001],[-46.3282115,-20.4887589],[-46.3284213,-20.488635],[-46.3287139,-20.4883182],[-46.3291444,-20.4882312],[-46.3294251,-20.4884203],[-46.3295284,-20.4886346],[-46.3296581,-20.4889683],[-46.3297488,-20.4891827],[-46.3298151,-20.4895169],[-46.3298437,-20.4898991],[-46.3295963,-20.4901952],[-46.3295085,-20.4905385],[-46.3294208,-20.4906968],[-46.3292873,-20.4908914],[-46.3291271,-20.4911698],[-46.3291103,-20.4916257],[-46.3290372,-20.4919729],[-46.3289002,-20.4922727],[-46.3286327,-20.4925325],[-46.3285549,-20.4928096],[-46.3286906,-20.4929675],[-46.3288805,-20.4929302],[-46.3291347,-20.492732],[-46.3295611,-20.4924231],[-46.3298671,-20.4919309],[-46.3301113,-20.4916219],[-46.3305523,-20.4911725],[-46.3308429,-20.4910388],[-46.331274,-20.4910235],[-46.3315801,-20.4912124],[-46.3317727,-20.4914858],[-46.3319402,-20.4917833],[-46.3321336,-20.4921524],[-46.3324026,-20.492461],[-46.3329125,-20.492744],[-46.3332737,-20.493102],[-46.3334186,-20.4932412],[-46.3335521,-20.4936112],[-46.3336361,-20.4938535],[-46.33372,-20.4940023],[-46.3341433,-20.4942643],[-46.3343731,-20.4944418],[-46.3346328,-20.4947202],[-46.3348995,-20.4951668],[-46.3350678,-20.49556],[-46.3350581,-20.4959066],[-46.3347576,-20.4960775],[-46.3345249,-20.4961461],[-46.3342197,-20.4963292],[-46.3342464,-20.4965905],[-46.3347756,-20.4969725],[-46.335069,-20.4971615],[-46.3352742,-20.4974228],[-46.3352897,-20.4977454],[-46.3351772,-20.4979753],[-46.3351772,-20.4981145],[-46.3354609,-20.4984731],[-46.3354889,-20.4987837],[-46.335364,-20.4990117],[-46.3351849,-20.4991044],[-46.3349362,-20.4994094],[-46.3349636,-20.4996442],[-46.3353073,-20.4997771],[-46.3356129,-20.4999181],[-46.3357673,-20.5001679],[-46.3355904,-20.5005505],[-46.3356477,-20.5007934],[-46.3357191,-20.5010034],[-46.335764,-20.5011616],[-46.3359745,-20.5012025],[-46.3360976,-20.5011399],[-46.3361803,-20.5009894],[-46.3362829,-20.5007666],[-46.3363598,-20.5004052],[-46.3365165,-20.5002578],[-46.3365758,-20.4997912],[-46.3365979,-20.4994086],[-46.3365701,-20.4991339],[-46.3365042,-20.4988476],[-46.3364629,-20.4984654],[-46.3364437,-20.4979924],[-46.3365429,-20.4977388],[-46.3365429,-20.4975213],[-46.336693,-20.4972087],[-46.3367406,-20.4968498],[-46.3365353,-20.4964284],[-46.3364628,-20.4961537],[-46.3363445,-20.4959115],[-46.3362721,-20.4956445],[-46.3362721,-20.4954137],[-46.3362432,-20.4950728],[-46.3364449,-20.4949279],[-46.3367492,-20.4949136],[-46.3370286,-20.4949592],[-46.3373213,-20.4950645],[-46.3376263,-20.4953183],[-46.3378666,-20.4954785],[-46.3379658,-20.4956731],[-46.3380001,-20.4958581],[-46.3380001,-20.4960069],[-46.3379963,-20.4962377],[-46.337962,-20.4964894],[-46.3379353,-20.4968328],[-46.3377823,-20.497033],[-46.3377338,-20.4972844],[-46.3377487,-20.4975472],[-46.3377146,-20.4980016],[-46.3378781,-20.4985017],[-46.3380637,-20.4987638],[-46.338231,-20.4990374],[-46.3383354,-20.4993713],[-46.3382634,-20.4997224],[-46.3383359,-20.499875],[-46.3384083,-20.5000829],[-46.3385037,-20.5002889],[-46.3386105,-20.5006456],[-46.3388165,-20.5007428],[-46.339011,-20.5008687],[-46.3391217,-20.5009851],[-46.3392171,-20.501111],[-46.3393048,-20.5012044],[-46.3393658,-20.5013532],[-46.3394498,-20.5014924],[-46.3395604,-20.5019159],[-46.3396557,-20.5021142],[-46.3397893,-20.5022992],[-46.3399838,-20.5024594],[-46.3402394,-20.5026426],[-46.3404606,-20.5026197],[-46.3405217,-20.5025148],[-46.3405713,-20.5024003],[-46.3405827,-20.5022744],[-46.3405827,-20.5021714],[-46.3405942,-20.5019845],[-46.3406056,-20.5018586],[-46.3408795,-20.5016583],[-46.3409404,-20.501371],[-46.3409375,-20.5010364],[-46.3409595,-20.5006418],[-46.3411093,-20.5003658],[-46.3408782,-20.5000449],[-46.3404072,-20.4998235],[-46.3402623,-20.49973],[-46.3401516,-20.4994763],[-46.3400067,-20.4992704],[-46.3397279,-20.4990498],[-46.3396495,-20.4987875],[-46.3397282,-20.4985684],[-46.3398045,-20.4983605],[-46.3398884,-20.4982823],[-46.3399647,-20.4981774],[-46.3400258,-20.4980363],[-46.3400754,-20.4979467],[-46.3400868,-20.497775],[-46.3400868,-20.4975804],[-46.340102,-20.4972829],[-46.3401364,-20.4971646],[-46.3401793,-20.4969906],[-46.3404451,-20.4969288],[-46.3407247,-20.4969864],[-46.3410173,-20.4970798],[-46.3413727,-20.4971129],[-46.3417786,-20.4971097],[-46.3421353,-20.4969777],[-46.3423071,-20.4966276],[-46.3419752,-20.4963792],[-46.3416311,-20.4961906],[-46.3412367,-20.4960622],[-46.3406265,-20.4958996],[-46.3403089,-20.4958423],[-46.3400664,-20.4956768],[-46.3398823,-20.4954119],[-46.3399605,-20.4951637],[-46.3403339,-20.4949017],[-46.3405772,-20.4946092],[-46.3403221,-20.4944438],[-46.339927,-20.4942317],[-46.3396463,-20.4940427],[-46.338907,-20.4936301],[-46.3381181,-20.4933374],[-46.3372665,-20.4931408],[-46.3366057,-20.4929905],[-46.3361842,-20.4926591],[-46.3359936,-20.4923447],[-46.3360521,-20.4920505],[-46.3363432,-20.4919766],[-46.3367239,-20.4919976],[-46.3371948,-20.4921852],[-46.3377026,-20.4922291],[-46.3382366,-20.4922608],[-46.3386896,-20.4919585],[-46.338992,-20.4917668],[-46.3390391,-20.4913104],[-46.3387344,-20.4912769],[-46.3384421,-20.4912075],[-46.3381114,-20.4911025],[-46.3378685,-20.4908892],[-46.3375117,-20.4907007],[-46.3371554,-20.49056],[-46.3366976,-20.4904321],[-46.3363164,-20.4903514],[-46.3357572,-20.4902242],[-46.3353118,-20.4900484],[-46.3349422,-20.489848],[-46.3346606,-20.4895514],[-46.3343155,-20.4892433],[-46.3339698,-20.4888755],[-46.3336506,-20.4886269],[-46.3333767,-20.4886521],[-46.3332427,-20.488391],[-46.3328732,-20.4882026],[-46.3325756,-20.48812],[-46.3320911,-20.4878091],[-46.3319793,-20.4875043],[-46.3318626,-20.4872064],[-46.3316562,-20.486863],[-46.3317172,-20.4866589],[-46.3318279,-20.4864949],[-46.3320579,-20.4863205],[-46.3323367,-20.4862945],[-46.3326673,-20.4863876],[-46.3331821,-20.4866532],[-46.3334835,-20.4867581],[-46.3338497,-20.4869183],[-46.3341892,-20.4870099],[-46.3344241,-20.487139],[-46.3346642,-20.4870415],[-46.3347512,-20.4868257],[-46.3346599,-20.4865396],[-46.3344797,-20.4862302],[-46.3342995,-20.4859328],[-46.3340058,-20.485708],[-46.3336106,-20.485472],[-46.3331525,-20.4852962],[-46.3326821,-20.4851684],[-46.3322109,-20.4849449],[-46.3318539,-20.4847325],[-46.3314316,-20.4842935],[-46.3311241,-20.4839373],[-46.3308169,-20.483617],[-46.3304713,-20.4832491],[-46.3300632,-20.4829893],[-46.329821,-20.4828478],[-46.329529,-20.4828141],[-46.3295047,-20.4830254],[-46.329478,-20.4833382],[-46.3295657,-20.4835805],[-46.3296497,-20.4837521],[-46.3297336,-20.4839142],[-46.3299396,-20.4841431],[-46.3300845,-20.4842824],[-46.3302409,-20.4844884],[-46.3303249,-20.4846181],[-46.3303516,-20.4848355],[-46.3303363,-20.4850892],[-46.3302867,-20.4852151],[-46.330097,-20.4853385],[-46.3297031,-20.4853963],[-46.3291827,-20.4853147],[-46.3288154,-20.4853773],[-46.328448,-20.4854279],[-46.3281047,-20.4855889],[-46.3278148,-20.4856175],[-46.3276546,-20.4857014],[-46.3273723,-20.4858025],[-46.3272883,-20.4858617],[-46.3269946,-20.4859952],[-46.3267276,-20.4860868],[-46.3263957,-20.4861897],[-46.3259045,-20.4861047],[-46.3256119,-20.4860113],[-46.3254202,-20.4858335],[-46.3252541,-20.4856913],[-46.3251121,-20.4854056],[-46.3250205,-20.4850836],[-46.3248202,-20.4847325],[-46.3246142,-20.4845265],[-46.3245188,-20.4844006],[-46.324201,-20.4841815],[-46.3241991,-20.4839544],[-46.3243885,-20.4838573],[-46.3247168,-20.4836875],[-46.3248409,-20.4833639],[-46.3250605,-20.4830788],[-46.3250834,-20.482829],[-46.3251377,-20.4824772],[-46.3247685,-20.4823246],[-46.3245772,-20.4821946],[-46.3242834,-20.4819578],[-46.3240899,-20.4815768],[-46.3239974,-20.4811473],[-46.3237146,-20.4807072],[-46.323472,-20.4805178],[-46.3231794,-20.4804125],[-46.3228508,-20.4805465],[-46.3225615,-20.4808236],[-46.3223102,-20.4811004],[-46.3219955,-20.4813777],[-46.3216045,-20.4816316],[-46.3212877,-20.4816699],[-46.3209324,-20.4816487],[-46.3205252,-20.4814964],[-46.3200924,-20.4813085],[-46.3198361,-20.4809997],[-46.3196557,-20.4806664],[-46.3195501,-20.4801891],[-46.3195594,-20.4797946],[-46.3195686,-20.4793882],[-46.3197306,-20.4790523],[-46.3198763,-20.478772],[-46.3200594,-20.4787167],[-46.320475,-20.4785925],[-46.3207652,-20.4787377],[-46.321036,-20.4787987],[-46.321509,-20.4789494],[-46.3217875,-20.4789513],[-46.3219477,-20.4789189],[-46.3220583,-20.4787911],[-46.3222377,-20.4785672],[-46.3220821,-20.478162],[-46.3218249,-20.4777576],[-46.3215431,-20.4774251],[-46.3211395,-20.4772711],[-46.3209681,-20.4769275],[-46.3209144,-20.4765813],[-46.3209616,-20.4761746],[-46.3209717,-20.4758757],[-46.3209308,-20.4755414],[-46.3209153,-20.4752068],[-46.3207786,-20.4747843],[-46.3206675,-20.4744079],[-46.3208428,-20.4741437],[-46.3211962,-20.4739498],[-46.321577,-20.4739827],[-46.3218829,-20.4741597],[-46.3222768,-20.4742523],[-46.3228709,-20.4743908],[-46.3230382,-20.4742943],[-46.3230993,-20.4740309],[-46.3230711,-20.4736965],[-46.3229739,-20.473193],[-46.3228738,-20.4728733],[-46.3228458,-20.4725628],[-46.3230335,-20.4722745],[-46.3233871,-20.4720925],[-46.3238052,-20.4720415],[-46.3241229,-20.4721228],[-46.3242899,-20.4724949],[-46.3243624,-20.4726933],[-46.3243967,-20.4729241],[-46.3243243,-20.4732311],[-46.3242861,-20.4736031],[-46.3242365,-20.4739693],[-46.3242098,-20.4745339],[-46.324206,-20.4748085],[-46.3244256,-20.4748813],[-46.3248306,-20.4747826],[-46.3252932,-20.474408],[-46.325648,-20.4740799],[-46.3260142,-20.4737118],[-46.3262965,-20.47346],[-46.3265902,-20.4733322],[-46.3268211,-20.4732257],[-46.3273178,-20.4734728],[-46.3276388,-20.4739246],[-46.3279587,-20.4742568],[-46.3281254,-20.4744706],[-46.3281796,-20.4748766],[-46.3282078,-20.475199],[-46.3281598,-20.4755221],[-46.3280398,-20.4759053],[-46.3278986,-20.4761217],[-46.3278756,-20.4763968],[-46.328095,-20.4765411],[-46.3283458,-20.4765007],[-46.3286249,-20.4765105],[-46.3288429,-20.4767838],[-46.328998,-20.4771292],[-46.3290088,-20.4774025],[-46.3291156,-20.4777802],[-46.3291613,-20.4778965],[-46.3291987,-20.4783348],[-46.3292901,-20.4786448],[-46.3295962,-20.4789017],[-46.3297346,-20.4787131],[-46.3298346,-20.478545],[-46.3300883,-20.4782341],[-46.3301875,-20.4779805],[-46.3302485,-20.4776142],[-46.3303134,-20.4770477],[-46.3303134,-20.4765099],[-46.3303058,-20.4759453],[-46.3303128,-20.475159],[-46.3301565,-20.4746822],[-46.3299239,-20.474182],[-46.3297036,-20.4736458],[-46.3292867,-20.4732451],[-46.3289553,-20.4729069],[-46.3288175,-20.4726606],[-46.3285947,-20.4724113],[-46.3283029,-20.4721052],[-46.3280806,-20.4719205],[-46.3277436,-20.4716649],[-46.3272311,-20.4711502],[-46.3268065,-20.4706394],[-46.3265383,-20.4704263],[-46.3263149,-20.4701053],[-46.3261379,-20.4698772],[-46.3260442,-20.4695983],[-46.3259989,-20.4693306],[-46.3261614,-20.4690667],[-46.3264024,-20.468778],[-46.3265254,-20.4685028],[-46.3267352,-20.4682987],[-46.3269411,-20.4681385],[-46.3272334,-20.4680761],[-46.3275546,-20.4682673],[-46.3278002,-20.4685092],[-46.3280077,-20.4687443],[-46.3282302,-20.4689577],[-46.3284379,-20.4692214],[-46.3285386,-20.4694286],[-46.3286712,-20.4698077],[-46.3287957,-20.4701294],[-46.3289893,-20.4705152],[-46.3291672,-20.4708508],[-46.3292626,-20.4712118],[-46.3293254,-20.4712875],[-46.329491,-20.4713432],[-46.3296576,-20.4712487],[-46.3299624,-20.4711159],[-46.3301455,-20.4709194],[-46.3304606,-20.4708266],[-46.3306892,-20.4708679],[-46.3308346,-20.4709672],[-46.3309733,-20.4711597],[-46.3311045,-20.4713739],[-46.3311372,-20.4716389],[-46.3312013,-20.4720113],[-46.3312938,-20.4722794],[-46.3315699,-20.4724029],[-46.3318059,-20.4724154],[-46.3320714,-20.4723202],[-46.3323368,-20.4722034],[-46.3325791,-20.4720653],[-46.3328521,-20.4719557],[-46.3332584,-20.4718845],[-46.3334758,-20.4720142],[-46.3336159,-20.472294],[-46.3335566,-20.4724737],[-46.3334054,-20.4725825],[-46.3330714,-20.4727276],[-46.3329723,-20.4728039],[-46.3327823,-20.4729669],[-46.3326556,-20.4731949],[-46.3326785,-20.4733436],[-46.3327167,-20.4735878],[-46.3328006,-20.4737804],[-46.3328845,-20.4739216],[-46.3329074,-20.4741066],[-46.3328693,-20.474345],[-46.3328197,-20.4745091],[-46.3328082,-20.4746349],[-46.3328197,-20.4748524],[-46.3328807,-20.4749554],[-46.3330257,-20.4751747],[-46.3330829,-20.4753464],[-46.3331439,-20.4754494],[-46.3332789,-20.4755666],[-46.3332499,-20.4757317],[-46.3330382,-20.4758839],[-46.332956,-20.4760567],[-46.3329958,-20.4762643],[-46.3332026,-20.4764133],[-46.3334766,-20.4764256],[-46.3336827,-20.4765029],[-46.3338136,-20.4766812],[-46.3338383,-20.4768889],[-46.3337085,-20.4770497],[-46.3336211,-20.4772993],[-46.3335702,-20.4775722],[-46.3337687,-20.4776424],[-46.3340424,-20.4776188],[-46.334331,-20.4775449],[-46.3346113,-20.4773993],[-46.3349153,-20.4773539],[-46.3350911,-20.4774458],[-46.3352671,-20.4775592],[-46.3353068,-20.4777525],[-46.3353031,-20.4779671],[-46.3352805,-20.4782332],[-46.3352973,-20.4784123],[-46.3354213,-20.478608],[-46.3354824,-20.4787834],[-46.3355892,-20.4789551],[-46.3357113,-20.4790943],[-46.3356235,-20.4792431],[-46.3354557,-20.4792755],[-46.3352648,-20.4793159],[-46.3351963,-20.4794949],[-46.3353412,-20.4796932],[-46.3356295,-20.4798655],[-46.3358893,-20.4799926],[-46.3360885,-20.4801488],[-46.3361891,-20.4803345],[-46.3361915,-20.4806141],[-46.3360203,-20.4810017],[-46.3359707,-20.4811886],[-46.3358715,-20.4814423],[-46.3357837,-20.4816006],[-46.3356502,-20.481818],[-46.3355267,-20.4820606],[-46.3355671,-20.4823328],[-46.3357517,-20.4824181],[-46.3360243,-20.4823938],[-46.3363293,-20.482396],[-46.3365238,-20.4823178],[-46.336745,-20.4822396],[-46.3370121,-20.482169],[-46.3372562,-20.4821709],[-46.3374279,-20.482251],[-46.3375118,-20.4823693],[-46.3375347,-20.4825619],[-46.3375347,-20.4828518],[-46.3374965,-20.483136],[-46.337349,-20.4833374],[-46.3372595,-20.4835532],[-46.3371251,-20.4838482],[-46.3370216,-20.4842004],[-46.3371148,-20.4844148],[-46.3373287,-20.4845136],[-46.3375488,-20.4844473],[-46.3377311,-20.4844029],[-46.338042,-20.4842786],[-46.3382846,-20.4841692],[-46.3385664,-20.4841957],[-46.338872,-20.4843296],[-46.3390947,-20.4845645],[-46.3392259,-20.4847786],[-46.3394382,-20.4848011],[-46.3395676,-20.4846899],[-46.3396493,-20.4844527],[-46.3397307,-20.4841939],[-46.3397504,-20.4838352],[-46.3396023,-20.4835232],[-46.3397473,-20.4834695],[-46.3398464,-20.4831913],[-46.3399106,-20.4830021],[-46.3400845,-20.4828717],[-46.3404488,-20.4827541],[-46.3408283,-20.4826436],[-46.3411849,-20.482519],[-46.3414044,-20.482381],[-46.3416158,-20.482193],[-46.3418192,-20.4819547],[-46.3419841,-20.4816666],[-46.3420427,-20.4814008],[-46.3420742,-20.481036],[-46.3419376,-20.4806917],[-46.3417913,-20.4804921],[-46.3415458,-20.4802645],[-46.3412478,-20.4801305],[-46.3409949,-20.4799174],[-46.3407772,-20.4796513],[-46.3407047,-20.4793671],[-46.3407047,-20.4791821],[-46.3408268,-20.4789875],[-46.3409856,-20.478849],[-46.3412137,-20.4788257],[-46.3415562,-20.4788374],[-46.3418308,-20.4789141],[-46.3420681,-20.4790772],[-46.3423747,-20.4793259],[-46.3427042,-20.4795886],[-46.3430488,-20.479837],[-46.3433632,-20.480107],[-46.3436234,-20.4802843],[-46.3439594,-20.4804108],[-46.3443346,-20.4804793],[-46.3446453,-20.4803436],[-46.3448329,-20.4802319],[-46.3449459,-20.4800948],[-46.3450431,-20.4798933],[-46.3451603,-20.4796226],[-46.345271,-20.4795216],[-46.3455037,-20.4793938],[-46.3456372,-20.4792927],[-46.3458088,-20.4790829],[-46.3457974,-20.478854],[-46.3457859,-20.4786136],[-46.3457249,-20.4784515],[-46.345702,-20.4781998],[-46.345771,-20.4778439],[-46.3458376,-20.4776354],[-46.3457978,-20.4774278],[-46.3456064,-20.4773002],[-46.3454153,-20.4772012],[-46.3451401,-20.47706],[-46.3449408,-20.4768966],[-46.3447637,-20.476647],[-46.3445795,-20.4764691],[-46.3442889,-20.4763064],[-46.3441197,-20.4761069],[-46.3440113,-20.4758855],[-46.3439322,-20.4755419],[-46.3437699,-20.4752563],[-46.3435016,-20.4750361],[-46.3432416,-20.4748875],[-46.3429815,-20.4747246],[-46.342737,-20.4746117],[-46.3425307,-20.4745201],[-46.3422712,-20.4744217],[-46.3420952,-20.4743083],[-46.3418955,-20.4741019],[-46.3417796,-20.4738948],[-46.3416478,-20.4736162],[-46.3415389,-20.4733445],[-46.341316,-20.4730881],[-46.3411153,-20.4727598],[-46.3408687,-20.4725349],[-46.3407835,-20.4722317],[-46.3407882,-20.4719018],[-46.3408622,-20.4716574],[-46.341012,-20.4713837],[-46.3412616,-20.4712097],[-46.3415886,-20.4711857],[-46.3418782,-20.4712336],[-46.3421276,-20.4714687],[-46.3421734,-20.4717357],[-46.3421505,-20.4718483],[-46.3418848,-20.4719937],[-46.3417035,-20.4721457],[-46.3416622,-20.4723404],[-46.3417755,-20.4725467],[-46.3419664,-20.4726313],[-46.3422422,-20.4728371],[-46.3424976,-20.472884],[-46.3427152,-20.4729841],[-46.3428753,-20.4731987],[-46.3430758,-20.4733255],[-46.3432893,-20.473374],[-46.3435634,-20.4733863],[-46.3437775,-20.4735065],[-46.3439693,-20.4736843],[-46.3441082,-20.4739055],[-46.3443001,-20.4741048],[-46.3444825,-20.4740676],[-46.3446795,-20.4739728],[-46.3447919,-20.4737783],[-46.3449338,-20.4734689],[-46.3450992,-20.4732381],[-46.3454167,-20.4729919],[-46.3456135,-20.4728756],[-46.3458415,-20.4728452],[-46.3460465,-20.4727934],[-46.3462972,-20.4727412],[-46.3464942,-20.4726537],[-46.3468121,-20.4725578],[-46.347034,-20.4725921],[-46.3471794,-20.4726914],[-46.3473108,-20.4729198],[-46.3472299,-20.4732431],[-46.3471478,-20.4735133],[-46.3469679,-20.47374],[-46.3468312,-20.4739578],[-46.3467205,-20.4740627],[-46.346526,-20.4742229],[-46.3463803,-20.4744186],[-46.3461763,-20.4745923],[-46.3459568,-20.4747489],[-46.3459385,-20.475003],[-46.3460224,-20.4750717],[-46.3462044,-20.4751944],[-46.3464938,-20.4752209],[-46.347042,-20.4752525],[-46.3473234,-20.475236],[-46.3475598,-20.4752987],[-46.3477363,-20.4754694],[-46.3478068,-20.4756983],[-46.3477631,-20.4759138],[-46.3477273,-20.4761722],[-46.3477212,-20.4763515],[-46.3478738,-20.4764006],[-46.3481478,-20.4764056],[-46.3484065,-20.4763964],[-46.3486195,-20.4763948],[-46.3488098,-20.4764005],[-46.3491076,-20.4765201],[-46.3493597,-20.4766257],[-46.3495353,-20.4766888],[-46.3498021,-20.4767441],[-46.3500542,-20.4768569],[-46.3502689,-20.4770489],[-46.350476,-20.4772337],[-46.3506893,-20.4772536],[-46.3508642,-20.477245],[-46.3510466,-20.4772149],[-46.3512823,-20.4771987],[-46.3514512,-20.4773624],[-46.3515215,-20.4775698],[-46.3515009,-20.4778209],[-46.3514573,-20.4780579],[-46.3513606,-20.4783168],[-46.3512869,-20.4785899],[-46.351106,-20.4787849],[-46.350917,-20.4789298],[-46.350707,-20.4790104],[-46.3506078,-20.4790771],[-46.3504343,-20.479164],[-46.350314,-20.4791935],[-46.3500966,-20.4792354],[-46.3499974,-20.4792946],[-46.3497647,-20.4793957],[-46.3496312,-20.4794567],[-46.3494862,-20.479512],[-46.3493642,-20.4795883],[-46.3491741,-20.479768],[-46.349002,-20.4800992],[-46.3487762,-20.4803878],[-46.3486558,-20.4805393],[-46.3484435,-20.480627],[-46.3481857,-20.4807366],[-46.3479503,-20.4808029],[-46.3477995,-20.4809547],[-46.3476628,-20.4811466],[-46.3475789,-20.4812744],[-46.3473309,-20.4815968],[-46.3469175,-20.4819153],[-46.3465457,-20.4820329],[-46.346311,-20.4821781],[-46.3460034,-20.4823979],[-46.3457592,-20.4825581],[-46.3455266,-20.4827049],[-46.3452899,-20.4828888],[-46.3449179,-20.4829993],[-46.3446225,-20.4829682],[-46.3444775,-20.4829643],[-46.3442928,-20.482875],[-46.3440563,-20.482798],[-46.3438194,-20.4826851],[-46.3436213,-20.4826651],[-46.343517,-20.4829169],[-46.3435294,-20.4834618],[-46.3434557,-20.483742],[-46.343253,-20.4838818],[-46.3430316,-20.4839819],[-46.3427503,-20.4840056],[-46.3425301,-20.4840647],[-46.3424409,-20.4843092],[-46.3425037,-20.484531],[-46.3425976,-20.4848243],[-46.3426698,-20.485254],[-46.3425961,-20.4855271],[-46.342461,-20.4857432],[-46.3422573,-20.4859456],[-46.3419293,-20.4861782],[-46.3418072,-20.4863957],[-46.3416966,-20.4864968],[-46.3415974,-20.4866685],[-46.3415249,-20.4867962],[-46.3414486,-20.4868783],[-46.3411939,-20.4870581],[-46.3409825,-20.4872534],[-46.3408547,-20.4874337],[-46.3409718,-20.4875763],[-46.3411612,-20.4876751],[-46.3413901,-20.487745],[-46.3416795,-20.4877643],[-46.3419914,-20.4877547],[-46.3423724,-20.487802],[-46.3426175,-20.4879865],[-46.3426728,-20.4882228],[-46.3425053,-20.4884232],[-46.3423137,-20.4885864],[-46.3421294,-20.4887433],[-46.3420625,-20.4889302],[-46.3422081,-20.4890367],[-46.3423909,-20.4891556],[-46.3425358,-20.4892491],[-46.3427685,-20.4893788],[-46.3429745,-20.4894455],[-46.3432034,-20.489539],[-46.3434857,-20.4897126],[-46.3438129,-20.4898059],[-46.3441483,-20.4898607],[-46.3444691,-20.4900016],[-46.3445929,-20.4902373],[-46.3445704,-20.4905046],[-46.3443383,-20.4907054],[-46.3440507,-20.4908869],[-46.3440447,-20.4910805],[-46.3440884,-20.4913033],[-46.344216,-20.4915238],[-46.3441762,-20.4917134],[-46.3439993,-20.4919773],[-46.344028,-20.4921926],[-46.3442906,-20.4922188],[-46.3445049,-20.4923606],[-46.3445066,-20.4925542],[-46.3444172,-20.49277],[-46.3441647,-20.4930943],[-46.3441647,-20.4932126],[-46.3441762,-20.4933747],[-46.3443097,-20.4935464],[-46.3444996,-20.4935008],[-46.3448323,-20.4936055],[-46.3450879,-20.4936074],[-46.3453053,-20.4936055],[-46.3456487,-20.4936532],[-46.3458051,-20.4936875],[-46.3460263,-20.493781],[-46.3462552,-20.4938878],[-46.3463887,-20.4939908],[-46.3465752,-20.4941301],[-46.3467671,-20.4943151],[-46.3469436,-20.4944858],[-46.3472345,-20.4946772],[-46.347433,-20.4947545],[-46.347638,-20.4946956],[-46.3476887,-20.4944012],[-46.347678,-20.4940499],[-46.3476145,-20.4937563],[-46.3475363,-20.493506],[-46.3475415,-20.4932334],[-46.3475612,-20.4928819],[-46.3476886,-20.4926514],[-46.347878,-20.4925496],[-46.3480532,-20.4925697],[-46.3483434,-20.4926894],[-46.3486256,-20.4927517],[-46.3489463,-20.4928783],[-46.3491994,-20.4930986],[-46.3494023,-20.4932755],[-46.349513,-20.4931839],[-46.3495855,-20.4930256],[-46.3496839,-20.492808],[-46.3496971,-20.4925785],[-46.349672,-20.4923205],[-46.3496239,-20.492034],[-46.3495219,-20.4916835],[-46.3493985,-20.4912518],[-46.3494481,-20.4908951],[-46.3495053,-20.4906581],[-46.349817,-20.4906199],[-46.3500835,-20.4906393],[-46.3503282,-20.4907737],[-46.3505501,-20.4909082],[-46.3507737,-20.4912363],[-46.3509294,-20.4916367],[-46.3511914,-20.4920075],[-46.3514065,-20.4922425],[-46.351803,-20.4923326],[-46.3521388,-20.4924376],[-46.3522767,-20.4925441],[-46.3522787,-20.4927796],[-46.3522787,-20.4929551],[-46.352252,-20.4930676],[-46.3521909,-20.4932278],[-46.3521299,-20.4934357],[-46.3520361,-20.4937363],[-46.3521261,-20.4938725],[-46.3522367,-20.4938954],[-46.3524427,-20.4938611],[-46.3525419,-20.4938286],[-46.3527021,-20.4937924],[-46.3529791,-20.4936573],[-46.3531459,-20.4935914],[-46.3533575,-20.4934248],[-46.3537062,-20.4932572],[-46.3539338,-20.4931765],[-46.354276,-20.4931524],[-46.354701,-20.493285],[-46.3549795,-20.4933632],[-46.3554576,-20.4933798],[-46.3556935,-20.4933779],[-46.3559754,-20.4934116],[-46.3563253,-20.4933873],[-46.3566146,-20.4933994],[-46.3568367,-20.4935626],[-46.3570595,-20.4937975],[-46.3571764,-20.4941121],[-46.3571196,-20.4943627],[-46.3571081,-20.4946164],[-46.3569851,-20.4948522],[-46.3569412,-20.4950605],[-46.3569435,-20.4953115],[-46.3571386,-20.4955681],[-46.3572836,-20.495776],[-46.3573332,-20.4961003],[-46.3574613,-20.496211],[-46.3575309,-20.4963395],[-46.357624,-20.4965396],[-46.3576648,-20.4968476],[-46.3577499,-20.4970047],[-46.3580011,-20.4970171],[-46.3583204,-20.4969716],[-46.3586094,-20.496955],[-46.3588533,-20.4969889],[-46.3590438,-20.4970161],[-46.3592177,-20.4969567],[-46.3594008,-20.4969416],[-46.3594299,-20.4967836],[-46.3593445,-20.4965978],[-46.3592817,-20.4963832],[-46.3592714,-20.4960749],[-46.3592578,-20.4957658],[-46.3593817,-20.4956597],[-46.3594885,-20.4956006],[-46.3597097,-20.495427],[-46.3598953,-20.4951952],[-46.3599623,-20.4950226],[-46.3599603,-20.4948003],[-46.359753,-20.4945939],[-46.3594775,-20.4944168],[-46.3591186,-20.4942834],[-46.3588131,-20.4941639],[-46.3586308,-20.4940242],[-46.358646,-20.4936675],[-46.3588141,-20.4934109],[-46.3590404,-20.4931797],[-46.359271,-20.4929188],[-46.359379,-20.4927396],[-46.3595369,-20.4925232],[-46.3596644,-20.4923143],[-46.3598136,-20.4919689],[-46.359728,-20.4917616],[-46.3594386,-20.4917352],[-46.359195,-20.4917299],[-46.3589744,-20.4917317],[-46.3587236,-20.4917766],[-46.3584574,-20.4917931],[-46.3582448,-20.4918449],[-46.3580014,-20.4918683],[-46.3576513,-20.4918639],[-46.357414,-20.4917008],[-46.3572979,-20.4914866],[-46.3572423,-20.4912217],[-46.3572173,-20.4909709],[-46.3571317,-20.4907565],[-46.357038,-20.4904919],[-46.3569055,-20.4901344],[-46.3566885,-20.4898308],[-46.3565964,-20.4896061],[-46.3564351,-20.4894353],[-46.3562443,-20.4893722],[-46.3560763,-20.4893018],[-46.3558019,-20.4892538],[-46.3554669,-20.4892349],[-46.3552374,-20.4891004],[-46.3550452,-20.4888796],[-46.3550436,-20.4887004],[-46.3550568,-20.4884708],[-46.3551612,-20.4882262],[-46.3553075,-20.4879845],[-46.3553457,-20.4878224],[-46.3553953,-20.4876278],[-46.3553895,-20.4873567],[-46.3554415,-20.48722],[-46.3556458,-20.4870822],[-46.3560312,-20.4867708],[-46.356334,-20.4865892],[-46.3565454,-20.4864011],[-46.3567533,-20.4862393],[-46.3569452,-20.4859964],[-46.3570041,-20.4857737],[-46.3568885,-20.4856096],[-46.3565153,-20.4855767],[-46.3562266,-20.4856291],[-46.3559757,-20.4856526],[-46.3557557,-20.4857332],[-46.355513,-20.4858212],[-46.3552771,-20.4858302],[-46.3550104,-20.485782],[-46.3547133,-20.4857485],[-46.3544543,-20.4857218],[-46.3542487,-20.4857091],[-46.3539675,-20.4857543],[-46.3536483,-20.4857998],[-46.3534536,-20.4857147],[-46.3535146,-20.485461],[-46.3536506,-20.4851975],[-46.3537241,-20.4848957],[-46.3537911,-20.4847303],[-46.3537578,-20.4844078],[-46.3537018,-20.4840927],[-46.3535695,-20.4837567],[-46.3534606,-20.4834922],[-46.3533437,-20.4831705],[-46.3532943,-20.4827478],[-46.3533755,-20.4824603],[-46.353465,-20.4822516],[-46.3536232,-20.4820711],[-46.3538236,-20.4819534],[-46.3540023,-20.4819176],[-46.3542079,-20.4819303],[-46.3544292,-20.4820003],[-46.3546814,-20.4821202],[-46.3548876,-20.4822047],[-46.3551395,-20.482296],[-46.3552961,-20.4823025],[-46.3554185,-20.4819998],[-46.3553785,-20.4817778],[-46.3552623,-20.4815492],[-46.3551664,-20.4813736],[-46.3550769,-20.481228],[-46.3550675,-20.4810273],[-46.3551722,-20.4808185],[-46.3553762,-20.4806717],[-46.3554487,-20.4804046],[-46.3554525,-20.480048],[-46.3554563,-20.4794738],[-46.3553952,-20.4791534],[-46.3553609,-20.4787834],[-46.3553609,-20.4785221],[-46.3554258,-20.4780147],[-46.3556203,-20.477761],[-46.355973,-20.4775494],[-46.3562545,-20.4775472],[-46.3565516,-20.4775879],[-46.3568729,-20.4777791],[-46.3570574,-20.4779856],[-46.3571767,-20.4782417],[-46.3572988,-20.4784935],[-46.3573713,-20.4786422],[-46.3574323,-20.4788044],[-46.3574285,-20.4789074],[-46.3574399,-20.4790657],[-46.3576039,-20.4795589],[-46.3576989,-20.4799813],[-46.3577863,-20.4803965],[-46.3578367,-20.4806202],[-46.3580427,-20.4806011],[-46.3581533,-20.480542],[-46.358281,-20.480407],[-46.3585011,-20.4803407],[-46.35876,-20.4803602],[-46.3589743,-20.4805019],[-46.3591432,-20.4806656],[-46.3593349,-20.4808362],[-46.3595336,-20.4809278],[-46.3597011,-20.4809409],[-46.359898,-20.4808317],[-46.3599493,-20.4806019],[-46.359955,-20.4803867],[-46.3598916,-20.4801004],[-46.3598514,-20.4798569],[-46.3597724,-20.4795276],[-46.3596709,-20.4792416],[-46.3596146,-20.4788906],[-46.3595277,-20.4785328],[-46.3595092,-20.47816],[-46.3595751,-20.4778655],[-46.3596411,-20.4775853],[-46.3596999,-20.4773482],[-46.3596812,-20.476954],[-46.3595947,-20.4766319],[-46.3595169,-20.4764461],[-46.3593712,-20.476311],[-46.3591945,-20.4761188],[-46.359041,-20.4759765],[-46.3589095,-20.4757338],[-46.3588164,-20.4755337],[-46.3586927,-20.4753052],[-46.358424,-20.4750348],[-46.3581712,-20.4748432],[-46.3578564,-20.4745301],[-46.3576415,-20.4743166],[-46.3573813,-20.4741466],[-46.3571462,-20.4739959],[-46.3571347,-20.4738548],[-46.3571347,-20.4736526],[-46.3571615,-20.4735248],[-46.3573217,-20.4734199],[-46.3575036,-20.4733496],[-46.3576633,-20.4733341],[-46.3580361,-20.4733311],[-46.3581885,-20.4733586],[-46.3583797,-20.4734647],[-46.3585259,-20.4736428],[-46.3586341,-20.4738356],[-46.3588265,-20.4740779],[-46.3591451,-20.474242],[-46.359414,-20.4742598],[-46.3595833,-20.4744807],[-46.359638,-20.4746381],[-46.359641,-20.474797],[-46.3597931,-20.4749739],[-46.359937,-20.4750973],[-46.3602425,-20.475224],[-46.3605249,-20.475315],[-46.3607851,-20.4754851],[-46.3609154,-20.4755916],[-46.3612439,-20.4757325],[-46.3615264,-20.475845],[-46.3618388,-20.4758856],[-46.3620528,-20.4759915],[-46.3623286,-20.4762044],[-46.3624517,-20.4763541],[-46.3626744,-20.476589],[-46.3628737,-20.4767523],[-46.3630272,-20.4769017],[-46.3632174,-20.4768931],[-46.3633532,-20.4767629],[-46.3634808,-20.4765683],[-46.3636844,-20.4763516],[-46.3639193,-20.4762422],[-46.3641253,-20.4763051],[-46.3642564,-20.4764977],[-46.3643958,-20.4767762],[-46.3644977,-20.4771053],[-46.3645838,-20.4773843],[-46.3647083,-20.4776917],[-46.3648159,-20.4778056],[-46.3650236,-20.4778411],[-46.3651725,-20.4776952],[-46.3652396,-20.4775297],[-46.3652906,-20.4772784],[-46.3652422,-20.4769704],[-46.3652698,-20.4766475],[-46.3653599,-20.4765105],[-46.3655201,-20.4765523],[-46.3656503,-20.4766445],[-46.3657737,-20.4768371],[-46.3660267,-20.4770431],[-46.3662414,-20.477235],[-46.3665327,-20.4774765],[-46.3667855,-20.477661],[-46.3670225,-20.4778335],[-46.3671977,-20.4778083],[-46.3673031,-20.4776784],[-46.3673936,-20.4775917],[-46.367361,-20.477341],[-46.3673289,-20.4771548],[-46.3671599,-20.4769752],[-46.3671713,-20.4767215],[-46.3671828,-20.4765956],[-46.3671782,-20.4764675],[-46.3673219,-20.476366],[-46.367557,-20.4762781],[-46.3678158,-20.4762904],[-46.3681428,-20.4762592],[-46.3684613,-20.4761419],[-46.3687121,-20.4760969],[-46.3690318,-20.4761087],[-46.36938,-20.4761169],[-46.3694411,-20.4759681],[-46.3694296,-20.4758403],[-46.3693846,-20.475561],[-46.3692298,-20.4752682],[-46.3690759,-20.4750829],[-46.3687853,-20.4749203],[-46.3685411,-20.4748362],[-46.3682437,-20.4747668],[-46.3679694,-20.4747259],[-46.3677634,-20.474663],[-46.3675192,-20.4745861],[-46.3672816,-20.4743943],[-46.3669653,-20.4742248],[-46.3668051,-20.4740512],[-46.3667708,-20.4738204],[-46.3667708,-20.4735801],[-46.3667708,-20.473315],[-46.3669081,-20.4730384],[-46.3670797,-20.4728457],[-46.3672857,-20.4726283],[-46.3674841,-20.4724452],[-46.3676291,-20.4723174],[-46.3677893,-20.4721591],[-46.3679609,-20.4720542],[-46.3681173,-20.4719302],[-46.368144,-20.4716555],[-46.3680944,-20.4713752],[-46.3680598,-20.47119],[-46.3678829,-20.4709762],[-46.3676154,-20.4708421],[-46.3673183,-20.4708086],[-46.367036,-20.4707176],[-46.3668288,-20.4705256],[-46.3666295,-20.470355],[-46.3665581,-20.4700329],[-46.3665402,-20.4697319],[-46.3665686,-20.4694945],[-46.3666181,-20.4692904],[-46.366679,-20.4690782],[-46.3668606,-20.4689621],[-46.3671123,-20.4690318],[-46.36738,-20.4691803],[-46.3676464,-20.4691853],[-46.3678895,-20.4691476],[-46.3681022,-20.4691029],[-46.3683757,-20.4690577],[-46.3685881,-20.4689843],[-46.3688242,-20.469004],[-46.3690005,-20.4691532],[-46.3691544,-20.4693456],[-46.3692007,-20.4695632],[-46.3692122,-20.4697711],[-46.3692236,-20.4700343],[-46.3692961,-20.4703128],[-46.3693915,-20.4704387],[-46.3695306,-20.4705075],[-46.3697724,-20.4703877],[-46.3699008,-20.4702863],[-46.3700747,-20.4701558],[-46.3702933,-20.4699246],[-46.3705658,-20.4697647],[-46.3708775,-20.4697264],[-46.3712047,-20.469731],[-46.3714946,-20.4698147],[-46.3717317,-20.4699491],[-46.3718771,-20.4700412],[-46.3721228,-20.4702974],[-46.3722629,-20.4706477],[-46.3723192,-20.4709843],[-46.3724065,-20.4713923],[-46.3725157,-20.4716555],[-46.3727103,-20.4717948],[-46.3730041,-20.4718465],[-46.3731935,-20.4717518],[-46.3733597,-20.4716214],[-46.3734183,-20.4713628],[-46.3734235,-20.4710903],[-46.373374,-20.4708087],[-46.3733244,-20.4706027],[-46.3732787,-20.4703948],[-46.3732291,-20.4702689],[-46.3732062,-20.4701068],[-46.3732291,-20.469979],[-46.3732787,-20.4697711],[-46.3734007,-20.469567],[-46.3735724,-20.4693705],[-46.3736966,-20.4689254],[-46.3737629,-20.4687163],[-46.3737197,-20.4684634],[-46.3737867,-20.4682979],[-46.3739222,-20.4681319],[-46.374043,-20.4680306],[-46.3742557,-20.4679859],[-46.37456,-20.4679835],[-46.3748793,-20.4679451],[-46.3751306,-20.4679646],[-46.3753284,-20.467963],[-46.375588,-20.4680614],[-46.3758101,-20.4682245],[-46.3759566,-20.4684385],[-46.3761342,-20.4687311],[-46.3761972,-20.4689744],[-46.3763529,-20.4693604],[-46.3764335,-20.4697138],[-46.3765059,-20.4699904],[-46.3765899,-20.4702651],[-46.3767234,-20.4704539],[-46.3770286,-20.4706809],[-46.3772956,-20.4706828],[-46.3773452,-20.4705435],[-46.3773452,-20.4703261],[-46.3772573,-20.470099],[-46.3772249,-20.469877],[-46.3771921,-20.4696119],[-46.3772353,-20.4693391],[-46.3771565,-20.4690314],[-46.3769751,-20.4686705],[-46.3769027,-20.4682871],[-46.3769294,-20.4681155],[-46.3769294,-20.4679438],[-46.3769065,-20.4678046],[-46.3769524,-20.4674769],[-46.3768805,-20.4670974],[-46.3768018,-20.4667969],[-46.3766626,-20.4665541],[-46.3766527,-20.4662889],[-46.3767798,-20.4660369],[-46.37703,-20.4659345],[-46.377267,-20.4660689],[-46.3774509,-20.4662109],[-46.3777807,-20.4665023],[-46.3781398,-20.4666715],[-46.3784588,-20.4666044],[-46.3786629,-20.4664522],[-46.3789208,-20.4663641],[-46.3791121,-20.4664774],[-46.3791382,-20.4668429],[-46.379016,-20.4671923],[-46.3789893,-20.4674593],[-46.3790922,-20.4676607],[-46.379209,-20.467961],[-46.3793337,-20.4682898],[-46.3794199,-20.4685688],[-46.379528,-20.4687472],[-46.3797491,-20.4687957],[-46.3799994,-20.4687076],[-46.3802413,-20.4685265],[-46.3804536,-20.4684387],[-46.3806962,-20.4683436],[-46.3809624,-20.4683271],[-46.3811598,-20.4682825],[-46.3813942,-20.4681086],[-46.3815748,-20.467892],[-46.3817721,-20.4678259],[-46.3820513,-20.4675655],[-46.382228,-20.4673659],[-46.3823054,-20.4670472],[-46.3821593,-20.4665705],[-46.3820869,-20.4663054],[-46.3820907,-20.4659621],[-46.3821179,-20.4656503],[-46.3822823,-20.4653192],[-46.3824394,-20.4650167],[-46.3825514,-20.4647864],[-46.3826331,-20.4645634],[-46.3828292,-20.4643683],[-46.3831176,-20.4642799],[-46.3833391,-20.4643714],[-46.3834779,-20.4645854],[-46.3835556,-20.4649645],[-46.3835757,-20.4653089],[-46.3835865,-20.4656602],[-46.3837577,-20.4657713],[-46.3839218,-20.4657149],[-46.3841959,-20.4657342],[-46.3843646,-20.4658835],[-46.3844424,-20.4660764],[-46.3844024,-20.4662901],[-46.3844024,-20.4664084],[-46.3845082,-20.4666209],[-46.3846246,-20.466871],[-46.3845436,-20.46718],[-46.3845007,-20.4674887],[-46.3845032,-20.4677611],[-46.3843636,-20.4680489],[-46.3841621,-20.4681994],[-46.3839561,-20.468373],[-46.3838367,-20.4685107],[-46.3838576,-20.4687415],[-46.3840495,-20.4689336],[-46.3843299,-20.469073],[-46.3845626,-20.4690768],[-46.384835,-20.469121],[-46.3849479,-20.4693857],[-46.3848546,-20.4696156],[-46.3847422,-20.4698101],[-46.3846542,-20.4700877],[-46.3844884,-20.4703571],[-46.3843839,-20.4705802],[-46.3843223,-20.4709116],[-46.384246,-20.4712836],[-46.3841125,-20.4715239],[-46.3840019,-20.4718462],[-46.3839141,-20.4720713],[-46.3838417,-20.4723479],[-46.3835409,-20.4724657],[-46.3832741,-20.4724105],[-46.383068,-20.4723333],[-46.3828626,-20.4723421],[-46.3827353,-20.4725725],[-46.3827684,-20.4728735],[-46.3828168,-20.4731742],[-46.3827507,-20.4735095],[-46.3825017,-20.4736787],[-46.382266,-20.4736949],[-46.3819841,-20.4736542],[-46.3817485,-20.4736919],[-46.3815214,-20.4738228],[-46.3814087,-20.4739886],[-46.3812498,-20.4740831],[-46.3811408,-20.4742629],[-46.3812911,-20.4744485],[-46.3814824,-20.4745617],[-46.381734,-20.4746242],[-46.3820778,-20.4747721],[-46.3823081,-20.4749997],[-46.3823425,-20.4752547],[-46.3821536,-20.475589],[-46.3821105,-20.4758761],[-46.3820977,-20.4761416],[-46.3819011,-20.4762865],[-46.3815983,-20.476461],[-46.3813261,-20.4766568],[-46.381267,-20.4768509],[-46.3813295,-20.4770369],[-46.3815567,-20.4771354],[-46.3816749,-20.4772975],[-46.3816749,-20.4774024],[-46.3816024,-20.4776198],[-46.3814193,-20.4777572],[-46.3812858,-20.4778029],[-46.3811027,-20.4779612],[-46.3810803,-20.4781001],[-46.3812642,-20.4782421],[-46.3814561,-20.478427],[-46.3816628,-20.4785688],[-46.3817873,-20.478869],[-46.3818056,-20.4792202],[-46.3818459,-20.4794709],[-46.382158,-20.4794755],[-46.3823628,-20.4794022],[-46.3825589,-20.479207],[-46.3826476,-20.4789195],[-46.3827295,-20.4787181],[-46.3828308,-20.478337],[-46.3828651,-20.4781196],[-46.3829185,-20.4778659],[-46.3829414,-20.4776351],[-46.3829681,-20.4773738],[-46.3830291,-20.4771888],[-46.3831283,-20.4769923],[-46.3832389,-20.4767749],[-46.383361,-20.4765937],[-46.383506,-20.4764067],[-46.3836548,-20.4760997],[-46.3838078,-20.47592],[-46.383928,-20.4757469],[-46.3840785,-20.4755521],[-46.3842735,-20.4752422],[-46.3844538,-20.4749826],[-46.3847686,-20.4746081],[-46.3848907,-20.4744937],[-46.3850509,-20.4743086],[-46.3852569,-20.4741618],[-46.3853332,-20.4740893],[-46.3855392,-20.4739882],[-46.3857825,-20.4738032],[-46.3860402,-20.4736864],[-46.3863895,-20.4736119],[-46.3866858,-20.4735593],[-46.386884,-20.4735936],[-46.3870979,-20.4736851],[-46.387297,-20.4738341],[-46.3874966,-20.4740261],[-46.3878789,-20.4742239],[-46.3882057,-20.4743105],[-46.3884003,-20.4742171],[-46.3885459,-20.4739972],[-46.3885219,-20.4738028],[-46.3884766,-20.4736163],[-46.3883697,-20.4732748],[-46.3882858,-20.4729277],[-46.3882858,-20.4726282],[-46.3882858,-20.4721686],[-46.3883216,-20.4718396],[-46.3885837,-20.4713714],[-46.3888389,-20.4712282],[-46.3889725,-20.4711234],[-46.389182,-20.4710511],[-46.3894405,-20.4710347],[-46.3897603,-20.4710608],[-46.3900572,-20.4710728],[-46.390316,-20.4710851],[-46.3905825,-20.4711044],[-46.3908583,-20.471303],[-46.3911044,-20.4715951],[-46.3913223,-20.4719359],[-46.3914177,-20.4720293],[-46.3916008,-20.4722372],[-46.3917572,-20.4723975],[-46.3919632,-20.4725501],[-46.3922787,-20.4727115],[-46.3925354,-20.4729201],[-46.39273,-20.4729732],[-46.3929181,-20.4727422],[-46.3929846,-20.4725122],[-46.3930591,-20.4723395],[-46.3932221,-20.4721152],[-46.3935066,-20.4721853],[-46.393753,-20.472506],[-46.3940368,-20.4727548],[-46.3942521,-20.472901],[-46.3944123,-20.4728094],[-46.3944733,-20.4726607],[-46.3945458,-20.472489],[-46.3946068,-20.4722487],[-46.3946221,-20.4719588],[-46.3946717,-20.4717737],[-46.3947698,-20.4713434],[-46.394951,-20.4711842],[-46.3951787,-20.471125],[-46.3953757,-20.4710302],[-46.3955959,-20.4709782],[-46.3958428,-20.4709879],[-46.3961251,-20.4707819],[-46.3963692,-20.4707247],[-46.3964646,-20.4706789],[-46.3967482,-20.4705028],[-46.3970669,-20.4704071],[-46.3973916,-20.4704062],[-46.3975747,-20.4703947],[-46.3978417,-20.4704424],[-46.3980362,-20.4706484],[-46.3981965,-20.4708563],[-46.3983414,-20.4710299],[-46.3985967,-20.4712839],[-46.3987916,-20.4711805],[-46.398803,-20.4710088],[-46.3988908,-20.470822],[-46.3990739,-20.4707667],[-46.3992539,-20.4707552],[-46.3994363,-20.4709765],[-46.3996005,-20.4712113],[-46.3999662,-20.4712657],[-46.4001077,-20.4710928],[-46.4001077,-20.4709078],[-46.4000848,-20.4707132],[-46.4000352,-20.470471],[-46.3999512,-20.4701944],[-46.3999512,-20.4700228],[-46.3999551,-20.4698015],[-46.3999894,-20.4696432],[-46.4000161,-20.4693781],[-46.4000657,-20.4691835],[-46.4001382,-20.4690004],[-46.4001763,-20.4688975],[-46.4002374,-20.4687792],[-46.4004036,-20.4686989],[-46.4007413,-20.468635],[-46.4009616,-20.4685902],[-46.4012344,-20.4684661],[-46.401454,-20.4683567],[-46.4016727,-20.4681398],[-46.4019377,-20.4679871],[-46.4021433,-20.468007],[-46.4023271,-20.4681346],[-46.4025043,-20.4683769],[-46.4026131,-20.468627],[-46.4027825,-20.468848],[-46.4030583,-20.4690537],[-46.4033311,-20.4691835],[-46.4035771,-20.4692073],[-46.4036672,-20.4690703],[-46.4036495,-20.4687979],[-46.4035256,-20.4685274],[-46.4035142,-20.4682737],[-46.4034681,-20.4680967],[-46.4035657,-20.4679525],[-46.4036935,-20.4677793],[-46.4039283,-20.4676627],[-46.4042091,-20.4675815],[-46.4044827,-20.4675435],[-46.4047795,-20.4675483],[-46.405039,-20.4676394],[-46.4053601,-20.4678089],[-46.4057344,-20.4680296],[-46.405987,-20.4681265],[-46.4061385,-20.4680536],[-46.4062074,-20.4678827],[-46.4062837,-20.4676729],[-46.4063447,-20.4674421],[-46.4064439,-20.4672247],[-46.4064792,-20.4670325],[-46.4065537,-20.4668598],[-46.4069101,-20.4667279],[-46.4072824,-20.4666675],[-46.4075562,-20.4666509],[-46.4080156,-20.4665399],[-46.4084199,-20.4664045],[-46.4087778,-20.4662753],[-46.409219,-20.4662574],[-46.4095092,-20.466377],[-46.4097547,-20.4665973],[-46.4099543,-20.4667893],[-46.410193,-20.4670957],[-46.4103715,-20.4674815],[-46.4104609,-20.4677779],[-46.4107419,-20.468045],[-46.4108118,-20.4682737],[-46.4108292,-20.4684386],[-46.4110215,-20.4686665],[-46.4112009,-20.4686456],[-46.4113925,-20.4684699],[-46.4116357,-20.4684321],[-46.4118415,-20.4684734],[-46.4120482,-20.468608],[-46.4123004,-20.468735],[-46.4124745,-20.4686435],[-46.412517,-20.4684187],[-46.4125321,-20.4682742],[-46.4126226,-20.4681803],[-46.4127992,-20.4680639],[-46.4128857,-20.4678339],[-46.4127628,-20.4677059],[-46.412542,-20.4676933],[-46.4122829,-20.4676452],[-46.4119785,-20.4676477],[-46.4117269,-20.4675924],[-46.4115435,-20.4675078],[-46.4113969,-20.4672795],[-46.411273,-20.4670439],[-46.4111411,-20.4667653],[-46.4108712,-20.4663731],[-46.4106539,-20.4659159],[-46.4105409,-20.4655614],[-46.4107126,-20.4652391],[-46.4109453,-20.4649969],[-46.4111055,-20.4648023],[-46.4112949,-20.4644479],[-46.4111551,-20.4642511],[-46.4110368,-20.4640756],[-46.4109148,-20.4639402],[-46.4107813,-20.4638105],[-46.4105753,-20.4636407],[-46.4104646,-20.4635473],[-46.410379,-20.4633008],[-46.4103389,-20.4630788],[-46.4103358,-20.4627346],[-46.4103943,-20.4624832],[-46.4106068,-20.4624241],[-46.4108959,-20.4624146],[-46.4111234,-20.4623339],[-46.4112897,-20.4622106],[-46.4114249,-20.4620159],[-46.4115061,-20.4617448],[-46.4115327,-20.4615731],[-46.4114718,-20.4613199],[-46.4116067,-20.4611037],[-46.4116801,-20.4608091],[-46.4116101,-20.4606376],[-46.4113894,-20.4606394],[-46.4111542,-20.460713],[-46.4109106,-20.4606935],[-46.4107045,-20.4606163],[-46.4105059,-20.460539],[-46.4102689,-20.4604118],[-46.4100325,-20.4603564],[-46.4097661,-20.4603442],[-46.4094928,-20.460411],[-46.4093344,-20.4605628],[-46.4093904,-20.4608635],[-46.4094684,-20.4610709],[-46.4095622,-20.4613426],[-46.4095043,-20.4616729],[-46.4093507,-20.4619661],[-46.4092668,-20.4621072],[-46.4090951,-20.4622655],[-46.4090188,-20.4624028],[-46.4088853,-20.4625516],[-46.4087633,-20.462771],[-46.4086145,-20.4629522],[-46.4085039,-20.4631029],[-46.4082864,-20.4633661],[-46.4080881,-20.4636426],[-46.4079545,-20.4638467],[-46.4078439,-20.4640203],[-46.4076022,-20.464191],[-46.4074053,-20.4642858],[-46.4072008,-20.464395],[-46.407057,-20.464475],[-46.4067379,-20.4645278],[-46.406365,-20.4645237],[-46.4061387,-20.464417],[-46.4057725,-20.4642091],[-46.4055152,-20.4639425],[-46.4052403,-20.4638444],[-46.4049714,-20.4639535],[-46.4047718,-20.4641924],[-46.4046754,-20.4644728],[-46.4046476,-20.4647599],[-46.404566,-20.4649972],[-46.4043998,-20.4651276],[-46.4041638,-20.4651151],[-46.4039796,-20.4649416],[-46.4039778,-20.4647438],[-46.4038921,-20.464515],[-46.4037682,-20.4642793],[-46.4036301,-20.4641585],[-46.4034455,-20.4641557],[-46.4032433,-20.4642979],[-46.4029778,-20.4643789],[-46.4028105,-20.4643946],[-46.4026428,-20.4643601],[-46.4024142,-20.4643189],[-46.4020781,-20.4641854],[-46.4018174,-20.4639652],[-46.4016938,-20.4637583],[-46.4016759,-20.4634572],[-46.4016198,-20.4631493],[-46.4015724,-20.4629561],[-46.4014108,-20.4627494],[-46.4012358,-20.4627509],[-46.401027,-20.4629408],[-46.4009316,-20.4630323],[-46.400882,-20.4631506],[-46.4007447,-20.4633413],[-46.4006608,-20.4634462],[-46.4005616,-20.4636179],[-46.4004851,-20.4638827],[-46.4003957,-20.4640842],[-46.4001229,-20.4641825],[-46.3999014,-20.4641241],[-46.3996641,-20.4639611],[-46.3994494,-20.4637835],[-46.3992427,-20.4636418],[-46.3990216,-20.4635862],[-46.3987314,-20.4634738],[-46.3984869,-20.463361],[-46.3982274,-20.463277],[-46.3979679,-20.4631859],[-46.3977845,-20.4631013],[-46.3975861,-20.4630312],[-46.3973953,-20.4629754],[-46.3972351,-20.4629265],[-46.3971151,-20.4631139],[-46.3970559,-20.4633756],[-46.3970737,-20.4635875],[-46.3970299,-20.4637886],[-46.3969553,-20.4639613],[-46.3967315,-20.4641197],[-46.3965294,-20.4642835],[-46.3963586,-20.4644394],[-46.3962465,-20.4646698],[-46.3962944,-20.4649204],[-46.3963879,-20.4651634],[-46.3965275,-20.4654563],[-46.3965078,-20.4657935],[-46.3964338,-20.4660236],[-46.3963224,-20.4663328],[-46.3961187,-20.4665209],[-46.395823,-20.466638],[-46.3954882,-20.4666407],[-46.395244,-20.4665566],[-46.3949959,-20.4664999],[-46.3948014,-20.4664293],[-46.3946068,-20.4663492],[-46.3944847,-20.466292],[-46.3942673,-20.4660726],[-46.3941338,-20.4659105],[-46.3940995,-20.4656893],[-46.394149,-20.465531],[-46.3942101,-20.4653593],[-46.3942711,-20.4652086],[-46.3944084,-20.4649912],[-46.3945763,-20.4647814],[-46.3946755,-20.4645868],[-46.3947518,-20.464438],[-46.3947632,-20.4643007],[-46.3947632,-20.4639898],[-46.39492,-20.4635402],[-46.3948421,-20.4633401],[-46.3946664,-20.4632626],[-46.3944504,-20.4633242],[-46.3942902,-20.4633203],[-46.3941452,-20.4633089],[-46.3939621,-20.4632879],[-46.393779,-20.4632383],[-46.3936606,-20.4631058],[-46.3934989,-20.4628991],[-46.3932604,-20.462607],[-46.3929926,-20.462437],[-46.3927331,-20.4623531],[-46.3923911,-20.4623917],[-46.3920806,-20.4625591],[-46.3918007,-20.4627406],[-46.3915208,-20.4629149],[-46.3911959,-20.4631685],[-46.3908772,-20.4632643],[-46.3905421,-20.4632311],[-46.3903357,-20.4631252],[-46.3900143,-20.462927],[-46.3896383,-20.4625786],[-46.3894916,-20.462336],[-46.3892906,-20.4619862],[-46.3890583,-20.4615363],[-46.388766,-20.4611801],[-46.3885041,-20.4608236],[-46.3882725,-20.4604598],[-46.3881631,-20.4601308],[-46.3881294,-20.459828],[-46.3883491,-20.4596704],[-46.3885844,-20.4596039],[-46.3888355,-20.4596091],[-46.3890568,-20.459679],[-46.389339,-20.4597557],[-46.3895916,-20.4599186],[-46.3898973,-20.4600667],[-46.3901884,-20.4602867],[-46.3904565,-20.4604853],[-46.3907705,-20.4607195],[-46.3911301,-20.4609317],[-46.391535,-20.4611149],[-46.3919238,-20.461205],[-46.3923417,-20.4611371],[-46.3926449,-20.4610056],[-46.3929493,-20.4610104],[-46.3932851,-20.4611224],[-46.3936531,-20.4612394],[-46.393985,-20.4612642],[-46.3941795,-20.4612165],[-46.3943728,-20.461085],[-46.3943407,-20.4608988],[-46.3943084,-20.4606983],[-46.3941998,-20.4604625],[-46.3940531,-20.4602342],[-46.3938607,-20.4599848],[-46.3936681,-20.459721],[-46.393529,-20.4594855],[-46.3933217,-20.4592792],[-46.3931448,-20.4590655],[-46.3929977,-20.458787],[-46.3929092,-20.4585577],[-46.3929359,-20.4584528],[-46.3929474,-20.4583135],[-46.3930224,-20.4581558],[-46.39325,-20.4580822],[-46.3934628,-20.4580519],[-46.3936529,-20.458036],[-46.3939041,-20.4580555],[-46.394397,-20.4580446],[-46.3945574,-20.4579355],[-46.3945853,-20.4576556],[-46.394561,-20.4574018],[-46.3945426,-20.4571397],[-46.3947013,-20.4570165],[-46.3948989,-20.4569934],[-46.3951657,-20.4570558],[-46.3954938,-20.4571535],[-46.3957536,-20.4572734],[-46.3959971,-20.4572786],[-46.3960489,-20.4571204],[-46.3960089,-20.4568984],[-46.3958691,-20.4565912],[-46.3956694,-20.4563777],[-46.3954696,-20.4561642],[-46.3952409,-20.4561158],[-46.3949671,-20.4561252],[-46.3947081,-20.4560914],[-46.3945928,-20.4559561],[-46.3944164,-20.4557997],[-46.3940962,-20.4557306],[-46.3938972,-20.4557977],[-46.3937256,-20.4557996],[-46.3935024,-20.4556995],[-46.3932803,-20.4555363],[-46.3930885,-20.4553586],[-46.3929579,-20.4552162],[-46.392766,-20.4550313],[-46.3925448,-20.4549685],[-46.3923091,-20.4549848],[-46.392013,-20.4550589],[-46.391656,-20.4551191],[-46.3913429,-20.4549997],[-46.3910901,-20.4548081],[-46.3908064,-20.4545594],[-46.3905456,-20.4543248],[-46.3900785,-20.4539987],[-46.3896732,-20.4537725],[-46.3892988,-20.4535962],[-46.3890009,-20.4534551],[-46.388611,-20.4532575],[-46.3883048,-20.453034],[-46.3880216,-20.4528606],[-46.3877614,-20.4526834],[-46.3875037,-20.452458],[-46.3871528,-20.4522787],[-46.386859,-20.4520956],[-46.3866879,-20.4519415],[-46.3865118,-20.4516392],[-46.3864185,-20.4514105],[-46.3863517,-20.4511743],[-46.3864242,-20.4510923],[-46.3864983,-20.4509796],[-46.3866272,-20.4509284],[-46.3868097,-20.4509198],[-46.3870078,-20.4509541],[-46.3872829,-20.4510809],[-46.3874929,-20.4511479],[-46.3877448,-20.4512319],[-46.3879583,-20.4512876],[-46.3881871,-20.4513431],[-46.3883932,-20.4514275],[-46.3885698,-20.4515982],[-46.3887459,-20.4517259],[-46.3888809,-20.4518037],[-46.3891034,-20.4517159],[-46.3892855,-20.451657],[-46.3894983,-20.4516338],[-46.3896972,-20.4517484],[-46.3898918,-20.4519449],[-46.3901784,-20.4519582],[-46.3904518,-20.4519059],[-46.3907253,-20.4518607],[-46.3910837,-20.451951],[-46.391291,-20.4521573],[-46.3914678,-20.4523639],[-46.3915913,-20.4525636],[-46.3917074,-20.4527778],[-46.3918846,-20.4530274],[-46.3921151,-20.4532765],[-46.3923278,-20.4532318],[-46.3925701,-20.453108],[-46.3928501,-20.4529408],[-46.3931225,-20.4527737],[-46.3933503,-20.4527217],[-46.3935865,-20.4527628],[-46.3937559,-20.4529837],[-46.3939332,-20.4532405],[-46.3940949,-20.4534543],[-46.3943008,-20.45351],[-46.3945056,-20.4534367],[-46.3947253,-20.4533273],[-46.3950595,-20.4532673],[-46.3952951,-20.4532367],[-46.3955996,-20.453263],[-46.3959125,-20.453368],[-46.3962556,-20.4534441],[-46.396614,-20.4535345],[-46.396896,-20.4535896],[-46.3971164,-20.4535591],[-46.3971143,-20.4533297],[-46.3970434,-20.4530649],[-46.3969274,-20.4528579],[-46.3967354,-20.4526582],[-46.3966656,-20.4525086],[-46.3966333,-20.4523009],[-46.3967746,-20.4519413],[-46.3968811,-20.4516217],[-46.3968994,-20.4513612],[-46.3969605,-20.4511895],[-46.397094,-20.451016],[-46.3973,-20.4510141],[-46.3975098,-20.4510484],[-46.3976547,-20.451098],[-46.3978836,-20.4513631],[-46.3980553,-20.4515004],[-46.3982002,-20.4515004],[-46.3982842,-20.4514451],[-46.398349,-20.4512277],[-46.3984101,-20.4509511],[-46.3985207,-20.4508462],[-46.3987038,-20.4506879],[-46.3988373,-20.4506269],[-46.3989708,-20.4505277],[-46.3991185,-20.4503161],[-46.3989953,-20.4501594],[-46.3987419,-20.4501348],[-46.3985588,-20.4500432],[-46.3983151,-20.4498206],[-46.3981686,-20.4495995],[-46.3981282,-20.4493417],[-46.3980803,-20.4490911],[-46.3980326,-20.4488692],[-46.3979332,-20.4484162],[-46.3979127,-20.4482319],[-46.3979724,-20.4480952],[-46.3981683,-20.4478857],[-46.3985171,-20.447761],[-46.3989498,-20.4476499],[-46.3992913,-20.447554],[-46.3994591,-20.447411],[-46.3994937,-20.4472225],[-46.3993637,-20.447041],[-46.3993228,-20.4468366],[-46.3995106,-20.4465698],[-46.3995315,-20.4463617],[-46.3993632,-20.4462554],[-46.3990285,-20.4462653],[-46.3988008,-20.4463173],[-46.3984961,-20.4462839],[-46.3981989,-20.446229],[-46.39804,-20.4461446],[-46.3980286,-20.4458642],[-46.3981004,-20.4454338],[-46.3979621,-20.4452771],[-46.3976642,-20.4451504],[-46.3973833,-20.4452101],[-46.3971561,-20.4453338],[-46.3969379,-20.4455937],[-46.3967503,-20.445882],[-46.3964849,-20.4459846],[-46.3963109,-20.4460864],[-46.3961449,-20.4462455],[-46.3960324,-20.4464256],[-46.3959508,-20.4466557],[-46.3958385,-20.4468574],[-46.3957412,-20.4470375],[-46.3955642,-20.4471803],[-46.3952209,-20.4471097],[-46.3950645,-20.4469571],[-46.395,-20.4466777],[-46.3949067,-20.4464562],[-46.3947052,-20.4461679],[-46.3944648,-20.4459848],[-46.3941633,-20.4458598],[-46.3936829,-20.4457274],[-46.3932555,-20.4455802],[-46.3929572,-20.4454105],[-46.3928105,-20.4451679],[-46.3927701,-20.44491],[-46.3928939,-20.4445367],[-46.3931152,-20.4443536],[-46.3933326,-20.4442754],[-46.3936378,-20.4442411],[-46.3939087,-20.4442201],[-46.3942367,-20.4441953],[-46.3944084,-20.4441399],[-46.3946558,-20.4439484],[-46.394715,-20.4437543],[-46.3946514,-20.4434608],[-46.3944438,-20.4432186],[-46.3943123,-20.4429759],[-46.3941428,-20.4427406],[-46.3939737,-20.442567],[-46.3939506,-20.44245],[-46.3940384,-20.4421319],[-46.3943419,-20.4420434],[-46.3946608,-20.4419692],[-46.3950333,-20.4419375],[-46.3954898,-20.441941],[-46.395847,-20.4418951],[-46.3961044,-20.441764],[-46.3963523,-20.4414106],[-46.396537,-20.4411683],[-46.3965584,-20.4406488],[-46.3964189,-20.4403631],[-46.3962421,-20.4401637],[-46.3960522,-20.4401868],[-46.3958631,-20.4403102],[-46.3956863,-20.4404664],[-46.3955185,-20.4406132],[-46.3953844,-20.4408364],[-46.3950531,-20.4409241],[-46.3948814,-20.4409699],[-46.3946983,-20.4409661],[-46.3944084,-20.4409642],[-46.3940917,-20.440968],[-46.3938591,-20.4409775],[-46.3936378,-20.4410424],[-46.3932068,-20.4410271],[-46.3929704,-20.4409644],[-46.3926501,-20.4408809],[-46.3923829,-20.4407755],[-46.3921458,-20.440634],[-46.3920213,-20.4403195],[-46.3918741,-20.4400266],[-46.3917275,-20.4398055],[-46.3916007,-20.4396367],[-46.3916122,-20.4394955],[-46.3917342,-20.4392781],[-46.3921247,-20.4391354],[-46.3925277,-20.4391107],[-46.3928162,-20.4390439],[-46.3932601,-20.4388909],[-46.3935965,-20.4386791],[-46.3939222,-20.4385187],[-46.3943168,-20.4384151],[-46.3946885,-20.4383838],[-46.3950987,-20.4382224],[-46.3951885,-20.4380568],[-46.3951034,-20.4379069],[-46.394927,-20.4377434],[-46.3948043,-20.4376368],[-46.3946279,-20.4374733],[-46.3943473,-20.4374012],[-46.394168,-20.4373745],[-46.3938476,-20.4373784],[-46.3935806,-20.4373974],[-46.3932428,-20.4374198],[-46.3928857,-20.4374657],[-46.3925435,-20.4374828],[-46.3923232,-20.4373628],[-46.3921757,-20.4371989],[-46.3920823,-20.4369558],[-46.3920565,-20.4366262],[-46.3921148,-20.436346],[-46.3921882,-20.4360585],[-46.3923827,-20.4358086],[-46.3926536,-20.4355454],[-46.3929321,-20.4353165],[-46.3932143,-20.4352097],[-46.393447,-20.4349598],[-46.393735,-20.4346336],[-46.3936344,-20.4344479],[-46.3932533,-20.4343649],[-46.3928956,-20.4343463],[-46.3925991,-20.4343702],[-46.392166,-20.434431],[-46.3918011,-20.4344554],[-46.3914955,-20.4343073],[-46.3912579,-20.4341084],[-46.3909358,-20.4338241],[-46.3907221,-20.4337469],[-46.3904794,-20.4338349],[-46.3904288,-20.4341222],[-46.3904552,-20.4345235],[-46.3903963,-20.4347463],[-46.3901628,-20.4350063],[-46.3899354,-20.4350942],[-46.3896482,-20.4352973],[-46.3897045,-20.435641],[-46.3897217,-20.4358632],[-46.3897484,-20.4362932],[-46.38964,-20.4365811],[-46.3895064,-20.4367089],[-46.3893195,-20.4369721],[-46.3891364,-20.4370942],[-46.3889304,-20.437201],[-46.3884421,-20.4374852],[-46.388198,-20.4375405],[-46.3879788,-20.437469],[-46.3878029,-20.4373701],[-46.3876871,-20.4371845],[-46.3875712,-20.4369775],[-46.3872658,-20.436858],[-46.3870917,-20.4369168],[-46.3868972,-20.4368233],[-46.3868857,-20.4366745],[-46.3869124,-20.436562],[-46.387023,-20.4364571],[-46.3871947,-20.436356],[-46.3873893,-20.436192],[-46.3877173,-20.435986],[-46.3878661,-20.4358048],[-46.3878775,-20.4355378],[-46.3878547,-20.4351715],[-46.3877936,-20.4349427],[-46.3877698,-20.4345235],[-46.3876741,-20.4340366],[-46.3874758,-20.4339808],[-46.387264,-20.4341187],[-46.3870688,-20.4343285],[-46.3869638,-20.4345729],[-46.3867676,-20.4347537],[-46.3865104,-20.4349136],[-46.3861224,-20.4349095],[-46.3858866,-20.4349113],[-46.3855981,-20.4349782],[-46.385317,-20.4350163],[-46.3850589,-20.4350829],[-46.384778,-20.4351425],[-46.3845113,-20.4350944],[-46.3842046,-20.4348243],[-46.3840205,-20.4346609],[-46.3838741,-20.4344541],[-46.3837424,-20.4342599],[-46.3838319,-20.4339883],[-46.3841561,-20.4337948],[-46.3844331,-20.4335137],[-46.3846619,-20.4332288],[-46.3847203,-20.4329486],[-46.3846578,-20.4327627],[-46.3843837,-20.4327362],[-46.3840332,-20.4326816],[-46.3837385,-20.4325489],[-46.3836189,-20.4322833],[-46.3835568,-20.4321476],[-46.383434,-20.4320266],[-46.3832511,-20.4319922],[-46.3830235,-20.4320657],[-46.3827391,-20.4322667],[-46.3825712,-20.4324173],[-46.3823118,-20.4325184],[-46.3820538,-20.4325109],[-46.3817647,-20.432506],[-46.3813762,-20.4324517],[-46.3809953,-20.4323974],[-46.3806307,-20.4324505],[-46.3803121,-20.4325534],[-46.3801336,-20.4328122],[-46.380023,-20.4329705],[-46.379945,-20.4331945],[-46.379749,-20.4333968],[-46.3794966,-20.4335446],[-46.3792524,-20.4336362],[-46.3789472,-20.4336705],[-46.3787909,-20.433785],[-46.3788413,-20.4339777],[-46.378949,-20.4341059],[-46.3790869,-20.4342124],[-46.3792175,-20.4343548],[-46.3793947,-20.4346115],[-46.3794418,-20.4347761],[-46.379436,-20.4349698],[-46.3793005,-20.4351358],[-46.3790578,-20.4352166],[-46.3789763,-20.4354682],[-46.3789861,-20.4357119],[-46.3791476,-20.4359043],[-46.3793779,-20.4361391],[-46.3796233,-20.4363523],[-46.3798917,-20.4366011],[-46.3801369,-20.4367928],[-46.3803292,-20.4370279],[-46.3805217,-20.4372917],[-46.3806614,-20.437599],[-46.3806108,-20.4379005],[-46.3805288,-20.4380876],[-46.3802782,-20.4381326],[-46.3800039,-20.4380846],[-46.3797564,-20.4379465],[-46.379506,-20.4377013],[-46.3793135,-20.4374519],[-46.3791447,-20.4372811],[-46.3789453,-20.4371034],[-46.3785555,-20.4368986],[-46.3783186,-20.4367785],[-46.3779527,-20.4367025],[-46.3775794,-20.436641],[-46.3771831,-20.436558],[-46.3768703,-20.4364601],[-46.3765745,-20.4362588],[-46.3762123,-20.4360422],[-46.3759603,-20.4359367],[-46.3757305,-20.4357592],[-46.3754102,-20.4356685],[-46.3751363,-20.4356635],[-46.3749085,-20.4357155],[-46.3747968,-20.4359212],[-46.3747739,-20.4361291],[-46.3748693,-20.4363599],[-46.3749532,-20.4365754],[-46.3750639,-20.4367509],[-46.3751707,-20.4368768],[-46.3752699,-20.4370599],[-46.3753538,-20.4371991],[-46.3756476,-20.4375526],[-46.3757867,-20.4378025],[-46.3759183,-20.4380596],[-46.3759435,-20.4383247],[-46.3758919,-20.4385116],[-46.3755659,-20.4386361],[-46.3752623,-20.4387102],[-46.3750116,-20.4387552],[-46.3747992,-20.4388286],[-46.3745947,-20.4389306],[-46.3744192,-20.4391275],[-46.374114,-20.4392877],[-46.3737852,-20.4394389],[-46.3735187,-20.4394052],[-46.3733588,-20.4391793],[-46.3734579,-20.4388147],[-46.3734846,-20.4385018],[-46.3735227,-20.4383302],[-46.3735227,-20.4380536],[-46.3735113,-20.4379277],[-46.3734502,-20.4376988],[-46.3732669,-20.4375094],[-46.3731105,-20.4372347],[-46.3729494,-20.4369787],[-46.3728607,-20.4366561],[-46.3727369,-20.4365106],[-46.3726758,-20.4363179],[-46.3725919,-20.4362588],[-46.3724584,-20.4360852],[-46.3721933,-20.4357943],[-46.3719129,-20.4356465],[-46.3716955,-20.435576],[-46.3713388,-20.4355142],[-46.3709813,-20.4355242],[-46.3706698,-20.4355697],[-46.3702972,-20.4355941],[-46.3700623,-20.4356892],[-46.3697442,-20.4358566],[-46.3694182,-20.4359811],[-46.3690856,-20.4362203],[-46.3688153,-20.4363923],[-46.3685598,-20.43644],[-46.3683194,-20.4364381],[-46.3681096,-20.4363809],[-46.3679418,-20.436337],[-46.3676849,-20.4361166],[-46.3673696,-20.4358487],[-46.3672246,-20.4356656],[-46.3671521,-20.4354711],[-46.3671521,-20.4352269],[-46.3672284,-20.4350095],[-46.3674001,-20.434792],[-46.3675107,-20.43471],[-46.3677663,-20.4345765],[-46.3679693,-20.4344772],[-46.3683465,-20.4343689],[-46.3686495,-20.4342302],[-46.3688303,-20.434028],[-46.3690413,-20.4337969],[-46.369254,-20.4334626],[-46.3693532,-20.4332128],[-46.3694638,-20.4329591],[-46.369563,-20.4327283],[-46.3695551,-20.4325451],[-46.3695764,-20.4323728],[-46.3696354,-20.4321573],[-46.3696717,-20.4319634],[-46.3697757,-20.4316829],[-46.3700034,-20.4316165],[-46.3702391,-20.4316075],[-46.3704603,-20.4316775],[-46.3706212,-20.4317981],[-46.3707978,-20.4319832],[-46.37102,-20.4321607],[-46.3711952,-20.4321952],[-46.3713933,-20.4322295],[-46.3715159,-20.4323217],[-46.3716313,-20.4324714],[-46.3717679,-20.4325528],[-46.3719282,-20.4325204],[-46.3721952,-20.4324631],[-46.3723452,-20.4323367],[-46.3725345,-20.4322348],[-46.3727773,-20.4321612],[-46.3729596,-20.4321382],[-46.3731964,-20.4322439],[-46.3733892,-20.4323735],[-46.3735098,-20.4324136],[-46.3736535,-20.4323192],[-46.3739352,-20.432047],[-46.3741059,-20.4318639],[-46.3742184,-20.4316837],[-46.3743375,-20.4313816],[-46.3744153,-20.4311719],[-46.374381,-20.4310097],[-46.37432,-20.4309067],[-46.3742246,-20.4306779],[-46.3741407,-20.4305462],[-46.3740529,-20.4304433],[-46.3739919,-20.4303631],[-46.3739957,-20.4302582],[-46.3739957,-20.4301552],[-46.3739584,-20.4298141],[-46.3737282,-20.4295937],[-46.3734308,-20.4295099],[-46.3729786,-20.4294538],[-46.3728284,-20.4293498],[-46.3727513,-20.4292356],[-46.3726965,-20.429064],[-46.3727477,-20.4288269],[-46.3729161,-20.428555],[-46.3731322,-20.4284367],[-46.3733137,-20.4283205],[-46.3734183,-20.4281045],[-46.3735386,-20.4279458],[-46.373689,-20.427751],[-46.3739805,-20.4276165],[-46.3741823,-20.4276181],[-46.3743725,-20.4276237],[-46.3747001,-20.4276785],[-46.3750063,-20.427884],[-46.3753538,-20.4281163],[-46.3756818,-20.4281945],[-46.3758764,-20.4282784],[-46.3760709,-20.4283585],[-46.3762769,-20.4284386],[-46.3765592,-20.4285664],[-46.3767042,-20.4287419],[-46.3769644,-20.4290876],[-46.3770499,-20.4292949],[-46.3771514,-20.4295881],[-46.37723,-20.4298672],[-46.3772459,-20.4301419],[-46.3774465,-20.430267],[-46.3776361,-20.4301938],[-46.3778097,-20.4300419],[-46.3779221,-20.4298474],[-46.378004,-20.4296531],[-46.3781471,-20.4294942],[-46.3784731,-20.4293697],[-46.3788069,-20.4292595],[-46.3788135,-20.4291447],[-46.3786301,-20.4290529],[-46.3784311,-20.4289183],[-46.3782092,-20.4287766],[-46.3780404,-20.428613],[-46.3778372,-20.4284119],[-46.3777761,-20.4281906],[-46.3777336,-20.4279981],[-46.3777505,-20.4276616],[-46.3777406,-20.4274107],[-46.3776321,-20.427182],[-46.3775922,-20.4269744],[-46.3774686,-20.4267674],[-46.3773229,-20.4266323],[-46.3772115,-20.4265561],[-46.3771162,-20.4265122],[-46.3767194,-20.4263431],[-46.376392,-20.4263098],[-46.3760898,-20.4262417],[-46.3758959,-20.4261273],[-46.3759395,-20.4258975],[-46.3761429,-20.4256736],[-46.3761946,-20.4255011],[-46.3764142,-20.4253918],[-46.3768644,-20.4252667],[-46.3771314,-20.4251427],[-46.3774386,-20.4250968],[-46.3777499,-20.425037],[-46.3781146,-20.4249839],[-46.3782575,-20.4248035],[-46.3782106,-20.4246676],[-46.3780572,-20.4245254],[-46.3777136,-20.4243776],[-46.3774843,-20.4242503],[-46.3771094,-20.4240094],[-46.3768037,-20.4238541],[-46.3765053,-20.4236628],[-46.3761777,-20.4236416],[-46.3760328,-20.4236569],[-46.3758726,-20.4236531],[-46.3756399,-20.4236549],[-46.3753118,-20.4236397],[-46.3750562,-20.4236416],[-46.3747396,-20.4236264],[-46.374278,-20.4235119],[-46.3741445,-20.4233593],[-46.3740835,-20.4231075],[-46.3741216,-20.4228768],[-46.3742529,-20.4227126],[-46.3744265,-20.4225606],[-46.3746155,-20.42243],[-46.3747969,-20.4222995],[-46.3749097,-20.4221552],[-46.3749613,-20.4219684],[-46.3749671,-20.4217675],[-46.3748891,-20.4215458],[-46.374727,-20.4212818],[-46.3745356,-20.4211399],[-46.3743619,-20.4211086],[-46.3741559,-20.4210514],[-46.3738011,-20.4209999],[-46.3734502,-20.4210571],[-46.3730128,-20.4209798],[-46.372563,-20.4208686],[-46.3723258,-20.4207127],[-46.3721257,-20.420449],[-46.3720159,-20.4202141],[-46.3720883,-20.4199032],[-46.3722257,-20.4197659],[-46.3724431,-20.4197182],[-46.3726872,-20.4196762],[-46.3728932,-20.4196743],[-46.3732595,-20.4196762],[-46.3735875,-20.4197419],[-46.3738237,-20.419783],[-46.3740644,-20.4196476],[-46.3742772,-20.4194567],[-46.3745883,-20.4193682],[-46.3748393,-20.4193663],[-46.3751368,-20.4194571],[-46.3754125,-20.4196701],[-46.3755735,-20.4198122],[-46.375857,-20.4200466],[-46.376079,-20.4202026],[-46.3763764,-20.4202792],[-46.3767156,-20.4202541],[-46.3769842,-20.4201955],[-46.3772109,-20.4200288],[-46.3773916,-20.4198265],[-46.3774503,-20.4195751],[-46.3773648,-20.419375],[-46.3770971,-20.4193939],[-46.3769139,-20.4194035],[-46.3767309,-20.4194149],[-46.3765049,-20.4193388],[-46.3762755,-20.4192043],[-46.3760759,-20.4189979],[-46.3759062,-20.418734],[-46.3757746,-20.4184697],[-46.37565,-20.418148],[-46.375442,-20.4178556],[-46.3752499,-20.417642],[-46.3750282,-20.4175147],[-46.3748068,-20.417416],[-46.3746604,-20.4172092],[-46.3745974,-20.4169731],[-46.374648,-20.4166931],[-46.3748592,-20.416469],[-46.3750487,-20.4163958],[-46.3752927,-20.4164165],[-46.375575,-20.4164108],[-46.3758802,-20.4163536],[-46.3761472,-20.4163059],[-46.3763646,-20.4162964],[-46.3767575,-20.4163326],[-46.3770246,-20.4162506],[-46.3772077,-20.4161266],[-46.3773564,-20.4158613],[-46.3774535,-20.4156669],[-46.377627,-20.4155006],[-46.3778692,-20.4153696],[-46.3781429,-20.4153459],[-46.3784318,-20.4153293],[-46.3787895,-20.4153551],[-46.3791398,-20.4153954],[-46.3793915,-20.4154723],[-46.3796437,-20.4156065],[-46.3798731,-20.4157481],[-46.3800802,-20.4158462],[-46.3802307,-20.4157525],[-46.3803051,-20.4155654],[-46.3803489,-20.4153571],[-46.3803541,-20.4150918],[-46.3803285,-20.4147836],[-46.3801818,-20.414541],[-46.3799656,-20.414177],[-46.3797351,-20.4139135],[-46.3795178,-20.4136109],[-46.3794106,-20.4133495],[-46.3794616,-20.4131053],[-46.3796425,-20.4129103],[-46.3799308,-20.4128363],[-46.3802045,-20.4128198],[-46.3804546,-20.4127174],[-46.3805747,-20.41253],[-46.380809,-20.4123704],[-46.3810673,-20.4123253],[-46.3812657,-20.4124026],[-46.3813962,-20.4125306],[-46.3814892,-20.4127235],[-46.3816133,-20.4130022],[-46.3817292,-20.4132021],[-46.3819065,-20.4134588],[-46.3820896,-20.4135219],[-46.3822965,-20.4135116],[-46.38243,-20.4133705],[-46.3825407,-20.4131301],[-46.3826017,-20.4129127],[-46.382617,-20.4126495],[-46.3826284,-20.4123615],[-46.3826323,-20.4119361],[-46.3826323,-20.4114402],[-46.382636,-20.4111331],[-46.382575,-20.4109252],[-46.3823804,-20.4107135],[-46.382163,-20.4105666],[-46.3819684,-20.4105285],[-46.3817586,-20.4104618],[-46.3813626,-20.4104728],[-46.3810192,-20.4103537],[-46.3807367,-20.410234],[-46.3805224,-20.4100851],[-46.3803076,-20.4098717],[-46.3802289,-20.4096302],[-46.3801564,-20.4093173],[-46.3801717,-20.4091781],[-46.3802556,-20.4089244],[-46.3803548,-20.4088462],[-46.3805515,-20.4088039],[-46.380869,-20.4088561],[-46.3810748,-20.4089119],[-46.3814496,-20.4089511],[-46.3816213,-20.4090446],[-46.3818769,-20.4091743],[-46.3820829,-20.4092525],[-46.3823843,-20.4093364],[-46.3828063,-20.4094503],[-46.3830271,-20.4094844],[-46.3832773,-20.4093892],[-46.3835347,-20.4092509],[-46.383727,-20.4089149],[-46.3838268,-20.4087394],[-46.3839548,-20.408595],[-46.3841887,-20.4083924],[-46.3844165,-20.4083475],[-46.3847359,-20.4083378],[-46.3849493,-20.4083863],[-46.3851486,-20.4085568],[-46.3853597,-20.4089072],[-46.3855772,-20.4091857],[-46.3857565,-20.4094718],[-46.3857304,-20.4098215],[-46.3856879,-20.4101732],[-46.3856297,-20.4104676],[-46.3856391,-20.4106684],[-46.3858137,-20.4107593],[-46.3861574,-20.4107933],[-46.3864163,-20.4108199],[-46.3866033,-20.4109615],[-46.3866625,-20.4111407],[-46.3869237,-20.4114254],[-46.3872161,-20.4116273],[-46.3874225,-20.4119163],[-46.3874934,-20.412181],[-46.3875187,-20.4124677],[-46.3875289,-20.4127544],[-46.3876905,-20.4127811],[-46.3879474,-20.4127726],[-46.388189,-20.4125627],[-46.3883161,-20.4123251],[-46.3884382,-20.4120944],[-46.3886342,-20.4121719],[-46.3886518,-20.4124299],[-46.3885934,-20.4127029],[-46.3885655,-20.41299],[-46.3886441,-20.4132762],[-46.3888149,-20.4134084],[-46.3891009,-20.4133227],[-46.3893198,-20.4131274],[-46.3893843,-20.4128898],[-46.3895966,-20.412616],[-46.3899077,-20.4125347],[-46.3900831,-20.4125835],[-46.3904258,-20.4126309],[-46.3906086,-20.412651],[-46.3909588,-20.412684],[-46.3911869,-20.4126822],[-46.3917048,-20.412757],[-46.3920186,-20.4129696],[-46.3922032,-20.4131976],[-46.3923407,-20.4134487],[-46.3924742,-20.413647],[-46.3926306,-20.414017],[-46.3928481,-20.4141544],[-46.3929816,-20.4141315],[-46.3930808,-20.4140533],[-46.3932143,-20.4139617],[-46.3934241,-20.4138931],[-46.3937228,-20.4138523],[-46.3939213,-20.4139368],[-46.3941298,-20.4139999],[-46.3943358,-20.4139884],[-46.3945533,-20.4139293],[-46.3947135,-20.4138721],[-46.3948585,-20.4137672],[-46.3950369,-20.4136482],[-46.3951266,-20.4134754],[-46.3949344,-20.4132546],[-46.3945907,-20.4130924],[-46.3942006,-20.4128517],[-46.3938566,-20.4126609],[-46.3936032,-20.4123976],[-46.3933881,-20.4121555],[-46.3932873,-20.4119483],[-46.3931713,-20.4117341],[-46.393063,-20.4115342],[-46.3929026,-20.4114638],[-46.3927042,-20.4113865],[-46.3924585,-20.4111375],[-46.3923111,-20.4108088],[-46.3922092,-20.4104797],[-46.392003,-20.410381],[-46.3917137,-20.4103618],[-46.3914397,-20.4103425],[-46.3911739,-20.4103804],[-46.3908766,-20.4103111],[-46.3905639,-20.4102132],[-46.3903419,-20.4100644],[-46.3901363,-20.4100302],[-46.3898848,-20.4099748],[-46.3896794,-20.4099765],[-46.389451,-20.4099496],[-46.3891997,-20.4099229],[-46.3887777,-20.4096797],[-46.3884497,-20.4091933],[-46.3883543,-20.4090236],[-46.3881894,-20.4083749],[-46.3880874,-20.4080243],[-46.3879859,-20.4077239],[-46.3878321,-20.4075459],[-46.3876785,-20.4073822],[-46.387441,-20.4071905],[-46.3872952,-20.407041],[-46.3871261,-20.4068416],[-46.3869481,-20.4064988],[-46.3867937,-20.406249],[-46.3865715,-20.4060644],[-46.3864108,-20.4059581],[-46.3861128,-20.4058027],[-46.3857585,-20.4055887],[-46.3856675,-20.4053401],[-46.3855586,-20.4050685],[-46.3853437,-20.4048622],[-46.3850614,-20.4047641],[-46.3848478,-20.4046941],[-46.3846038,-20.4046243],[-46.3842919,-20.4046196],[-46.3839342,-20.4045938],[-46.383624,-20.4045661],[-46.3833799,-20.4045776],[-46.3830747,-20.404589],[-46.3827962,-20.4045852],[-46.3824195,-20.4044695],[-46.3821601,-20.4043784],[-46.381896,-20.4041598],[-46.3817395,-20.4039023],[-46.3816404,-20.4038127],[-46.3813886,-20.4036162],[-46.3812665,-20.4035361],[-46.3809499,-20.4035209],[-46.3807439,-20.4035457],[-46.3804502,-20.4036143],[-46.380084,-20.4036449],[-46.3797559,-20.4036334],[-46.3794507,-20.4035647],[-46.3791238,-20.4033513],[-46.3789619,-20.4031058],[-46.3789059,-20.402805],[-46.3788098,-20.4024127],[-46.378848,-20.4021457],[-46.3789357,-20.4018023],[-46.3790578,-20.4015258],[-46.3791684,-20.4013751],[-46.3793515,-20.401171],[-46.379546,-20.401047],[-46.3796567,-20.4009288],[-46.3798753,-20.4006293],[-46.379949,-20.4003562],[-46.3799392,-20.4001125],[-46.3798222,-20.3997907],[-46.3796987,-20.3996318],[-46.3796529,-20.399483],[-46.3796529,-20.3992846],[-46.3796529,-20.398928],[-46.3797139,-20.398701],[-46.3799581,-20.3985961],[-46.3802899,-20.3985656],[-46.3806066,-20.3984969],[-46.3807401,-20.3983462],[-46.3809003,-20.3981059],[-46.3810834,-20.3980143],[-46.3813051,-20.3980508],[-46.3815114,-20.3981639],[-46.3816663,-20.398471],[-46.3816538,-20.3987795],[-46.3816032,-20.3990739],[-46.3814305,-20.3993609],[-46.3813314,-20.3995917],[-46.381194,-20.3999141],[-46.3810491,-20.400326],[-46.3809945,-20.4007495],[-46.3809508,-20.400965],[-46.3811195,-20.4011286],[-46.3813123,-20.4011653],[-46.3815068,-20.4010184],[-46.3816556,-20.4008677],[-46.381751,-20.4007419],[-46.3819951,-20.4004767],[-46.382121,-20.4003089],[-46.3821756,-20.4001522],[-46.3822953,-20.3999289],[-46.382476,-20.3997124],[-46.3827408,-20.3995597],[-46.3830677,-20.3995427],[-46.3833043,-20.3996341],[-46.3835195,-20.3998833],[-46.3835525,-20.4001699],[-46.3834104,-20.4003928],[-46.3833227,-20.400738],[-46.383212,-20.4010013],[-46.3830518,-20.4011707],[-46.3829402,-20.4014512],[-46.3829048,-20.4017455],[-46.382984,-20.4020963],[-46.383116,-20.4024036],[-46.3833526,-20.4024877],[-46.3835592,-20.4023803],[-46.3836813,-20.4023249],[-46.3838872,-20.4022563],[-46.384111,-20.4022451],[-46.3843165,-20.4022578],[-46.3845459,-20.4023922],[-46.3847451,-20.4025627],[-46.3849217,-20.4027406],[-46.385015,-20.4029765],[-46.3849935,-20.4032576],[-46.385127,-20.403456],[-46.385333,-20.4036525],[-46.3855619,-20.4037555],[-46.3858442,-20.4037803],[-46.3860731,-20.4037822],[-46.386322,-20.4036904],[-46.386557,-20.4036024],[-46.3867559,-20.4034846],[-46.3869772,-20.4034503],[-46.3871717,-20.4034541],[-46.3873892,-20.4034655],[-46.3875227,-20.4035094],[-46.3876829,-20.4036029],[-46.3878279,-20.4037879],[-46.3879728,-20.4040664],[-46.3881063,-20.404341],[-46.3882742,-20.404547],[-46.3884077,-20.4046405],[-46.3886022,-20.4048465],[-46.3888203,-20.4049326],[-46.3890417,-20.405024],[-46.3892634,-20.4049309],[-46.3892748,-20.404721],[-46.3892651,-20.4044844],[-46.3893702,-20.404333],[-46.3895671,-20.4042454],[-46.3897641,-20.4041578],[-46.3898156,-20.4039566],[-46.3898115,-20.4037574],[-46.3897817,-20.4035696],[-46.3897649,-20.4033976],[-46.3897703,-20.4031538],[-46.3899596,-20.4030519],[-46.3902259,-20.4030641],[-46.390516,-20.4031837],[-46.3907762,-20.4033609],[-46.3909371,-20.4034958],[-46.3911886,-20.403683],[-46.3912956,-20.4036077],[-46.3913396,-20.4034281],[-46.391338,-20.4032488],[-46.391283,-20.4030485],[-46.3911212,-20.4028203],[-46.390906,-20.4025782],[-46.3906608,-20.4023722],[-46.3904621,-20.4022662],[-46.390347,-20.4021524],[-46.390117,-20.4019463],[-46.3899779,-20.4017036],[-46.3898004,-20.4014182],[-46.389608,-20.4011687],[-46.3894011,-20.4009911],[-46.3891712,-20.4008065],[-46.3889726,-20.4007077],[-46.3886595,-20.4005667],[-46.3884377,-20.4004323],[-46.3882986,-20.4001896],[-46.3882512,-20.3999891],[-46.3880672,-20.3998257],[-46.3878595,-20.3995692],[-46.3877363,-20.3993246],[-46.3877423,-20.3992116],[-46.3878935,-20.3991171],[-46.3881294,-20.3991224],[-46.3884414,-20.3991415],[-46.3887091,-20.3992713],[-46.389075,-20.3994017],[-46.3893494,-20.3994713],[-46.3896818,-20.3995402],[-46.3899755,-20.3996184],[-46.3903036,-20.3996203],[-46.3905478,-20.3996317],[-46.3909368,-20.3996337],[-46.3911429,-20.3995917],[-46.391448,-20.399462],[-46.391593,-20.3994067],[-46.3919134,-20.3993418],[-46.3920317,-20.3992942],[-46.3922058,-20.3990971],[-46.3921127,-20.398897],[-46.3919509,-20.3986617],[-46.3917971,-20.3984765],[-46.3915522,-20.3983063],[-46.3912011,-20.3981729],[-46.3909032,-20.3980247],[-46.3906745,-20.3979691],[-46.3902933,-20.3978646],[-46.3900415,-20.3977734],[-46.3898194,-20.3976031],[-46.3895888,-20.3973324],[-46.3895477,-20.3969885],[-46.3896373,-20.3968014],[-46.3898103,-20.396592],[-46.3900825,-20.3964106],[-46.3902859,-20.3961867],[-46.3903652,-20.3960617],[-46.3904054,-20.3958602],[-46.390312,-20.395706],[-46.390114,-20.3956789],[-46.3898932,-20.3956591],[-46.3896804,-20.395668],[-46.3894069,-20.395706],[-46.3891947,-20.3957866],[-46.3889447,-20.3958962],[-46.3887247,-20.3959625],[-46.3883835,-20.3960799],[-46.3880415,-20.3962195],[-46.3877973,-20.3962081],[-46.3875693,-20.3960362],[-46.3874464,-20.3959009],[-46.3873385,-20.395744],[-46.3872298,-20.3954939],[-46.3871591,-20.3952435],[-46.3871044,-20.395079],[-46.3869663,-20.3949438],[-46.3867221,-20.3948526],[-46.3864626,-20.3947542],[-46.3861878,-20.3946417],[-46.3860572,-20.3944921],[-46.3860022,-20.394299],[-46.3861152,-20.394169],[-46.3863195,-20.3940526],[-46.3865238,-20.3939434],[-46.3867673,-20.3939487],[-46.3870488,-20.3939608],[-46.387414,-20.3939794],[-46.3877564,-20.3939982],[-46.3881597,-20.3940279],[-46.3884023,-20.3939285],[-46.3885303,-20.3937912],[-46.3885664,-20.3935758],[-46.3884579,-20.3933472],[-46.3882883,-20.3930976],[-46.3881419,-20.3928836],[-46.3880266,-20.3927411],[-46.3878801,-20.3925271],[-46.387779,-20.3922698],[-46.3878222,-20.3919969],[-46.3880628,-20.3916938],[-46.3882551,-20.3914835],[-46.3884878,-20.3914129],[-46.3887433,-20.3914168],[-46.3889349,-20.3914072],[-46.3892163,-20.3914122],[-46.389498,-20.3914458],[-46.3898106,-20.3915293],[-46.3900624,-20.3916277],[-46.3903145,-20.3917476],[-46.3904834,-20.3919255],[-46.3906534,-20.3922254],[-46.3908382,-20.392482],[-46.3910155,-20.3927388],[-46.3911536,-20.3928811],[-46.3913132,-20.3928583],[-46.3914289,-20.3926317],[-46.3914844,-20.3924482],[-46.3914591,-20.3921759],[-46.3913253,-20.39179],[-46.3913095,-20.3915237],[-46.3912992,-20.3913691],[-46.3911924,-20.3909094],[-46.3910703,-20.3903772],[-46.3910148,-20.3901214],[-46.3910574,-20.389784],[-46.3911465,-20.3895395],[-46.39132,-20.3893804],[-46.3915891,-20.3893206],[-46.3917455,-20.3892653],[-46.3918676,-20.3892328],[-46.3920736,-20.3891622],[-46.3922338,-20.3890268],[-46.392333,-20.3888857],[-46.3924284,-20.3887255],[-46.3924932,-20.3886454],[-46.3927114,-20.3885016],[-46.3930315,-20.3885707],[-46.3932842,-20.3887695],[-46.3933172,-20.3890561],[-46.3932826,-20.3894292],[-46.3933378,-20.3896582],[-46.393514,-20.3897931],[-46.3937207,-20.3899492],[-46.3939656,-20.3901122],[-46.3941879,-20.3903112],[-46.3943345,-20.3905395],[-46.3944271,-20.3906965],[-46.3945036,-20.3909781],[-46.394599,-20.3911478],[-46.3946219,-20.3913424],[-46.3946219,-20.3915503],[-46.3946066,-20.3918974],[-46.3945626,-20.39223],[-46.3944822,-20.3925892],[-46.3944543,-20.3928762],[-46.3945242,-20.3930335],[-46.3946844,-20.3930824],[-46.394989,-20.3931301],[-46.395203,-20.3932431],[-46.3953869,-20.3933923],[-46.3954417,-20.3935711],[-46.3955041,-20.3937427],[-46.3955288,-20.3939505],[-46.3955832,-20.3942663],[-46.3956556,-20.3944742],[-46.3958929,-20.3946862],[-46.396076,-20.3947492],[-46.3962339,-20.3945543],[-46.3963615,-20.3943597],[-46.3964817,-20.394201],[-46.3965871,-20.3940854],[-46.3966167,-20.3939848],[-46.3967199,-20.3939039],[-46.396766,-20.3936752],[-46.3967179,-20.3934031],[-46.3966742,-20.3931334],[-46.3966684,-20.3929733],[-46.3967658,-20.3928147],[-46.3969474,-20.3927129],[-46.3972355,-20.3926102],[-46.3974556,-20.3925582],[-46.3977135,-20.3924773],[-46.3979258,-20.3924039],[-46.3981238,-20.3923075],[-46.3982046,-20.3921219],[-46.3981646,-20.3919071],[-46.3980437,-20.3917124],[-46.3979469,-20.3913711],[-46.3980515,-20.3911694],[-46.3982715,-20.3911031],[-46.3984992,-20.3910583],[-46.3987427,-20.3910707],[-46.3989782,-20.3910401],[-46.3989765,-20.3908537],[-46.398913,-20.3905602],[-46.3987914,-20.3902876],[-46.3986569,-20.3899886],[-46.3986466,-20.3896875],[-46.3985828,-20.3894472],[-46.398345,-20.3893206],[-46.3979275,-20.3892271],[-46.3975311,-20.3891156],[-46.3972562,-20.3889959],[-46.3970442,-20.3888342],[-46.396945,-20.3886854],[-46.3969175,-20.3884902],[-46.397006,-20.3882377],[-46.3971548,-20.3881094],[-46.3974153,-20.3880839],[-46.3975835,-20.3881829],[-46.397811,-20.3883402],[-46.3980932,-20.3884813],[-46.398345,-20.3885614],[-46.3985777,-20.3885633],[-46.398921,-20.3885385],[-46.3990775,-20.3884832],[-46.399272,-20.3884145],[-46.3994208,-20.3883001],[-46.3996878,-20.3881628],[-46.3999319,-20.3879568],[-46.4002371,-20.3875658],[-46.4004195,-20.3872638],[-46.40069,-20.3869031],[-46.4009626,-20.3867718],[-46.4012825,-20.3868266],[-46.4014361,-20.3869831],[-46.4014466,-20.3873057],[-46.4012099,-20.3877794],[-46.4010497,-20.3881246],[-46.4009429,-20.3882829],[-46.4008874,-20.3885508],[-46.4009205,-20.3888374],[-46.4009605,-20.3890594],[-46.4010998,-20.3893307],[-46.4012623,-20.3896378],[-46.4014931,-20.3899299],[-46.4017234,-20.3901647],[-46.4019528,-20.3902991],[-46.402235,-20.3903901],[-46.4024011,-20.3902597],[-46.4023842,-20.3900662],[-46.4023821,-20.3898367],[-46.4023869,-20.3895283],[-46.4024115,-20.3892519],[-46.4025647,-20.3890034],[-46.4027148,-20.3887799],[-46.4029723,-20.3886682],[-46.4031058,-20.3884641],[-46.4031439,-20.3881532],[-46.4032317,-20.3879129],[-46.4032908,-20.3877283],[-46.4034791,-20.387526],[-46.4037441,-20.3873948],[-46.4039875,-20.3874],[-46.4042243,-20.3875129],[-46.4043402,-20.3877127],[-46.4043281,-20.388057],[-46.4045706,-20.3882486],[-46.4047271,-20.3882848],[-46.4049216,-20.3882829],[-46.4052153,-20.3881589],[-46.4052878,-20.3880541],[-46.4054134,-20.3878045],[-46.4053799,-20.3874677],[-46.4052179,-20.3872109],[-46.404957,-20.386962],[-46.4046131,-20.3867783],[-46.4044141,-20.3866293],[-46.4041692,-20.3864664],[-46.4040004,-20.3862956],[-46.4037734,-20.386038],[-46.4037009,-20.3857938],[-46.4035711,-20.3850872],[-46.4035904,-20.3846998],[-46.4036865,-20.3843835],[-46.403836,-20.3841026],[-46.4041739,-20.3837625],[-46.4043914,-20.3836938],[-46.4049407,-20.3836481],[-46.4051734,-20.3836595],[-46.4053844,-20.3837675],[-46.4055907,-20.3838805],[-46.4058969,-20.3841004],[-46.4060211,-20.3843719],[-46.4060549,-20.3847445],[-46.4059361,-20.3850681],[-46.4058403,-20.3853988],[-46.4058125,-20.385693],[-46.4058077,-20.3860014],[-46.4059471,-20.3862799],[-46.4061082,-20.3864292],[-46.4063449,-20.3865349],[-46.4066556,-20.3864105],[-46.4068978,-20.3862866],[-46.407035,-20.3861066],[-46.4071341,-20.3858892],[-46.4073287,-20.3856489],[-46.4074279,-20.3854524],[-46.4075996,-20.3851758],[-46.4076873,-20.3849813],[-46.4078273,-20.3847947],[-46.4079777,-20.3846071],[-46.4080443,-20.3844057],[-46.4080422,-20.3841763],[-46.4080094,-20.3839112],[-46.4079963,-20.3836595],[-46.4080802,-20.3834878],[-46.4082473,-20.3833069],[-46.4084205,-20.3831191],[-46.4086181,-20.3828317],[-46.408743,-20.3826289],[-46.4087554,-20.3821679],[-46.4087821,-20.3819009],[-46.4089042,-20.3815785],[-46.4090505,-20.3813141],[-46.4093453,-20.3811253],[-46.4095273,-20.3810593],[-46.4097111,-20.3812012],[-46.4098422,-20.3814009],[-46.4099204,-20.381637],[-46.4100071,-20.3819733],[-46.4100033,-20.3823964],[-46.4099996,-20.3828195],[-46.4099732,-20.3832715],[-46.4099163,-20.383695],[-46.4098639,-20.3842029],[-46.4098487,-20.3846278],[-46.409868,-20.3850794],[-46.4099395,-20.3854159],[-46.4099276,-20.3857817],[-46.4099009,-20.3861835],[-46.4099112,-20.3864846],[-46.4100187,-20.3865984],[-46.4102851,-20.3865854],[-46.4105293,-20.3864271],[-46.4106625,-20.3863136],[-46.4107848,-20.3861982],[-46.410884,-20.3859941],[-46.4111658,-20.3856211],[-46.4112625,-20.3853837],[-46.4113362,-20.3851249],[-46.411356,-20.3847949],[-46.4113981,-20.3844073],[-46.4113498,-20.3841137],[-46.4114601,-20.3836969],[-46.411564,-20.3834236],[-46.4116762,-20.3832147],[-46.411872,-20.3830052],[-46.4120979,-20.3827595],[-46.4123222,-20.3826257],[-46.4125282,-20.3826734],[-46.4126007,-20.3827783],[-46.4127227,-20.3829976],[-46.4128552,-20.3832338],[-46.4128524,-20.3837415],[-46.4128753,-20.3840543],[-46.4131006,-20.3842931],[-46.4132844,-20.3844351],[-46.4135824,-20.3845904],[-46.4137374,-20.3846437],[-46.413894,-20.3845664],[-46.4139376,-20.3843437],[-46.414011,-20.3840563],[-46.4139587,-20.3837835],[-46.4140737,-20.3834319],[-46.4142238,-20.3832084],[-46.4144663,-20.3831132],[-46.4147695,-20.3830032],[-46.4151256,-20.3828641],[-46.415421,-20.3827254],[-46.4155961,-20.3825242],[-46.4155845,-20.3823153],[-46.415431,-20.3821588],[-46.4152008,-20.3819312],[-46.4149474,-20.3816608],[-46.4147702,-20.3814184],[-46.4147218,-20.3811105],[-46.4146909,-20.3808171],[-46.4147615,-20.3804648],[-46.4149963,-20.3803553],[-46.4152702,-20.3803674],[-46.4155221,-20.3804801],[-46.4158358,-20.3806855],[-46.4161939,-20.3807543],[-46.4166046,-20.3807653],[-46.4168413,-20.380871],[-46.4169797,-20.3810348],[-46.417012,-20.3812353],[-46.4171044,-20.3813636],[-46.4172116,-20.3814488],[-46.4173947,-20.3815118],[-46.4176235,-20.3815817],[-46.4178678,-20.3816801],[-46.418166,-20.3818569],[-46.4185621,-20.3819254],[-46.4188206,-20.3819233],[-46.419155,-20.3818991],[-46.4195577,-20.38186],[-46.4199377,-20.3818354],[-46.4204394,-20.3818169],[-46.4208196,-20.3818067],[-46.4213215,-20.3818026],[-46.4217326,-20.3818566],[-46.4221365,-20.3819465],[-46.4224196,-20.3821378],[-46.4224744,-20.3823095],[-46.4223892,-20.3825303],[-46.4223282,-20.3826257],[-46.4221947,-20.3827267],[-46.4219849,-20.3829232],[-46.4217831,-20.3832115],[-46.4216708,-20.383406],[-46.4215671,-20.383708],[-46.421548,-20.3841169],[-46.4215424,-20.3845979],[-46.4214546,-20.3848649],[-46.4212715,-20.3850919],[-46.4210388,-20.3851853],[-46.4206841,-20.3852769],[-46.4204781,-20.385275],[-46.4203217,-20.3852845],[-46.4201729,-20.385296],[-46.4197482,-20.3852287],[-46.4194058,-20.38521],[-46.4189568,-20.3851778],[-46.4186602,-20.3851731],[-46.4182496,-20.3851836],[-46.4178628,-20.3852943],[-46.4175386,-20.3856053],[-46.4172898,-20.3858367],[-46.4170029,-20.3860685],[-46.4167913,-20.3862137],[-46.41664,-20.386301],[-46.4163467,-20.3863794],[-46.4160415,-20.3865033],[-46.4155013,-20.3865325],[-46.4148971,-20.3867074],[-46.4145805,-20.3867952],[-46.4142639,-20.3869687],[-46.4140197,-20.3871614],[-46.4140045,-20.3873924],[-46.4142333,-20.3875897],[-46.4145152,-20.3876377],[-46.4148049,-20.3877214],[-46.4150347,-20.3878988],[-46.4152793,-20.388033],[-46.4155151,-20.3880521],[-46.4157325,-20.3879072],[-46.4159375,-20.3876548],[-46.4162717,-20.3876162],[-46.4165535,-20.387657],[-46.4167755,-20.3878201],[-46.4169145,-20.3880413],[-46.417046,-20.3882912],[-46.4171248,-20.3885845],[-46.4172254,-20.3887773],[-46.4174405,-20.3890122],[-46.417815,-20.3892171],[-46.418197,-20.3894076],[-46.4184958,-20.3896419],[-46.4188912,-20.3898584],[-46.4192421,-20.3900415],[-46.4194138,-20.3902074],[-46.419592,-20.3903871],[-46.419738,-20.3906557],[-46.4199211,-20.3909894],[-46.4200775,-20.3912641],[-46.4201386,-20.3914167],[-46.4202691,-20.3916544],[-46.4203419,-20.3919944],[-46.4203516,-20.3923589],[-46.4202975,-20.392676],[-46.420253,-20.392933],[-46.4205467,-20.3931753],[-46.4207031,-20.3933279],[-46.4207756,-20.3934385],[-46.4207756,-20.3936254],[-46.4206765,-20.3938104],[-46.4205392,-20.394156],[-46.4204021,-20.3944141],[-46.4203294,-20.3947792],[-46.4203027,-20.3953232],[-46.4203631,-20.3956872],[-46.420518,-20.3959967],[-46.4207169,-20.396258],[-46.420888,-20.3962566],[-46.4210808,-20.3960306],[-46.4212193,-20.395752],[-46.4213064,-20.395572],[-46.4213679,-20.3953743],[-46.4214149,-20.3949616],[-46.4214508,-20.3945943],[-46.4216111,-20.394251],[-46.4217713,-20.3939954],[-46.4218323,-20.3938695],[-46.4218819,-20.3937322],[-46.4220231,-20.3935643],[-46.4221421,-20.3934079],[-46.4222223,-20.3931683],[-46.4223081,-20.3928296],[-46.4223548,-20.3924083],[-46.4223585,-20.3921274],[-46.4223564,-20.3918943],[-46.4223724,-20.3915655],[-46.422363,-20.391231],[-46.4223917,-20.390908],[-46.4224656,-20.3905355],[-46.4224934,-20.3902499],[-46.4224208,-20.3899338],[-46.4222351,-20.3897261],[-46.4219361,-20.3895971],[-46.4217293,-20.389578],[-46.4215081,-20.3894845],[-46.4212792,-20.3892804],[-46.4211571,-20.3890363],[-46.421035,-20.3887858],[-46.4208812,-20.3885958],[-46.4207344,-20.3884894],[-46.4204541,-20.3883244],[-46.420211,-20.3881131],[-46.4201198,-20.3878132],[-46.4202051,-20.387436],[-46.4203423,-20.3871899],[-46.4205953,-20.3871341],[-46.4208493,-20.3871918],[-46.4211224,-20.3872553],[-46.4214221,-20.387462],[-46.4216578,-20.3875915],[-46.4218603,-20.387554],[-46.4220878,-20.3874864],[-46.4223525,-20.3873289],[-46.422598,-20.3871476],[-46.4228823,-20.3870497],[-46.4232173,-20.3869454],[-46.423452,-20.3869733],[-46.4237447,-20.3870964],[-46.424101,-20.3872489],[-46.4244574,-20.3874133],[-46.4247754,-20.3875362],[-46.42501,-20.3876229],[-46.4253266,-20.3875352],[-46.4254143,-20.3873254],[-46.4254258,-20.3871175],[-46.4254258,-20.3867741],[-46.4253457,-20.386427],[-46.4252439,-20.3861042],[-46.4252038,-20.3858774],[-46.4251627,-20.3855491],[-46.4252301,-20.3852916],[-46.4253838,-20.3850728],[-46.425338,-20.3847962],[-46.4253167,-20.3843766],[-46.4252641,-20.3841679],[-46.4251986,-20.3839354],[-46.4251519,-20.3836788],[-46.4252836,-20.3835343],[-46.425529,-20.3833351],[-46.425826,-20.383243],[-46.4261554,-20.3832343],[-46.426485,-20.3832376],[-46.4268151,-20.3832947],[-46.4270502,-20.3833645],[-46.4274949,-20.3834803],[-46.4278762,-20.3835967],[-46.4282969,-20.3838562],[-46.4286263,-20.3841057],[-46.4289086,-20.3841992],[-46.4292701,-20.3842546],[-46.429575,-20.3843298],[-46.4298358,-20.3844352],[-46.4300908,-20.3845885],[-46.4304219,-20.384765],[-46.4306251,-20.3848052],[-46.4306595,-20.3845139],[-46.4306939,-20.3843651],[-46.4306977,-20.384121],[-46.430732,-20.3839265],[-46.4307969,-20.3837987],[-46.4309075,-20.3835278],[-46.4310869,-20.3833374],[-46.4311994,-20.3831751],[-46.431426,-20.3829999],[-46.4316849,-20.3829082],[-46.4319826,-20.3828818],[-46.4322864,-20.3828435],[-46.4325771,-20.3828346],[-46.4329391,-20.3828441],[-46.4333196,-20.3828649],[-46.4337951,-20.3828909],[-46.4341884,-20.3829295],[-46.4345312,-20.3829924],[-46.4349124,-20.3830968],[-46.4353699,-20.3832245],[-46.4358476,-20.3832436],[-46.4361184,-20.3831635],[-46.4364694,-20.3830109],[-46.4366907,-20.3829098],[-46.4368967,-20.3828545],[-46.4372857,-20.3828106],[-46.4374574,-20.3827954],[-46.4376852,-20.3827752],[-46.43785,-20.3827798],[-46.4380258,-20.382605],[-46.4382081,-20.3824482],[-46.4384073,-20.3822823],[-46.4385868,-20.3822777],[-46.4387523,-20.38236],[-46.4389311,-20.382502],[-46.4391016,-20.3827019],[-46.4393154,-20.382941],[-46.4396593,-20.3831174],[-46.4398683,-20.3830472],[-46.4400053,-20.3828457],[-46.4400733,-20.3826599],[-46.4400285,-20.3824711],[-46.4400379,-20.3822658],[-46.4400995,-20.3820681],[-46.4403015,-20.3819827],[-46.4405054,-20.3819218],[-46.4405283,-20.3817272],[-46.4405003,-20.3815568],[-46.4404991,-20.3814313],[-46.4405036,-20.3812341],[-46.4405772,-20.3809706],[-46.4407606,-20.3809212],[-46.4410527,-20.3809846],[-46.4413009,-20.381102],[-46.4415556,-20.3812314],[-46.4418295,-20.3813785],[-46.4420517,-20.3814245],[-46.4423182,-20.3814641],[-46.4427239,-20.3814727],[-46.4431797,-20.3814211],[-46.443389,-20.3814433],[-46.44358,-20.3815373],[-46.4438026,-20.3816191],[-46.4440185,-20.3816652],[-46.4442723,-20.3816989],[-46.4444117,-20.3815193],[-46.4444117,-20.3814144],[-46.444343,-20.3811398],[-46.4440874,-20.3808079],[-46.4438585,-20.3805981],[-46.4436277,-20.3804494],[-46.4433394,-20.3801948],[-46.443009,-20.3801019],[-46.4426981,-20.3800626],[-46.4423364,-20.3801003],[-46.4419473,-20.3800393],[-46.4414546,-20.3799056],[-46.44098,-20.3799872],[-46.4404556,-20.3801589],[-46.4401409,-20.3803885],[-46.4399709,-20.3805095],[-46.4398264,-20.3806534],[-46.4395479,-20.3807812],[-46.4392843,-20.3809573],[-46.4389434,-20.3810976],[-46.4385634,-20.3811186],[-46.4379934,-20.3811592],[-46.4376131,-20.3811504],[-46.437343,-20.3812123],[-46.4372095,-20.3812352],[-46.4370378,-20.3812447],[-46.4368165,-20.381279],[-46.4364541,-20.3813458],[-46.4360379,-20.3814562],[-46.435709,-20.3815186],[-46.4352847,-20.381552],[-46.4349616,-20.3815606],[-46.4346064,-20.3815277],[-46.4343074,-20.3814106],[-46.4340726,-20.3813767],[-46.4336101,-20.3813805],[-46.4330934,-20.381429],[-46.4326294,-20.3814185],[-46.4323863,-20.3814491],[-46.4321424,-20.3813866],[-46.4319604,-20.3811932],[-46.4317509,-20.3809882],[-46.4316808,-20.3808167],[-46.4316477,-20.380523],[-46.4316628,-20.3801556],[-46.4317353,-20.3799515],[-46.4318345,-20.3796177],[-46.4320243,-20.3793008],[-46.4319092,-20.3791871],[-46.4316171,-20.3792401],[-46.4311052,-20.3794231],[-46.4307626,-20.3795128],[-46.4304825,-20.3795143],[-46.4301479,-20.379517],[-46.4299004,-20.3795777],[-46.4295075,-20.3796578],[-46.4291794,-20.3798428],[-46.4287293,-20.380045],[-46.4284737,-20.3800564],[-46.4281075,-20.3800316],[-46.4278023,-20.3799248],[-46.4274857,-20.3797875],[-46.4269784,-20.3797207],[-46.426574,-20.3797284],[-46.4261957,-20.3797573],[-46.4258388,-20.3798176],[-46.4256337,-20.3798336],[-46.4254435,-20.379828],[-46.4251764,-20.3797226],[-46.4250299,-20.3795087],[-46.4248076,-20.3793169],[-46.4245702,-20.3791324],[-46.42428,-20.3789985],[-46.423846,-20.3789447],[-46.4233205,-20.3788629],[-46.4228705,-20.378716],[-46.4225421,-20.3785609],[-46.4224261,-20.3783539],[-46.4223777,-20.378046],[-46.4225037,-20.3777142],[-46.4225636,-20.3775855],[-46.4227449,-20.377455],[-46.422992,-20.377327],[-46.4232246,-20.3771897],[-46.4235239,-20.3769897],[-46.4237504,-20.3768157],[-46.4239544,-20.3766707],[-46.4243181,-20.3765243],[-46.4246895,-20.3764325],[-46.4248414,-20.3763694],[-46.4250849,-20.3763889],[-46.4252901,-20.3763801],[-46.4255489,-20.3763995],[-46.425778,-20.3765052],[-46.4260526,-20.3765961],[-46.4263877,-20.3766579],[-46.4267302,-20.3766838],[-46.4270356,-20.3767376],[-46.4273522,-20.3767319],[-46.4276459,-20.3766842],[-46.427974,-20.376545],[-46.4282334,-20.3763409],[-46.4283402,-20.3761673],[-46.4285184,-20.3759808],[-46.4285994,-20.3756933],[-46.4286494,-20.3753487],[-46.4287102,-20.3750306],[-46.4289429,-20.3748246],[-46.4290421,-20.374712],[-46.429279,-20.3743539],[-46.4293903,-20.3740447],[-46.4292426,-20.3736945],[-46.4290654,-20.373445],[-46.4288874,-20.3731166],[-46.4285118,-20.3728104],[-46.4283326,-20.372694],[-46.4281423,-20.3725894],[-46.4279825,-20.372285],[-46.4278284,-20.3720711],[-46.4276658,-20.3717569],[-46.4274812,-20.3715218],[-46.4272057,-20.3713376],[-46.4268018,-20.3712405],[-46.4263606,-20.3712226],[-46.4260344,-20.3713042],[-46.4257924,-20.3714496],[-46.425596,-20.3716018],[-46.4252096,-20.3717483],[-46.4249448,-20.3719011],[-46.4248166,-20.3720169],[-46.42472,-20.3722615],[-46.4246388,-20.3725275],[-46.4245278,-20.37279],[-46.4243271,-20.3729573],[-46.4240334,-20.3730946],[-46.4238226,-20.3730791],[-46.4235943,-20.3730595],[-46.4233129,-20.3730546],[-46.4229999,-20.3729209],[-46.4226496,-20.3728736],[-46.4222239,-20.3728842],[-46.4218909,-20.373059],[-46.421664,-20.3731971],[-46.4213607,-20.3732928],[-46.4210494,-20.3733455],[-46.4207668,-20.3732044],[-46.4205438,-20.3729409],[-46.4201652,-20.3724766],[-46.4200432,-20.3721733],[-46.4200088,-20.3718853],[-46.4200203,-20.3717728],[-46.420047,-20.3715649],[-46.420108,-20.3712559],[-46.4202072,-20.3710938],[-46.4202797,-20.3708668],[-46.4203674,-20.3706131],[-46.4205734,-20.3703137],[-46.4206853,-20.3701144],[-46.4206677,-20.3698564],[-46.4204836,-20.3696786],[-46.4202618,-20.3695442],[-46.419995,-20.3694747],[-46.4196529,-20.3694846],[-46.4193108,-20.3694874],[-46.4189685,-20.3694758],[-46.4185957,-20.3694573],[-46.4183133,-20.3693449],[-46.4181256,-20.3692699],[-46.4180821,-20.3690026],[-46.4182327,-20.3688436],[-46.4185284,-20.368748],[-46.4187403,-20.3686387],[-46.4189063,-20.3685011],[-46.4190345,-20.3683781],[-46.4192306,-20.3680649],[-46.419438,-20.3676796],[-46.4194982,-20.3675282],[-46.419551,-20.3671246],[-46.4196388,-20.3669415],[-46.4197227,-20.3667793],[-46.4199096,-20.3664837],[-46.4200317,-20.3662758],[-46.4203598,-20.365839],[-46.4205085,-20.3657608],[-46.4206676,-20.3656901],[-46.4208574,-20.3656599],[-46.4210401,-20.3656799],[-46.4212094,-20.3659008],[-46.4214406,-20.366236],[-46.4217402,-20.3665706],[-46.4219867,-20.3669199],[-46.4222319,-20.3671187],[-46.4225381,-20.3673385],[-46.4229563,-20.3673351],[-46.4233605,-20.3674681],[-46.4236661,-20.3676233],[-46.4239418,-20.3678417],[-46.424102,-20.367878],[-46.4243462,-20.3678532],[-46.4244662,-20.3678104],[-46.4245636,-20.3676447],[-46.4245458,-20.3673652],[-46.4245745,-20.3671785],[-46.4245717,-20.3668773],[-46.4246437,-20.3665905],[-46.4247772,-20.3664989],[-46.4249947,-20.3664513],[-46.4252273,-20.3664169],[-46.4254448,-20.3663025],[-46.4254829,-20.3661537],[-46.4255213,-20.3659445],[-46.4255341,-20.3656863],[-46.4254982,-20.3654308],[-46.4255249,-20.3651333],[-46.4256202,-20.3650055],[-46.4257576,-20.3648777],[-46.4260361,-20.3648433],[-46.4262306,-20.3647652],[-46.4263412,-20.3645344],[-46.426429,-20.3644657],[-46.4265968,-20.3643875],[-46.4267799,-20.3643322],[-46.4269859,-20.3644485],[-46.427108,-20.3645725],[-46.4271919,-20.3646755],[-46.4272797,-20.3647346],[-46.4274361,-20.3648586],[-46.4276356,-20.3651672],[-46.4278864,-20.3651508],[-46.4283249,-20.365118],[-46.4286101,-20.3652954],[-46.4288398,-20.3654656],[-46.4290467,-20.3656361],[-46.4293295,-20.3657987],[-46.4296219,-20.3661423],[-46.4296944,-20.3663273],[-46.4296829,-20.3665256],[-46.4295579,-20.3666501],[-46.429369,-20.3667808],[-46.429188,-20.36694],[-46.4289918,-20.3671065],[-46.428858,-20.3674447],[-46.4289291,-20.3677309],[-46.429168,-20.3680732],[-46.4294822,-20.3683431],[-46.4296828,-20.3686498],[-46.4296621,-20.3688794],[-46.4294541,-20.3690205],[-46.4291246,-20.369142],[-46.4288672,-20.369266],[-46.4288154,-20.3694242],[-46.4289087,-20.3696457],[-46.4292072,-20.3698512],[-46.4291935,-20.3700234],[-46.4289367,-20.370212],[-46.4287479,-20.3703498],[-46.4285899,-20.3705375],[-46.4284242,-20.370711],[-46.4283631,-20.3709145],[-46.4283676,-20.3711704],[-46.4285444,-20.3713769],[-46.4287579,-20.3714397],[-46.4290016,-20.3714735],[-46.4293592,-20.3714993],[-46.4297091,-20.3715036],[-46.4301369,-20.3716755],[-46.4303315,-20.371851],[-46.4305375,-20.3720112],[-46.430732,-20.3722172],[-46.4309309,-20.3724066],[-46.4312239,-20.3725023],[-46.4313833,-20.3724723],[-46.4315413,-20.3722917],[-46.4317513,-20.3719673],[-46.4318403,-20.3717227],[-46.432103,-20.3713549],[-46.4323136,-20.3711022],[-46.4324949,-20.3709716],[-46.4327299,-20.3708908],[-46.4329342,-20.3707816],[-46.4331924,-20.3707436],[-46.4334666,-20.3707915],[-46.4337564,-20.3708824],[-46.433986,-20.3710937],[-46.4343751,-20.3711491],[-46.4345696,-20.3711376],[-46.4347985,-20.3711185],[-46.4351037,-20.371048],[-46.4353745,-20.370924],[-46.4356912,-20.3707275],[-46.4360192,-20.3706245],[-46.4362405,-20.3705463],[-46.4366641,-20.370378],[-46.4368916,-20.3703116],[-46.4372643,-20.3703229],[-46.4375535,-20.370342],[-46.437844,-20.3705045],[-46.4380898,-20.370775],[-46.4381755,-20.3709966],[-46.4381245,-20.3712408],[-46.4379647,-20.3713817],[-46.4378524,-20.3714152],[-46.4377089,-20.3715239],[-46.4375276,-20.3716473],[-46.4374536,-20.3718702],[-46.4376211,-20.3721711],[-46.437762,-20.3723338],[-46.4378471,-20.3724908],[-46.4378954,-20.3727773],[-46.4378529,-20.3731075],[-46.437713,-20.3733349],[-46.4375795,-20.3734856],[-46.4373353,-20.3736763],[-46.4373201,-20.3738792],[-46.4373975,-20.3740219],[-46.4375734,-20.374128],[-46.4378622,-20.3741113],[-46.4381587,-20.3741089],[-46.4384475,-20.3740922],[-46.4386846,-20.3742336],[-46.4388307,-20.374382],[-46.439045,-20.3745605],[-46.4391661,-20.374495],[-46.4392478,-20.3742863],[-46.4393138,-20.3740276],[-46.4393721,-20.3737547],[-46.4394688,-20.3735172],[-46.4396265,-20.373308],[-46.439845,-20.3730839],[-46.4400704,-20.372788],[-46.4402819,-20.3726357],[-46.4404672,-20.3725262],[-46.4407296,-20.3725316],[-46.4409507,-20.3726015],[-46.4412719,-20.3727924],[-46.4414261,-20.3730206],[-46.4417476,-20.3732546],[-46.4420388,-20.373496],[-46.4422386,-20.3737167],[-46.4423633,-20.3740383],[-46.4423518,-20.37444],[-46.4423098,-20.3746929],[-46.442283,-20.3749103],[-46.442283,-20.3750267],[-46.4423522,-20.3751444],[-46.4426095,-20.3751621],[-46.4427761,-20.3750962],[-46.4430338,-20.3750008],[-46.4433375,-20.3749481],[-46.4436869,-20.3749022],[-46.4440519,-20.3749064],[-46.4444704,-20.3749316],[-46.4448509,-20.3749643],[-46.4450646,-20.3750414],[-46.4452565,-20.3752334],[-46.445395,-20.3754115],[-46.4453826,-20.3757128],[-46.4452503,-20.3760765],[-46.44513,-20.3763531],[-46.4452307,-20.3765441],[-46.4453577,-20.376543],[-46.4456362,-20.3765087],[-46.4458689,-20.3764439],[-46.446113,-20.3763962],[-46.4462961,-20.3763943],[-46.4465517,-20.3764191],[-46.4468187,-20.3764801],[-46.4470247,-20.3766422],[-46.4472422,-20.3767891],[-46.4473528,-20.3768692],[-46.4475207,-20.377058],[-46.4476313,-20.3772049],[-46.4479189,-20.3774369],[-46.4480965,-20.3777415],[-46.4483406,-20.3780299],[-46.4485855,-20.3784046],[-46.4488541,-20.3786457],[-46.4492134,-20.3787997],[-46.4496479,-20.3789844],[-46.4501399,-20.3790824],[-46.4504895,-20.3790873],[-46.4509577,-20.3791256],[-46.4510381,-20.3790042],[-46.4509865,-20.3788242],[-46.4508672,-20.3785348],[-46.4506977,-20.3782065],[-46.4504706,-20.3779573],[-46.450088,-20.3776817],[-46.4498209,-20.3773956],[-46.4496264,-20.3772259],[-46.4493708,-20.3769111],[-46.4490961,-20.3765068],[-46.4489741,-20.3762779],[-46.4489512,-20.3760471],[-46.4490863,-20.3758811],[-46.4492259,-20.3756837],[-46.4495227,-20.375383],[-46.4498034,-20.3751374],[-46.4499506,-20.3748913],[-46.4500994,-20.3747863],[-46.4502482,-20.3746392],[-46.4503621,-20.3743636],[-46.4503351,-20.374144],[-46.4501097,-20.3740674],[-46.449786,-20.3741643],[-46.4496201,-20.3742206],[-46.4493464,-20.3743249],[-46.4489664,-20.3743343],[-46.448749,-20.3743553],[-46.4486041,-20.3743553],[-46.4482988,-20.3743534],[-46.4480433,-20.374342],[-46.4475435,-20.3742828],[-46.4472269,-20.374237],[-46.4469484,-20.3742027],[-46.4467157,-20.3741684],[-46.4461797,-20.373896],[-46.4459966,-20.3737129],[-46.4458855,-20.3735845],[-46.4457086,-20.3733662],[-46.4455398,-20.3731086],[-46.4454382,-20.3729211],[-46.4454188,-20.3726308],[-46.4457125,-20.3723469],[-46.445907,-20.3722419],[-46.4460291,-20.3721409],[-46.446216,-20.372036],[-46.4464335,-20.3719349],[-46.4466344,-20.3717888],[-46.4468752,-20.3717241],[-46.4471656,-20.3716353],[-46.4474443,-20.3716602],[-46.4476504,-20.3715953],[-46.4479937,-20.3714427],[-46.4482264,-20.371355],[-46.4483942,-20.3712635],[-46.4486041,-20.3711719],[-46.4488214,-20.3710212],[-46.4489817,-20.3709201],[-46.4492029,-20.3706874],[-46.4496355,-20.3705239],[-46.4498083,-20.3703184],[-46.4497069,-20.3701544],[-46.4495424,-20.3700714],[-46.4494242,-20.3700351],[-46.449264,-20.3700103],[-46.4491419,-20.3699874],[-46.4489969,-20.3699531],[-46.4488749,-20.3699417],[-46.4486307,-20.3699379],[-46.4484858,-20.3699398],[-46.4482416,-20.3699379],[-46.4479975,-20.3699607],[-46.4477419,-20.3699951],[-46.4474405,-20.3700294],[-46.4471849,-20.3700275],[-46.4469865,-20.3700733],[-46.4468798,-20.3701057],[-46.4467081,-20.3702125],[-46.4464642,-20.3704874],[-46.4462497,-20.3706932],[-46.4460342,-20.3707892],[-46.4457926,-20.3708152],[-46.4456209,-20.3708038],[-46.4455162,-20.3705737],[-46.4455224,-20.3703539],[-46.4456453,-20.370141],[-46.4458427,-20.3698882],[-46.4462295,-20.369422],[-46.4462767,-20.3691233],[-46.4462226,-20.3686764],[-46.4461289,-20.3684496],[-46.4460355,-20.3682463],[-46.4458586,-20.3680202],[-46.4456094,-20.3679752],[-46.4454847,-20.3680939],[-46.4454371,-20.3683376],[-46.445398,-20.3686126],[-46.445309,-20.3688802],[-46.445153,-20.3691091],[-46.4450214,-20.3692828],[-46.4448643,-20.369394],[-46.4445495,-20.3695457],[-46.4442091,-20.3696349],[-46.4439361,-20.3698177],[-46.4437885,-20.3700543],[-46.4436571,-20.3702438],[-46.4434673,-20.370418],[-46.443252,-20.3705375],[-46.4430803,-20.3703727],[-46.4430917,-20.3701648],[-46.4431413,-20.3700599],[-46.4432547,-20.3699332],[-46.4432862,-20.3697367],[-46.4432088,-20.3694705],[-46.4430345,-20.3692665],[-46.4429277,-20.3690281],[-46.4429048,-20.3688736],[-46.4429277,-20.3686809],[-46.4429544,-20.3685436],[-46.443004,-20.3684406],[-46.4431375,-20.3683033],[-46.44321,-20.3681411],[-46.4432848,-20.3677982],[-46.4432904,-20.3674999],[-46.4434084,-20.3671855],[-46.4436411,-20.3670844],[-46.4437974,-20.3670291],[-46.4439691,-20.3669738],[-46.4441408,-20.3668899],[-46.4441789,-20.3667869],[-46.4441522,-20.3666286],[-46.4440073,-20.3664989],[-46.4439119,-20.3664321],[-46.4437898,-20.3663826],[-46.4435342,-20.3663349],[-46.4433511,-20.3663368],[-46.443168,-20.3663463],[-46.4427997,-20.3666484],[-46.442502,-20.3668471],[-46.4422122,-20.3670065],[-46.4419961,-20.3670397],[-46.4418024,-20.3668289],[-46.441707,-20.3666534],[-46.4416726,-20.3665046],[-46.441532,-20.3663607],[-46.4413675,-20.366167],[-46.4411729,-20.3661785],[-46.4409402,-20.3662395],[-46.4407113,-20.3663177],[-46.440429,-20.3663826],[-46.4401025,-20.3665687],[-46.4397958,-20.3666362],[-46.4395784,-20.3666572],[-46.4392783,-20.3665362],[-46.4391068,-20.366341],[-46.4391156,-20.3660431],[-46.4389556,-20.3658404],[-46.4386867,-20.3655679],[-46.4385257,-20.3652553],[-46.4384071,-20.3650365],[-46.4382629,-20.3647395],[-46.4381196,-20.3645444],[-46.43792,-20.3645539],[-46.4378063,-20.3648609],[-46.4375758,-20.3651297],[-46.4373685,-20.3652177],[-46.4370149,-20.364994],[-46.4368317,-20.3648548],[-46.4364693,-20.3646812],[-46.4362977,-20.3646373],[-46.435882,-20.3646649],[-46.4356975,-20.3645094],[-46.4356793,-20.3643447],[-46.4358247,-20.3642215],[-46.4359684,-20.3641148],[-46.435983,-20.363887],[-46.435831,-20.3636528],[-46.4355727,-20.3636157],[-46.4352814,-20.3636181],[-46.4349411,-20.3637151],[-46.4346425,-20.3638196],[-46.4342528,-20.3639797],[-46.4339538,-20.364045],[-46.4336624,-20.3640317],[-46.433429,-20.3639944],[-46.4331537,-20.363926],[-46.4328949,-20.3638076],[-46.4328072,-20.3636951],[-46.4326737,-20.3634605],[-46.4326056,-20.3631535],[-46.4325782,-20.3628869],[-46.4325417,-20.3625418],[-46.4323046,-20.3620964],[-46.4321599,-20.3617523],[-46.4320908,-20.3614703],[-46.4321455,-20.3610853],[-46.4322513,-20.3608254],[-46.4323664,-20.3606753],[-46.4324978,-20.3604859],[-46.4327712,-20.360387],[-46.4330787,-20.3603084],[-46.4333618,-20.3603218],[-46.4337873,-20.360436],[-46.4340961,-20.3605277],[-46.4344136,-20.3606664],[-46.4347573,-20.3609382],[-46.4350764,-20.3612495],[-46.4353868,-20.3615138],[-46.4357387,-20.36177],[-46.4360575,-20.3620499],[-46.4362325,-20.362072],[-46.4362595,-20.3619232],[-46.4362595,-20.3617477],[-46.4362481,-20.3615989],[-46.436187,-20.3614501],[-46.4361146,-20.3612651],[-46.4361069,-20.3609218],[-46.4362405,-20.3608302],[-46.4364121,-20.3608055],[-46.43658,-20.3608321],[-46.4367516,-20.3609428],[-46.4367658,-20.3612435],[-46.4368101,-20.3615335],[-46.4368873,-20.361784],[-46.4371535,-20.361774],[-46.4373582,-20.3616027],[-46.437465,-20.3615112],[-46.4375756,-20.3614062],[-46.437774,-20.3611106],[-46.4378464,-20.3609847],[-46.4379685,-20.3608798],[-46.4381402,-20.3607883],[-46.4382851,-20.3606643],[-46.4385293,-20.3605594],[-46.4386628,-20.3605174],[-46.438823,-20.3605155],[-46.4390901,-20.3605632],[-46.4393075,-20.3606338],[-46.4395135,-20.3607139],[-46.4398416,-20.3608417],[-46.4401582,-20.3609199],[-46.4402459,-20.3607711],[-46.4402803,-20.3605766],[-46.4402803,-20.3604182],[-46.4402841,-20.3602542],[-46.4402574,-20.3600387],[-46.4401734,-20.3598632],[-46.440101,-20.3596114],[-46.4400029,-20.3594195],[-46.4399506,-20.3591688],[-46.4400904,-20.3589793],[-46.4403303,-20.3588282],[-46.4405632,-20.3588106],[-46.4407636,-20.3588874],[-46.4410145,-20.3590188],[-46.4413102,-20.3591212],[-46.4416383,-20.3591193],[-46.441871,-20.3590983],[-46.4421299,-20.3590488],[-46.442078,-20.3588295],[-46.4419682,-20.3586655],[-46.4417985,-20.358467],[-46.4417653,-20.358314],[-46.4418807,-20.3581954],[-46.4420922,-20.358158],[-46.442171,-20.3580909],[-46.4422194,-20.3579257],[-46.4420746,-20.3578009],[-46.4418343,-20.3576541],[-46.4415418,-20.3575546],[-46.441318,-20.357351],[-46.4412911,-20.3570842],[-46.4415272,-20.3568797],[-46.4418762,-20.3568141],[-46.4422008,-20.3568271],[-46.4424416,-20.3567623],[-46.4424565,-20.3565817],[-46.4423711,-20.3563469],[-46.4422219,-20.3561686],[-46.4420159,-20.3558673],[-46.4416573,-20.3556543],[-46.441372,-20.3553976],[-46.4410785,-20.3551568],[-46.4408271,-20.3549705],[-46.4407304,-20.3547267],[-46.440597,-20.3543837],[-46.4405357,-20.3540546],[-46.440635,-20.3537921],[-46.440732,-20.3536841],[-46.440948,-20.3536431],[-46.4411896,-20.3536725],[-46.4415915,-20.353936],[-46.4417927,-20.3540992],[-46.4421111,-20.354332],[-46.4424383,-20.3546197],[-46.4426988,-20.3549498],[-46.4430535,-20.3551596],[-46.4433601,-20.3553106],[-46.4435588,-20.3551912],[-46.4436645,-20.3549235],[-46.4436785,-20.3546408],[-46.4436007,-20.3543354],[-46.443498,-20.3540223],[-46.44329,-20.3536166],[-46.4431069,-20.3533877],[-46.4430345,-20.3532485],[-46.442901,-20.353155],[-46.442817,-20.353052],[-46.4425996,-20.3528231],[-46.4424432,-20.3526114],[-46.442344,-20.3525237],[-46.4422486,-20.3524188],[-46.441909,-20.3522852],[-46.4415829,-20.3521152],[-46.4411391,-20.3518206],[-46.4407533,-20.3515643],[-46.4404748,-20.3514231],[-46.4403031,-20.3512744],[-46.440125,-20.351052],[-46.4397713,-20.3505997],[-46.4397359,-20.3503646],[-46.439689,-20.3501109],[-46.4398225,-20.3499144],[-46.4398835,-20.3498228],[-46.4401708,-20.3497017],[-46.4404867,-20.3496677],[-46.440827,-20.3495786],[-46.4410589,-20.3494589],[-46.441373,-20.3492287],[-46.4416796,-20.3490849],[-46.4419038,-20.349036],[-46.4421621,-20.3490731],[-46.4424317,-20.3492106],[-46.4425826,-20.3495484],[-46.4425596,-20.3497526],[-46.4424706,-20.3500359],[-46.442499,-20.3503967],[-46.4426258,-20.3506154],[-46.4427615,-20.350889],[-46.442731,-20.3511875],[-46.442567,-20.3514478],[-46.4424317,-20.3516596],[-46.4425042,-20.3518809],[-46.4425767,-20.3521327],[-46.442824,-20.3522463],[-46.443107,-20.3522518],[-46.4433483,-20.3522419],[-46.4436642,-20.3522079],[-46.4439559,-20.3522604],[-46.4442566,-20.3523757],[-46.4444743,-20.352523],[-46.4446061,-20.3527697],[-46.4448007,-20.3529986],[-46.4450124,-20.3531072],[-46.4452451,-20.3530739],[-46.44551,-20.3529226],[-46.4457827,-20.3527241],[-46.4460481,-20.3526199],[-46.4462973,-20.3525786],[-46.4466467,-20.35256],[-46.4469542,-20.3525182],[-46.4472861,-20.3524134],[-46.4476261,-20.3522928],[-46.4479415,-20.352196],[-46.4481907,-20.3521547],[-46.4484661,-20.3522309],[-46.448667,-20.3523627],[-46.4489094,-20.3524706],[-46.4491176,-20.3524924],[-46.449401,-20.352545],[-46.4498605,-20.3527295],[-46.4501779,-20.3528603],[-46.4504453,-20.3529758],[-46.4506616,-20.3529662],[-46.4509342,-20.352752],[-46.4511956,-20.3526681],[-46.4513745,-20.3526762],[-46.4515669,-20.3527781],[-46.4517678,-20.3529099],[-46.451986,-20.3531043],[-46.4521949,-20.3531967],[-46.4524028,-20.3531793],[-46.4525675,-20.3529223],[-46.4527391,-20.352785],[-46.4528345,-20.3527468],[-46.4532234,-20.3527602],[-46.4534823,-20.352927],[-46.4537256,-20.3531369],[-46.4539274,-20.3533628],[-46.4541284,-20.3535024],[-46.4543278,-20.3534615],[-46.4545244,-20.3532122],[-46.4547075,-20.3529032],[-46.4547982,-20.3527209],[-46.4550354,-20.3526001],[-46.4553763,-20.3525738],[-46.4556682,-20.3526341],[-46.4560122,-20.3526534],[-46.456119,-20.352783],[-46.4563517,-20.3530577],[-46.4565691,-20.3532446],[-46.4567866,-20.353464],[-46.4569582,-20.3536032],[-46.4571757,-20.3538092],[-46.4573473,-20.3539122],[-46.4574427,-20.3539694],[-46.4575991,-20.3540266],[-46.4579157,-20.3541182],[-46.4580492,-20.3541907],[-46.4583773,-20.3542822],[-46.4584765,-20.3543318],[-46.4588573,-20.3546089],[-46.4589427,-20.3548436],[-46.459079,-20.3551799],[-46.4591324,-20.3555405],[-46.4593409,-20.3555937],[-46.4596729,-20.3554968],[-46.4598951,-20.3552359],[-46.4599754,-20.3549213],[-46.4601635,-20.3545744],[-46.4601777,-20.3543153],[-46.4599146,-20.3539542],[-46.459804,-20.3538416],[-46.4596095,-20.3537119],[-46.4593691,-20.3535383],[-46.4592761,-20.353122],[-46.4592904,-20.3528707],[-46.4593633,-20.3526661],[-46.4594522,-20.3523828],[-46.4594825,-20.3520686],[-46.4594454,-20.351816],[-46.459436,-20.3515431],[-46.4594171,-20.3513078],[-46.4594152,-20.3510959],[-46.4595217,-20.3508719],[-46.4596438,-20.3506754],[-46.4598536,-20.3505514],[-46.4599871,-20.3505514],[-46.4602923,-20.3505629],[-46.4604487,-20.3505648],[-46.4607653,-20.3506353],[-46.4610819,-20.3507364],[-46.4613986,-20.3507975],[-46.4618487,-20.3508204],[-46.4622607,-20.3508223],[-46.4625544,-20.3508242],[-46.4627604,-20.3508223],[-46.4630771,-20.3508146],[-46.4631991,-20.3508128],[-46.4633822,-20.3508261],[-46.4636988,-20.3508719],[-46.4640612,-20.3509329],[-46.4645266,-20.3509653],[-46.464973,-20.3510702],[-46.4653163,-20.3512705],[-46.4655566,-20.3513849],[-46.4659272,-20.3515751],[-46.4661857,-20.3516279],[-46.4664338,-20.351461],[-46.466579,-20.3511999],[-46.4666896,-20.3511312],[-46.4669948,-20.3510759],[-46.4672008,-20.3510645],[-46.467422,-20.3510531],[-46.4676776,-20.3510206],[-46.4679775,-20.3510242],[-46.4684215,-20.3508642],[-46.4687114,-20.3508757],[-46.4689555,-20.3510054],[-46.4690395,-20.3511618],[-46.469028,-20.3513239],[-46.4688723,-20.3514876],[-46.4685577,-20.3516629],[-46.4682429,-20.3518146],[-46.468012,-20.3520363],[-46.4678531,-20.3522871],[-46.4677517,-20.3526664],[-46.4675879,-20.3529503],[-46.4673267,-20.3530787],[-46.467123,-20.353072],[-46.4667993,-20.3531532],[-46.4667599,-20.3533889],[-46.4666536,-20.3535939],[-46.466448,-20.3538468],[-46.4662321,-20.3538957],[-46.4658649,-20.3537889],[-46.4655145,-20.3536976],[-46.4652488,-20.3537548],[-46.4648997,-20.3538048],[-46.4645588,-20.3538312],[-46.4640504,-20.353757],[-46.4636501,-20.3536662],[-46.4632917,-20.3536064],[-46.4629435,-20.3535708],[-46.4624931,-20.3536366],[-46.4622783,-20.3537954],[-46.4622874,-20.3539828],[-46.4625655,-20.3542482],[-46.4628582,-20.3544027],[-46.4631502,-20.3544866],[-46.463489,-20.3545054],[-46.4637065,-20.3545988],[-46.464193,-20.3547604],[-46.4644366,-20.3549938],[-46.464605,-20.3552043],[-46.464659,-20.3556355],[-46.4646298,-20.3560674],[-46.4643245,-20.3562926],[-46.4638416,-20.3563252],[-46.463484,-20.3563439],[-46.4631918,-20.3562522],[-46.4628415,-20.3561688],[-46.4626253,-20.3561863],[-46.4625265,-20.356297],[-46.4627804,-20.3567422],[-46.4628991,-20.3569845],[-46.4629271,-20.3573061],[-46.4628129,-20.3575425],[-46.4626498,-20.3576525],[-46.4623561,-20.3576868],[-46.4621386,-20.3576888],[-46.461822,-20.3576868],[-46.4615674,-20.3578433],[-46.4614866,-20.358103],[-46.4615059,-20.3583854],[-46.4613663,-20.3585827],[-46.4611349,-20.3587573],[-46.4608361,-20.3588383],[-46.4606124,-20.3589501],[-46.4604813,-20.3591631],[-46.4605423,-20.359453],[-46.4605443,-20.3596649],[-46.4604802,-20.3599322],[-46.4603661,-20.3601843],[-46.4602351,-20.3604209],[-46.4598765,-20.3606032],[-46.4597163,-20.3607749],[-46.4596324,-20.3608531],[-46.4593653,-20.3609675],[-46.4591822,-20.3611277],[-46.4590602,-20.3612651],[-46.4591385,-20.3615053],[-46.4592984,-20.3617002],[-46.4594339,-20.3619502],[-46.4594278,-20.3621857],[-46.4592721,-20.362446],[-46.4589654,-20.3625663],[-46.4586248,-20.3626319],[-46.4582835,-20.3626269],[-46.458009,-20.3626371],[-46.4576502,-20.3625459],[-46.4571662,-20.3624008],[-46.4567065,-20.3621927],[-46.4562468,-20.3619768],[-46.4559796,-20.3618849],[-46.4557566,-20.3618068],[-46.4555506,-20.3618907],[-46.4555392,-20.3620166],[-46.4555392,-20.3621654],[-46.4555353,-20.3623962],[-46.4553947,-20.3625255],[-46.4552208,-20.3626132],[-46.4551303,-20.3627317],[-46.4551149,-20.3628574],[-46.4551833,-20.3630609],[-46.4553928,-20.3632083],[-46.4555926,-20.3633345],[-46.4556949,-20.3634805],[-46.4557057,-20.363695],[-46.4556332,-20.3639125],[-46.4555049,-20.3641089],[-46.4555163,-20.364294],[-46.4556765,-20.364395],[-46.4557986,-20.3644084],[-46.4559664,-20.3643989],[-46.4560771,-20.3643741],[-46.4562831,-20.3643283],[-46.4564547,-20.3642711],[-46.4565653,-20.3642119],[-46.456882,-20.3641242],[-46.4570316,-20.3640266],[-46.4572476,-20.3639855],[-46.4575642,-20.3640221],[-46.4579148,-20.3641291],[-46.4582917,-20.3643849],[-46.4584762,-20.3645325],[-46.4586032,-20.3647669],[-46.4587981,-20.365142],[-46.4589172,-20.3654078],[-46.4592025,-20.3656644],[-46.4594872,-20.3658426],[-46.459746,-20.3659346],[-46.4600552,-20.3660654],[-46.4603242,-20.3663536],[-46.4606814,-20.3665637],[-46.4609164,-20.3664899],[-46.4610226,-20.3662771],[-46.4610199,-20.3659867],[-46.4608747,-20.3655955],[-46.4606557,-20.3653148],[-46.4603699,-20.365019],[-46.4601846,-20.3647772],[-46.4600731,-20.3644328],[-46.4600765,-20.3639069],[-46.4601978,-20.3635292],[-46.460237,-20.3632699],[-46.4603004,-20.3629397],[-46.4603811,-20.3626643],[-46.4605628,-20.3625215],[-46.460871,-20.3625503],[-46.4610744,-20.3626307],[-46.4612646,-20.3628061],[-46.4614175,-20.3631344],[-46.4615477,-20.3637063],[-46.4617524,-20.3642382],[-46.4620213,-20.3645107],[-46.4623145,-20.3647123],[-46.4627109,-20.364889],[-46.4630847,-20.3648661],[-46.4633174,-20.3648204],[-46.4634166,-20.3647422],[-46.4635866,-20.3645839],[-46.4635498,-20.3642075],[-46.4633066,-20.3640133],[-46.4630553,-20.3638427],[-46.4629365,-20.3636004],[-46.4627643,-20.363325],[-46.4627147,-20.3632087],[-46.4626918,-20.3630008],[-46.4625964,-20.3626212],[-46.4625621,-20.3622512],[-46.4625621,-20.3618277],[-46.4626002,-20.3615969],[-46.4627109,-20.3612879],[-46.4628215,-20.3611163],[-46.4629168,-20.3609656],[-46.463161,-20.3606108],[-46.4632602,-20.3604029],[-46.4634204,-20.3602065],[-46.4640221,-20.3599119],[-46.4643579,-20.3598841],[-46.4646909,-20.359897],[-46.46509,-20.3598622],[-46.4655735,-20.3599445],[-46.4659075,-20.3600673],[-46.466242,-20.3602371],[-46.466459,-20.3603059],[-46.4667659,-20.3603781],[-46.4671032,-20.3606616],[-46.4674805,-20.3609566],[-46.4677664,-20.3612682],[-46.4680685,-20.3615325],[-46.4683516,-20.3615458],[-46.4685165,-20.3613874],[-46.4686055,-20.3611198],[-46.4686203,-20.3609235],[-46.4685422,-20.3605867],[-46.4683727,-20.3602585],[-46.4681531,-20.3599228],[-46.4678181,-20.359698],[-46.4675415,-20.3594885],[-46.4672904,-20.3593336],[-46.4671043,-20.3590212],[-46.4670177,-20.3586539],[-46.467052,-20.3583239],[-46.4670876,-20.3581345],[-46.4673027,-20.3579914],[-46.4675439,-20.3579815],[-46.4677444,-20.3580583],[-46.4680041,-20.3582445],[-46.468306,-20.3584931],[-46.4685424,-20.3588443],[-46.4687196,-20.3591018],[-46.4689719,-20.3593822],[-46.4691905,-20.3596159],[-46.4695528,-20.3600837],[-46.4696473,-20.3603969],[-46.4696745,-20.3606321],[-46.469636,-20.360962],[-46.4695558,-20.3612845],[-46.4695084,-20.3615517],[-46.4693613,-20.3618355],[-46.4692479,-20.3621661],[-46.4691425,-20.362562],[-46.4690808,-20.3629759],[-46.4690678,-20.3633606],[-46.4690952,-20.3636194],[-46.4691891,-20.3638619],[-46.469374,-20.3640565],[-46.4695392,-20.364149],[-46.4697472,-20.36392],[-46.4699054,-20.3636893],[-46.4699703,-20.3633689],[-46.4700046,-20.363161],[-46.4702206,-20.3629428],[-46.470477,-20.3627758],[-46.4706606,-20.3628292],[-46.470869,-20.3628588],[-46.471029,-20.3630537],[-46.4712057,-20.3632641],[-46.4714566,-20.3633954],[-46.471606,-20.3633549],[-46.4716874,-20.363158],[-46.4716239,-20.362875],[-46.4715399,-20.3625235],[-46.4714962,-20.3623041],[-46.4714438,-20.3620456],[-46.4714466,-20.361761],[-46.4714123,-20.3614634],[-46.4715952,-20.3613301],[-46.4717854,-20.3612029],[-46.4719682,-20.36117],[-46.4721434,-20.3612234],[-46.4724524,-20.3613307],[-46.4726635,-20.3615034],[-46.4728216,-20.3616572],[-46.4729305,-20.3620642],[-46.4730889,-20.362636],[-46.4734002,-20.3629944],[-46.4736419,-20.3630316],[-46.4737976,-20.3627713],[-46.4739033,-20.3623904],[-46.4739414,-20.3620699],[-46.4739529,-20.3618487],[-46.4740406,-20.361677],[-46.4741741,-20.3615855],[-46.4743916,-20.3615187],[-46.4747578,-20.3614939],[-46.4751469,-20.361265],[-46.4751354,-20.3611296],[-46.4750617,-20.3609241],[-46.4747852,-20.3607302],[-46.4745097,-20.3606384],[-46.4739676,-20.3605174],[-46.4736003,-20.3604028],[-46.4733744,-20.3602713],[-46.4733158,-20.3600291],[-46.4732662,-20.3598212],[-46.473354,-20.3596171],[-46.4734922,-20.3595325],[-46.473641,-20.3594292],[-46.4739262,-20.3593329],[-46.4741007,-20.3593183],[-46.4743139,-20.3593523],[-46.4746495,-20.359457],[-46.4750226,-20.3595184],[-46.4754189,-20.3596083],[-46.4757004,-20.3596274],[-46.4759517,-20.3596683],[-46.4762641,-20.3597446],[-46.4765544,-20.3598784],[-46.4768599,-20.3600264],[-46.4771729,-20.36016],[-46.4774922,-20.3601573],[-46.4776226,-20.3599375],[-46.4775768,-20.3596399],[-46.4775768,-20.3595249],[-46.4776035,-20.3592032],[-46.4776331,-20.3589801],[-46.4777915,-20.3588425],[-46.4780573,-20.3588115],[-46.4782479,-20.3588673],[-46.4784468,-20.3589875],[-46.4787064,-20.3591072],[-46.478951,-20.3592414],[-46.4791716,-20.3592539],[-46.4792477,-20.3590353],[-46.4792056,-20.3588305],[-46.4791193,-20.3585444],[-46.478934,-20.358252],[-46.4785191,-20.3580435],[-46.4782749,-20.3579863],[-46.4779736,-20.3579081],[-46.4775235,-20.357744],[-46.4771572,-20.3573721],[-46.4771954,-20.3571776],[-46.4774281,-20.3569353],[-46.4775997,-20.3568361],[-46.4777447,-20.3568018],[-46.4780117,-20.3567999],[-46.4782673,-20.3568113],[-46.4785344,-20.3568724],[-46.4787175,-20.3569658],[-46.4789836,-20.3570755],[-46.4792518,-20.3572956],[-46.4794592,-20.3575161],[-46.4797809,-20.3577572],[-46.4800875,-20.3580199],[-46.4802357,-20.3582457],[-46.4804736,-20.3586405],[-46.4806324,-20.3588789],[-46.4806706,-20.3590639],[-46.480766,-20.3592032],[-46.4808995,-20.3593061],[-46.4812037,-20.3594589],[-46.4815331,-20.3597143],[-46.4817934,-20.3598985],[-46.4819244,-20.3600767],[-46.4820559,-20.3603122],[-46.4821047,-20.3606488],[-46.4821005,-20.3610074],[-46.4821187,-20.3613156],[-46.4822883,-20.3615579],[-46.4824781,-20.3615348],[-46.4827129,-20.3614324],[-46.4829542,-20.3612224],[-46.4830739,-20.3610206],[-46.4832167,-20.3608473],[-46.4833409,-20.3606661],[-46.483625,-20.3606],[-46.4838607,-20.3606052],[-46.4841344,-20.3605917],[-46.4842014,-20.3604517],[-46.4841235,-20.3602516],[-46.4839387,-20.3600094],[-46.4838085,-20.3599173],[-46.4836474,-20.3597609],[-46.4833569,-20.3595984],[-46.4831275,-20.3594641],[-46.4827836,-20.3592806],[-46.4824852,-20.3590895],[-46.4822236,-20.3587619],[-46.4820706,-20.3584326],[-46.4819597,-20.3581976],[-46.4818735,-20.357933],[-46.4819846,-20.3576238],[-46.4821802,-20.357407],[-46.4824157,-20.3573835],[-46.4826899,-20.3574385],[-46.4829873,-20.3575292],[-46.483256,-20.3577994],[-46.4835202,-20.3581179],[-46.4839207,-20.3583353],[-46.4843098,-20.3584173],[-46.4845807,-20.3584211],[-46.4846703,-20.3582778],[-46.4846206,-20.3581679],[-46.4844587,-20.3579398],[-46.4842362,-20.3577265],[-46.4841122,-20.3574838],[-46.484095,-20.357276],[-46.4842611,-20.3571455],[-46.4845464,-20.3570974],[-46.4846799,-20.3570955],[-46.4849736,-20.3570974],[-46.4851567,-20.3570974],[-46.4854619,-20.3570993],[-46.4856183,-20.3570745],[-46.4856183,-20.356962],[-46.485584,-20.3568361],[-46.4854619,-20.3567198],[-46.4851377,-20.3565859],[-46.4848085,-20.3563521],[-46.484511,-20.3562542],[-46.4841147,-20.3561572],[-46.483688,-20.3560331],[-46.4833943,-20.3560236],[-46.4831273,-20.3560121],[-46.4828717,-20.3560083],[-46.4824489,-20.3560853],[-46.4821598,-20.3560662],[-46.4817492,-20.3560625],[-46.4813153,-20.3559721],[-46.4811436,-20.3559244],[-46.4810101,-20.355726],[-46.4808693,-20.3554892],[-46.4808976,-20.3552595],[-46.4810162,-20.3549429],[-46.4811339,-20.3546841],[-46.4811949,-20.354547],[-46.4812459,-20.35431],[-46.4812973,-20.3541231],[-46.481425,-20.3539571],[-46.4815537,-20.3539058],[-46.4816981,-20.3538974],[-46.4819499,-20.3539885],[-46.4822201,-20.3541511],[-46.4824216,-20.3542833],[-46.482595,-20.3543989],[-46.4828292,-20.3545069],[-46.4830907,-20.3545477],[-46.4834145,-20.3544852],[-46.4835222,-20.3543576],[-46.4835649,-20.3542101],[-46.4836568,-20.3540339],[-46.4839685,-20.3537252],[-46.4841841,-20.3535756],[-46.4843404,-20.3534258],[-46.4844281,-20.3532541],[-46.4844167,-20.3530595],[-46.4844186,-20.3529181],[-46.484308,-20.3526999],[-46.4841352,-20.3524456],[-46.4839005,-20.3522065],[-46.4836583,-20.3519894],[-46.4836247,-20.3517194],[-46.4837695,-20.3514624],[-46.4840695,-20.3512876],[-46.4844471,-20.3511713],[-46.4847371,-20.3511732],[-46.4850308,-20.3511751],[-46.4852864,-20.3511503],[-46.4854763,-20.3509046],[-46.4857423,-20.3508242],[-46.4862038,-20.3508406],[-46.4864537,-20.3509677],[-46.4864805,-20.3511479],[-46.4864976,-20.3513414],[-46.4866288,-20.3516185],[-46.486784,-20.3518696],[-46.4868783,-20.3519821],[-46.4869964,-20.3519942],[-46.4871112,-20.3519026],[-46.4871709,-20.3517802],[-46.4872211,-20.3514715],[-46.4872414,-20.351206],[-46.4873065,-20.3508612],[-46.4875021,-20.3506444],[-46.4878058,-20.3505916],[-46.4883535,-20.3506228],[-46.4887337,-20.3506268],[-46.4889009,-20.3506182],[-46.4893271,-20.3506647],[-46.489548,-20.350713],[-46.4898067,-20.3507323],[-46.4901196,-20.3508516],[-46.4903869,-20.3509712],[-46.4907845,-20.3512116],[-46.4910525,-20.3514101],[-46.4912817,-20.3515229],[-46.4915262,-20.3516499],[-46.4919278,-20.3516996],[-46.4921148,-20.3513543],[-46.4921148,-20.3510797],[-46.4921148,-20.350908],[-46.4921148,-20.3506543],[-46.4920919,-20.3504102],[-46.4920571,-20.3499076],[-46.4920346,-20.3494947],[-46.4920346,-20.3492143],[-46.4919785,-20.3488638],[-46.4922063,-20.348562],[-46.4923436,-20.3484933],[-46.4925496,-20.3484914],[-46.492706,-20.3484952],[-46.492919,-20.3486334],[-46.4932473,-20.348774],[-46.4935528,-20.3489148],[-46.4937663,-20.3489847],[-46.4940931,-20.3489676],[-46.4942742,-20.3488226],[-46.4943242,-20.3484852],[-46.4943227,-20.3483346],[-46.4943428,-20.3480548],[-46.4943399,-20.3477536],[-46.4943679,-20.3474952],[-46.4945867,-20.3472688],[-46.4946986,-20.347098],[-46.4947106,-20.3467681],[-46.494746,-20.3464953],[-46.4947514,-20.3462657],[-46.4947723,-20.346072],[-46.4948168,-20.3459497],[-46.4949973,-20.3458463],[-46.4952733,-20.3457772],[-46.4953954,-20.3457753],[-46.4955633,-20.3458097],[-46.4957349,-20.3458802],[-46.495918,-20.3460061],[-46.4961355,-20.3461568],[-46.4963643,-20.3463094],[-46.4965626,-20.3464439],[-46.4967519,-20.3463705],[-46.4968248,-20.3460472],[-46.4968148,-20.3457963],[-46.4968353,-20.3455523],[-46.4969009,-20.345265],[-46.4969595,-20.3450278],[-46.4971627,-20.344811],[-46.4973968,-20.3446512],[-46.4976473,-20.344606],[-46.4978758,-20.3446471],[-46.4981276,-20.3447453],[-46.4983418,-20.3448797],[-46.4985235,-20.3450353],[-46.4987075,-20.3449626],[-46.4987593,-20.3448188],[-46.4987262,-20.3445322],[-46.4987083,-20.3442527],[-46.4987134,-20.3439945],[-46.498856,-20.3438069],[-46.499045,-20.3436977],[-46.4992954,-20.3436453],[-46.499577,-20.3436716],[-46.4997685,-20.3438206],[-46.4998839,-20.343963],[-46.4998875,-20.3443358],[-46.4998979,-20.3446226],[-46.5000227,-20.3448085],[-46.5002371,-20.3451144],[-46.5003763,-20.345357],[-46.5005491,-20.3456189],[-46.5006397,-20.3458639],[-46.5005968,-20.3461439],[-46.5004238,-20.346339],[-46.5002127,-20.3465201],[-46.4999548,-20.3465869],[-46.4997657,-20.3466889],[-46.4995847,-20.3468338],[-46.4994199,-20.3469388],[-46.4993056,-20.3470657],[-46.4994054,-20.3471652],[-46.4995963,-20.3472496],[-46.4998252,-20.3473337],[-46.5000689,-20.3473818],[-46.5002746,-20.3474231],[-46.5004803,-20.3474643],[-46.5007311,-20.347455],[-46.5010364,-20.3475815],[-46.5013728,-20.3477722],[-46.5016157,-20.3477271],[-46.5017774,-20.3474462],[-46.5018423,-20.3472783],[-46.5018614,-20.3469674],[-46.5019033,-20.3466775],[-46.5020063,-20.3463456],[-46.5020826,-20.3462464],[-46.5022657,-20.3461224],[-46.5024745,-20.3460347],[-46.502716,-20.3459607],[-46.502974,-20.3458834],[-46.5031988,-20.3458095],[-46.5032529,-20.3455713],[-46.5031582,-20.3453875],[-46.5030142,-20.3452417],[-46.5028332,-20.3450524],[-46.5026233,-20.3449509],[-46.5023838,-20.3448904],[-46.5022341,-20.3448479],[-46.5020636,-20.3448197],[-46.5017965,-20.3446767],[-46.5016897,-20.3445699],[-46.5016935,-20.3443982],[-46.5017469,-20.3442265],[-46.5018194,-20.344135],[-46.5018614,-20.3439862],[-46.5018614,-20.3438279],[-46.5018728,-20.3433892],[-46.5017927,-20.3431012],[-46.5017393,-20.3427178],[-46.5017088,-20.3424508],[-46.5017126,-20.3421208],[-46.5017164,-20.3420178],[-46.5017431,-20.3418538],[-46.5018232,-20.3415696],[-46.5019687,-20.3414447],[-46.50223,-20.3412197],[-46.5026281,-20.3410535],[-46.5030181,-20.3409816],[-46.5034905,-20.3409861],[-46.5039448,-20.3409907],[-46.5041059,-20.3407408],[-46.5039938,-20.3402039],[-46.5039137,-20.339975],[-46.5038298,-20.3397538],[-46.5037611,-20.3396241],[-46.5036199,-20.3394162],[-46.5035017,-20.3391606],[-46.5034559,-20.3389984],[-46.5033873,-20.3387772],[-46.5033186,-20.3386284],[-46.5034655,-20.3383985],[-46.5037097,-20.338285],[-46.5040271,-20.3382309],[-46.5043363,-20.3382625],[-46.5046463,-20.3383798],[-46.5049749,-20.3385398],[-46.5053208,-20.3386053],[-46.5057748,-20.3385843],[-46.506129,-20.3385727],[-46.5062949,-20.3385376],[-46.5063851,-20.3383895],[-46.5063351,-20.3381482],[-46.506295,-20.3378943],[-46.506366,-20.3377137],[-46.506535,-20.3376045],[-46.5067362,-20.3374878],[-46.5068725,-20.3374866],[-46.5072437,-20.3373548],[-46.5075161,-20.3373439],[-46.5078685,-20.3371438],[-46.5081575,-20.3369699],[-46.5085006,-20.3367528],[-46.5087266,-20.3366394],[-46.5092073,-20.3365581],[-46.5095788,-20.3364521],[-46.5098781,-20.3364067],[-46.5103109,-20.3364636],[-46.5104597,-20.3363548],[-46.5105475,-20.3361813],[-46.5106124,-20.3359505],[-46.5105928,-20.3355934],[-46.5106152,-20.3352945],[-46.5106055,-20.334948],[-46.5106476,-20.3347145],[-46.5107849,-20.3344982],[-46.5107765,-20.3342892],[-46.510793,-20.3340321],[-46.510887,-20.3338524],[-46.5109503,-20.3337142],[-46.5112139,-20.3336639],[-46.5115115,-20.3336494],[-46.5117644,-20.3337551],[-46.5120521,-20.3338658],[-46.5122049,-20.3339422],[-46.5123644,-20.3340603],[-46.5126132,-20.3342315],[-46.5128494,-20.3344206],[-46.5130614,-20.3346611],[-46.5134319,-20.335037],[-46.5136608,-20.3351187],[-46.5137862,-20.3349862],[-46.5137969,-20.3347889],[-46.5138196,-20.3345138],[-46.5137603,-20.3342813],[-46.5136573,-20.3341089],[-46.5135224,-20.3339188],[-46.5133677,-20.3336513],[-46.5131606,-20.3333412],[-46.5131796,-20.3329521],[-46.513233,-20.3326984],[-46.5132399,-20.3322302],[-46.5131801,-20.3319439],[-46.5131771,-20.3316391],[-46.5132315,-20.3313638],[-46.5134003,-20.3311353],[-46.5136386,-20.3309837],[-46.5139056,-20.3309815],[-46.5141091,-20.3310634],[-46.5142749,-20.3311755],[-46.5144309,-20.3313289],[-46.5145441,-20.3315138],[-46.514599,-20.3316383],[-46.5146651,-20.3319503],[-46.5147405,-20.3322354],[-46.5148396,-20.3324251],[-46.5149466,-20.3326622],[-46.5151048,-20.3327025],[-46.5152934,-20.3326265],[-46.5154112,-20.3324171],[-46.5155008,-20.3322169],[-46.5156363,-20.3319603],[-46.5157584,-20.3318363],[-46.5159383,-20.3317785],[-46.5161498,-20.3317886],[-46.5163521,-20.3318255],[-46.5165137,-20.3318382],[-46.5166637,-20.3317395],[-46.5167252,-20.3315723],[-46.516777,-20.3313843],[-46.516857,-20.3311992],[-46.5169542,-20.3311089],[-46.5170909,-20.3310194],[-46.5172725,-20.3309318],[-46.5175214,-20.3308751],[-46.5177562,-20.3308947],[-46.5177693,-20.3161749],[-46.5175456,-20.3162406],[-46.5173326,-20.3162346],[-46.5171183,-20.3160859],[-46.5168886,-20.3159158],[-46.5166888,-20.315688],[-46.5165422,-20.315467],[-46.5164009,-20.3150022],[-46.5163375,-20.3147374],[-46.5163127,-20.3145368],[-46.516227,-20.3143224],[-46.5160494,-20.3141783],[-46.5158918,-20.3142009],[-46.5157632,-20.314305],[-46.5154989,-20.3144221],[-46.5152793,-20.3145745],[-46.5151591,-20.3147189],[-46.5151076,-20.3148986],[-46.514913,-20.3152087],[-46.5146041,-20.3154838],[-46.5143781,-20.3156937],[-46.5142122,-20.3158314],[-46.5141142,-20.3160415],[-46.5140265,-20.3162848],[-46.5138537,-20.3164942],[-46.513628,-20.3167328],[-46.5134543,-20.3168006],[-46.5132826,-20.3168445],[-46.513088,-20.3168407],[-46.5129354,-20.3166747],[-46.5128019,-20.3165355],[-46.5127333,-20.3164325],[-46.5124844,-20.3163842],[-46.5123594,-20.3162189],[-46.5121801,-20.3161216],[-46.5121081,-20.3159859],[-46.5119318,-20.3158296],[-46.5117934,-20.3156731],[-46.5116423,-20.3156066],[-46.5114439,-20.3156619],[-46.5113333,-20.3157725],[-46.5112913,-20.3160033],[-46.5112875,-20.3161883],[-46.5112379,-20.3163949],[-46.5112094,-20.3165888],[-46.5112579,-20.3168824],[-46.5112341,-20.3171287],[-46.5110652,-20.3174003],[-46.5107539,-20.3174317],[-46.5105556,-20.3173689],[-46.5103798,-20.3172628],[-46.5102842,-20.3171458],[-46.5101272,-20.3170786],[-46.5099304,-20.3171663],[-46.5098175,-20.317282],[-46.509754,-20.3175063],[-46.5097383,-20.3177416],[-46.5095193,-20.3178941],[-46.5093147,-20.3179532],[-46.5091627,-20.3178954],[-46.5089796,-20.3178382],[-46.5088842,-20.3177752],[-46.5086885,-20.3176575],[-46.5084679,-20.3176379],[-46.5083405,-20.3178254],[-46.5082777,-20.3181567],[-46.5080335,-20.3182216],[-46.5079,-20.3182178],[-46.5077818,-20.3181834],[-46.5076482,-20.3181338],[-46.5074308,-20.318027],[-46.5072744,-20.3179069],[-46.5071561,-20.3177676],[-46.5070608,-20.3176742],[-46.5069654,-20.3175578],[-46.5068929,-20.3174548],[-46.5067087,-20.3173017],[-46.5064883,-20.3173107],[-46.5062482,-20.3175006],[-46.50612,-20.317737],[-46.505962,-20.3179104],[-46.5057866,-20.3179507],[-46.5056188,-20.3179946],[-46.5054967,-20.3179679],[-46.5053632,-20.3179183],[-46.5052312,-20.317802],[-46.5050557,-20.3177735],[-46.5048745,-20.3178553],[-46.5048254,-20.3180271],[-46.5048175,-20.3182502],[-46.5047208,-20.3184733],[-46.504464,-20.3186404],[-46.5042902,-20.3187423],[-46.5040559,-20.3188877],[-46.5037292,-20.3189049],[-46.5035055,-20.3188892],[-46.5033109,-20.3188854],[-46.5030374,-20.3188965],[-46.5028163,-20.3188267],[-46.5025948,-20.318721],[-46.5023649,-20.3185294],[-46.502043,-20.3184562],[-46.5018346,-20.3185592],[-46.5017908,-20.3189],[-46.5016335,-20.319138],[-46.5015216,-20.3193613],[-46.5013939,-20.3195201],[-46.5012039,-20.3195217],[-46.5009599,-20.319445],[-46.5009038,-20.3192993],[-46.5008123,-20.3191276],[-46.5007169,-20.3190208],[-46.5004612,-20.3189688],[-46.50021,-20.3189351],[-46.5000124,-20.3189368],[-46.4997374,-20.3188029],[-46.4995076,-20.3186832],[-46.4993244,-20.318534],[-46.499112,-20.3185788],[-46.4990308,-20.3187233],[-46.4989638,-20.3189816],[-46.4988135,-20.319155],[-46.4986099,-20.3193289],[-46.4983749,-20.3193954],[-46.4982298,-20.319325],[-46.4980919,-20.3192114],[-46.4980062,-20.3190116],[-46.4978529,-20.3188693],[-46.4976093,-20.3188283],[-46.4974095,-20.3189407],[-46.4973714,-20.3191257],[-46.4971714,-20.3192804],[-46.4969937,-20.319387],[-46.4967639,-20.3194522],[-46.4964599,-20.319462],[-46.4962384,-20.3194385],[-46.4960438,-20.3195072],[-46.4958722,-20.319572],[-46.4956662,-20.3195701],[-46.4953666,-20.3195933],[-46.4950922,-20.3195167],[-46.4949153,-20.3193031],[-46.4947769,-20.3191394],[-46.4946591,-20.3189769],[-46.4945985,-20.318768],[-46.4944228,-20.3186763],[-46.4941576,-20.3187646],[-46.4941136,-20.3189064],[-46.4940315,-20.3190956],[-46.4939674,-20.31933],[-46.4938451,-20.3194772],[-46.4936242,-20.3194217],[-46.4934784,-20.3192867],[-46.4934078,-20.3190507],[-46.4932761,-20.3187937],[-46.4931229,-20.3186731],[-46.4928028,-20.3185898],[-46.492476,-20.3185926],[-46.4922901,-20.3186947],[-46.4921965,-20.3187814],[-46.4922287,-20.3189675],[-46.4923832,-20.3192244],[-46.4924691,-20.3194603],[-46.4924344,-20.3198048],[-46.4923756,-20.3200132],[-46.492252,-20.3202225],[-46.4919223,-20.3203111],[-46.4917162,-20.3202196],[-46.4914801,-20.319996],[-46.4912726,-20.3199294],[-46.4909617,-20.3200109],[-46.4907657,-20.3201847],[-46.4906575,-20.3203254],[-46.4904486,-20.3204097],[-46.4902049,-20.3203688],[-46.4898919,-20.3202208],[-46.4897917,-20.3200783],[-46.4896149,-20.3198718],[-46.489491,-20.3196434],[-46.4893108,-20.319511],[-46.4891169,-20.3194673],[-46.4889582,-20.3195619],[-46.4888859,-20.319639],[-46.4888111,-20.3199211],[-46.4887348,-20.3201252],[-46.4886738,-20.3202854],[-46.4884716,-20.3203477],[-46.4882542,-20.3203867],[-46.4881359,-20.3203159],[-46.4879674,-20.3200938],[-46.4879042,-20.3198434],[-46.4878188,-20.3196505],[-46.4876951,-20.3194364],[-46.4875731,-20.3194016],[-46.4874522,-20.3194743],[-46.487302,-20.3196692],[-46.4872203,-20.3198707],[-46.4871615,-20.3200792],[-46.487057,-20.3202808],[-46.4869293,-20.3204397],[-46.4867741,-20.3205124],[-46.4864822,-20.3205869],[-46.4862396,-20.3206535],[-46.4860349,-20.3207054],[-46.4857927,-20.320815],[-46.4856117,-20.3209672],[-46.4853923,-20.3210838],[-46.4851723,-20.3211215],[-46.4849355,-20.3210088],[-46.4846761,-20.3209106],[-46.4844785,-20.3209122],[-46.4842734,-20.3209283],[-46.4841295,-20.3209869],[-46.4839332,-20.3211248],[-46.4837108,-20.3212486],[-46.4834934,-20.3213039],[-46.4831068,-20.321347],[-46.4828183,-20.3213924],[-46.4826056,-20.3214086],[-46.4823243,-20.3214038],[-46.4820963,-20.3214057],[-46.4817464,-20.32138],[-46.4816051,-20.3214146],[-46.481422,-20.3213764],[-46.4812503,-20.3213421],[-46.48101,-20.3212258],[-46.4808765,-20.3211685],[-46.480659,-20.3210255],[-46.4804034,-20.3207698],[-46.4802699,-20.320644],[-46.4801746,-20.3205868],[-46.4800067,-20.3204342],[-46.4797576,-20.3203547],[-46.4795375,-20.3203852],[-46.479446,-20.3206249],[-46.4793582,-20.3207165],[-46.479259,-20.3207851],[-46.4791255,-20.320808],[-46.4788878,-20.3208138],[-46.4786458,-20.3209449],[-46.4784654,-20.3211544],[-46.4783296,-20.3212631],[-46.4781102,-20.3213725],[-46.4778593,-20.3213747],[-46.4776301,-20.3212475],[-46.4774463,-20.3211128],[-46.4772395,-20.3209425],[-46.4770096,-20.3207508],[-46.4768537,-20.3206112],[-46.4765749,-20.3206039],[-46.4764094,-20.3207846],[-46.4762284,-20.3209367],[-46.4760013,-20.321039],[-46.4757728,-20.3209836],[-46.4755057,-20.3208782],[-46.4752534,-20.3207298],[-46.4749793,-20.3206819],[-46.4746593,-20.3206057],[-46.4743471,-20.3205438],[-46.4741716,-20.3204736],[-46.4738588,-20.3203543],[-46.4736601,-20.3202413],[-46.4734601,-20.3199991],[-46.473344,-20.3197778],[-46.4733309,-20.3195873],[-46.4732585,-20.3194023],[-46.4731939,-20.3191839],[-46.4730246,-20.318963],[-46.4727511,-20.3188378],[-46.472423,-20.3187786],[-46.4720339,-20.3186917],[-46.4718414,-20.318594],[-46.4716974,-20.3184866],[-46.4714992,-20.3184237],[-46.4712861,-20.3183968],[-46.4710273,-20.318356],[-46.4707682,-20.3182936],[-46.4706263,-20.3182694],[-46.4704845,-20.3180307],[-46.4703607,-20.3178023],[-46.4701773,-20.3176963],[-46.4700284,-20.317762],[-46.4698771,-20.3178422],[-46.4696958,-20.3179656],[-46.4695907,-20.3181028],[-46.4694392,-20.3181614],[-46.469249,-20.3181415],[-46.4689669,-20.3180506],[-46.4687611,-20.3179878],[-46.4684799,-20.3179973],[-46.4682005,-20.3181933],[-46.46802,-20.3184028],[-46.4677853,-20.318498],[-46.4675876,-20.3184925],[-46.4672922,-20.3183323],[-46.4672198,-20.3182427],[-46.4671702,-20.3180806],[-46.4671587,-20.3178517],[-46.4670931,-20.3176433],[-46.4671203,-20.317306],[-46.4671857,-20.3169828],[-46.4672594,-20.3167384],[-46.4672799,-20.3164944],[-46.4672323,-20.3162868],[-46.4671324,-20.3161729],[-46.4669197,-20.3161819],[-46.466646,-20.3161842],[-46.4662899,-20.3163019],[-46.4660006,-20.3162613],[-46.4657129,-20.3160702],[-46.4655492,-20.3159424],[-46.4654185,-20.3157929],[-46.4652651,-20.3156436],[-46.4651869,-20.3154076],[-46.4650028,-20.3152371],[-46.4647732,-20.3150669],[-46.4645532,-20.315004],[-46.4642866,-20.3150638],[-46.4642205,-20.315301],[-46.4642382,-20.3155661],[-46.4642704,-20.3157595],[-46.4642671,-20.3160149],[-46.4643511,-20.3162075],[-46.464496,-20.3163735],[-46.4646257,-20.3165661],[-46.4647964,-20.3167231],[-46.4648813,-20.3168808],[-46.4650276,-20.3170582],[-46.4650284,-20.3173037],[-46.4652367,-20.3174724],[-46.4654442,-20.3177145],[-46.4655525,-20.3179072],[-46.4655466,-20.3180937],[-46.4654535,-20.3182179],[-46.4653811,-20.3182942],[-46.4650932,-20.3183843],[-46.464889,-20.3184936],[-46.4646334,-20.3187253],[-46.4644746,-20.3188843],[-46.4642927,-20.3189432],[-46.4641018,-20.3188515],[-46.4638419,-20.3186888],[-46.4636882,-20.318518],[-46.4635417,-20.3182969],[-46.4634483,-20.318061],[-46.4632478,-20.3177615],[-46.4630419,-20.3176916],[-46.4627916,-20.3177438],[-46.4625963,-20.317989],[-46.4624971,-20.3182293],[-46.4624094,-20.3184697],[-46.4622854,-20.3186835],[-46.4621881,-20.3188092],[-46.4619356,-20.3188697],[-46.4617988,-20.318878],[-46.4615786,-20.3189013],[-46.4613651,-20.3188386],[-46.4611586,-20.318704],[-46.4610322,-20.3184353],[-46.4610361,-20.3182141],[-46.4610475,-20.3179871],[-46.4610742,-20.3177792],[-46.4611391,-20.3175408],[-46.461223,-20.3173443],[-46.4613832,-20.3170449],[-46.4614213,-20.3169457],[-46.4614252,-20.3167702],[-46.4614137,-20.316589],[-46.4613412,-20.3164269],[-46.4611734,-20.3162972],[-46.4609841,-20.3163104],[-46.4607713,-20.3163122],[-46.4605119,-20.3162068],[-46.4603504,-20.3160074],[-46.4603103,-20.3157926],[-46.4603609,-20.3155125],[-46.4604576,-20.3152822],[-46.4606088,-20.315095],[-46.4606356,-20.3148146],[-46.4606187,-20.3146283],[-46.4604355,-20.314551],[-46.46017,-20.3146106],[-46.4599351,-20.3146842],[-46.4597239,-20.3148581],[-46.459575,-20.3150326],[-46.4592813,-20.3151928],[-46.4588524,-20.315145],[-46.4586389,-20.3150751],[-46.4583482,-20.3148768],[-46.4581027,-20.314635],[-46.4578586,-20.314551],[-46.457653,-20.3145097],[-46.4574326,-20.3145115],[-46.4573051,-20.314699],[-46.45729,-20.3148896],[-46.4573017,-20.3151436],[-46.4571374,-20.3153912],[-46.4570153,-20.315519],[-46.4569162,-20.3156411],[-46.456878,-20.3158051],[-46.4569047,-20.315931],[-46.4569238,-20.3161694],[-46.4570077,-20.316404],[-46.4570688,-20.3166577],[-46.4571145,-20.3168866],[-46.4571145,-20.3170353],[-46.4570993,-20.3171708],[-46.4569658,-20.3172318],[-46.4567661,-20.3172061],[-46.4566045,-20.3169995],[-46.4565264,-20.3167779],[-46.4564925,-20.3164053],[-46.4564825,-20.31614],[-46.4564499,-20.3159108],[-46.4564104,-20.3157462],[-46.4562713,-20.3155036],[-46.4560909,-20.315423],[-46.4558595,-20.3153263],[-46.4556089,-20.3153944],[-46.4554339,-20.3153743],[-46.4551919,-20.3152272],[-46.4550732,-20.3150116],[-46.4549497,-20.3148118],[-46.4549089,-20.314511],[-46.4548832,-20.3141957],[-46.4547601,-20.314039],[-46.4547131,-20.3138959],[-46.4545824,-20.3137321],[-46.4543068,-20.3135264],[-46.4541677,-20.3132766],[-46.4539455,-20.3130571],[-46.4539205,-20.3128628],[-46.4540102,-20.3126971],[-46.4541454,-20.3125239],[-46.4543418,-20.312386],[-46.4544928,-20.3122843],[-46.4547054,-20.3122539],[-46.4549408,-20.3122304],[-46.4551691,-20.3122572],[-46.4553975,-20.3122983],[-46.4555886,-20.3124115],[-46.4558412,-20.3125958],[-46.4561166,-20.3127799],[-46.4563766,-20.3129499],[-46.4565843,-20.3129975],[-46.4567258,-20.3128968],[-46.456746,-20.3126241],[-46.456744,-20.312409],[-46.4566733,-20.3121658],[-46.4565263,-20.3118874],[-46.4564241,-20.3116661],[-46.4564834,-20.3113642],[-46.4566116,-20.3112628],[-46.4568482,-20.3113612],[-46.4570001,-20.311567],[-46.4571183,-20.31167],[-46.4572023,-20.3117996],[-46.4573243,-20.3119846],[-46.4574578,-20.3121678],[-46.4576933,-20.3123222],[-46.4578431,-20.3123433],[-46.4579594,-20.3122738],[-46.4581369,-20.3121182],[-46.4581844,-20.3119954],[-46.4583207,-20.3119441],[-46.4584952,-20.3119068],[-46.4586854,-20.3119267],[-46.4589219,-20.312018],[-46.4591249,-20.312019],[-46.4592477,-20.3119077],[-46.4592149,-20.3116498],[-46.4591058,-20.311422],[-46.4592164,-20.3112045],[-46.4594759,-20.3111098],[-46.4596576,-20.3110366],[-46.459884,-20.3108626],[-46.4600099,-20.3106743],[-46.4602578,-20.3104473],[-46.460541,-20.3104054],[-46.4607245,-20.3105186],[-46.460879,-20.3107754],[-46.4611152,-20.310838],[-46.4612964,-20.3107074],[-46.4614003,-20.3104412],[-46.4614967,-20.3101823],[-46.4615556,-20.3099738],[-46.4614699,-20.3097522],[-46.4613603,-20.3095566],[-46.4612649,-20.3093849],[-46.4609411,-20.3092977],[-46.4606519,-20.3092571],[-46.4603481,-20.3092812],[-46.4600065,-20.3093342],[-46.459846,-20.3092423],[-46.4597229,-20.3090784],[-46.4596525,-20.308871],[-46.4596583,-20.3086774],[-46.4596137,-20.308379],[-46.4594606,-20.3081852],[-46.459249,-20.3082075],[-46.4590625,-20.3083465],[-46.4588968,-20.3085331],[-46.4586687,-20.3085207],[-46.4584696,-20.3083646],[-46.4583011,-20.3082298],[-46.4581827,-20.3080154],[-46.4581101,-20.3078667],[-46.4580148,-20.307737],[-46.4578597,-20.3073586],[-46.4577202,-20.3070729],[-46.4576873,-20.3068079],[-46.4576388,-20.3064999],[-46.4576736,-20.3061554],[-46.4578296,-20.3057669],[-46.4579862,-20.3054429],[-46.4579766,-20.3052279],[-46.4578232,-20.3050786],[-46.4576399,-20.3049869],[-46.4573665,-20.3050178],[-46.4571615,-20.3050339],[-46.456918,-20.3050144],[-46.4566736,-20.3048802],[-46.4564892,-20.3046738],[-46.4563887,-20.3044882],[-46.4563102,-20.3042307],[-46.4562627,-20.3040231],[-46.4560865,-20.3038812],[-46.4558811,-20.3038614],[-46.4556313,-20.303971],[-46.4554195,-20.3040803],[-46.4552151,-20.3041609],[-46.4550033,-20.3042702],[-46.4547754,-20.3042936],[-46.4545171,-20.3043029],[-46.4543192,-20.3042687],[-46.4541055,-20.3041773],[-46.4538453,-20.303993],[-46.4537516,-20.3037285],[-46.453788,-20.30335],[-46.4538828,-20.303125],[-46.4540484,-20.3029515],[-46.4543276,-20.3027269],[-46.4546755,-20.3025448],[-46.4550698,-20.3024411],[-46.4555237,-20.3024688],[-46.4559014,-20.3024384],[-46.4561227,-20.3023811],[-46.4564056,-20.3022364],[-46.4566328,-20.3021484],[-46.4567483,-20.3019252],[-46.4566758,-20.3017898],[-46.4565138,-20.3016116],[-46.4563828,-20.3014263],[-46.4564337,-20.3012599],[-46.4565927,-20.301109],[-46.456675,-20.3009721],[-46.4566432,-20.3008217],[-46.4565499,-20.3006035],[-46.4563446,-20.3005876],[-46.4560853,-20.3004965],[-46.4560426,-20.3003135],[-46.4560426,-20.300119],[-46.4562398,-20.2999502],[-46.4565187,-20.2996969],[-46.4567606,-20.2995587],[-46.4569649,-20.2994566],[-46.457184,-20.2993185],[-46.4573197,-20.2991955],[-46.4573106,-20.2990378],[-46.4571724,-20.2988884],[-46.4568818,-20.2988029],[-46.4566491,-20.2987552],[-46.4565614,-20.2985779],[-46.4565371,-20.2984132],[-46.4564443,-20.298249],[-46.4562835,-20.2981141],[-46.4560545,-20.2980157],[-46.4559314,-20.2978517],[-46.4558535,-20.2976516],[-46.4559203,-20.297479],[-46.4561094,-20.297377],[-46.4563293,-20.297325],[-46.4566097,-20.2972366],[-46.4567288,-20.2971582],[-46.4568539,-20.2970758],[-46.4570916,-20.2970024],[-46.457248,-20.2968746],[-46.4573492,-20.2966711],[-46.4575616,-20.2966191],[-46.4577826,-20.2966818],[-46.4579807,-20.2967375],[-46.4582385,-20.2967401],[-46.4584962,-20.2965898],[-46.4586919,-20.2963874],[-46.4589184,-20.2962278],[-46.4591755,-20.2960822],[-46.4591969,-20.2959386],[-46.459121,-20.295753],[-46.45906,-20.2956729],[-46.4589417,-20.2954784],[-46.458854,-20.2953487],[-46.4588175,-20.2951888],[-46.4588007,-20.295024],[-46.45879,-20.2946943],[-46.4585679,-20.2946143],[-46.4583796,-20.2946905],[-46.4581456,-20.2948646],[-46.4579041,-20.295053],[-46.4577156,-20.2952124],[-46.4575036,-20.2953002],[-46.457178,-20.2954248],[-46.4569196,-20.2954269],[-46.4566531,-20.295379],[-46.4563858,-20.2952838],[-46.4562752,-20.2952838],[-46.4560463,-20.2952819],[-46.4559128,-20.2952819],[-46.4557908,-20.29528],[-46.4555085,-20.2953125],[-46.4551689,-20.2954822],[-46.4548609,-20.2955373],[-46.4545944,-20.2954893],[-46.4543506,-20.2954196],[-46.4540695,-20.2954363],[-46.4538048,-20.2955747],[-46.4536774,-20.2959056],[-46.4536041,-20.296064],[-46.4534943,-20.2961574],[-46.4532787,-20.2962101],[-46.4530276,-20.2961835],[-46.4525566,-20.296209],[-46.4523209,-20.2961966],[-46.4521597,-20.296033],[-46.4520485,-20.2958122],[-46.4520867,-20.2956539],[-46.4521629,-20.2954135],[-46.4521744,-20.2952648],[-46.4521896,-20.2950874],[-46.4522011,-20.2949291],[-46.4522077,-20.2946558],[-46.4524872,-20.2944389],[-46.4526844,-20.2944224],[-46.4528517,-20.2944353],[-46.4530715,-20.294369],[-46.4533064,-20.2942953],[-46.4534142,-20.294153],[-46.4534701,-20.2939139],[-46.4535294,-20.2937628],[-46.453685,-20.2937026],[-46.4538627,-20.2936381],[-46.4540598,-20.2935863],[-46.4542341,-20.2935275],[-46.4543705,-20.2934905],[-46.4545822,-20.2933668],[-46.4548469,-20.2932212],[-46.4551112,-20.2930397],[-46.4553609,-20.2929229],[-46.455572,-20.2927347],[-46.4558288,-20.2925677],[-46.4560928,-20.2923503],[-46.4563345,-20.2921906],[-46.4566074,-20.2921166],[-46.4570628,-20.2920483],[-46.4571756,-20.2919182],[-46.457128,-20.2917035],[-46.4569433,-20.2914612],[-46.4567672,-20.2913193],[-46.4565243,-20.29135],[-46.4563187,-20.2913159],[-46.4562371,-20.2911601],[-46.4562087,-20.2909295],[-46.456154,-20.2907651],[-46.4560168,-20.2907304],[-46.4557967,-20.2907537],[-46.4555545,-20.2907673],[-46.4554943,-20.2909355],[-46.4554363,-20.29123],[-46.4553168,-20.2914533],[-46.4551517,-20.2916841],[-46.4549015,-20.2917507],[-46.454704,-20.2917595],[-46.4544681,-20.2917328],[-46.4543602,-20.2916045],[-46.454261,-20.2914749],[-46.4541978,-20.2912689],[-46.4539597,-20.2911658],[-46.4538257,-20.2913007],[-46.4537586,-20.2914375],[-46.4536837,-20.2915601],[-46.4536398,-20.2917469],[-46.4533966,-20.2917417],[-46.453153,-20.2917007],[-46.4529611,-20.2914943],[-46.4527317,-20.2913528],[-46.452534,-20.2913401],[-46.4521232,-20.2913005],[-46.451856,-20.2911736],[-46.4516952,-20.2910459],[-46.4516572,-20.2909114],[-46.451609,-20.2907598],[-46.4514255,-20.2906466],[-46.4513031,-20.2905615],[-46.4511533,-20.2904152],[-46.4509428,-20.2902275],[-46.4506682,-20.2901222],[-46.4504929,-20.2900735],[-46.4503417,-20.2901536],[-46.4502829,-20.2903692],[-46.4503147,-20.2905195],[-46.4502484,-20.2907424],[-46.4501516,-20.2909583],[-46.4500698,-20.2911598],[-46.4500572,-20.2914395],[-46.4500212,-20.291655],[-46.4499046,-20.2917285],[-46.4498283,-20.2918868],[-46.4495761,-20.2920029],[-46.4494177,-20.2921332],[-46.4493809,-20.2923659],[-46.4494141,-20.2925635],[-46.4494461,-20.2927354],[-46.4494251,-20.2929291],[-46.4492327,-20.293068],[-46.448948,-20.2931124],[-46.4487278,-20.2931429],[-46.4485612,-20.2932016],[-46.4484283,-20.2933345],[-46.4483444,-20.2934032],[-46.4482834,-20.2935081],[-46.4481613,-20.2935405],[-46.447987,-20.2935721],[-46.4478192,-20.2935089],[-46.4477189,-20.293352],[-46.4476785,-20.293087],[-46.4477141,-20.2928286],[-46.4477041,-20.2925777],[-46.4476959,-20.292274],[-46.4476717,-20.2920969],[-46.4476272,-20.2919193],[-46.4475825,-20.2917612],[-46.4474669,-20.2915829],[-46.4472837,-20.2914983],[-46.4470586,-20.2918086],[-46.4469548,-20.2920891],[-46.4468354,-20.2923339],[-46.4467232,-20.2925212],[-46.4466342,-20.2927658],[-46.4465973,-20.2929302],[-46.4465324,-20.2930122],[-46.4462894,-20.2932778],[-46.4461079,-20.2933797],[-46.4459196,-20.2935605],[-46.4456623,-20.2936845],[-46.4454355,-20.2938155],[-46.4451644,-20.294083],[-46.4450132,-20.2941775],[-46.4448397,-20.2943152],[-46.4446804,-20.2943524],[-46.4444672,-20.2943039],[-46.4444192,-20.2940462],[-46.4442346,-20.293811],[-46.4440506,-20.2936405],[-46.4438278,-20.2935405],[-46.4436015,-20.2935725],[-46.4434431,-20.2936957],[-46.4434678,-20.2939034],[-46.443462,-20.2940971],[-46.4433027,-20.2941342],[-46.4430572,-20.2941204],[-46.4428763,-20.2940445],[-46.4426791,-20.2940892],[-46.4426795,-20.2943359],[-46.4427024,-20.2945076],[-46.4427482,-20.2946468],[-46.4428207,-20.2948528],[-46.4429686,-20.2949903],[-46.4430312,-20.2951763],[-46.4430562,-20.2954127],[-46.4430356,-20.2956567],[-46.4430221,-20.2958432],[-46.4430089,-20.2960585],[-46.4429885,-20.2963096],[-46.4428688,-20.2965186],[-46.4426881,-20.2967065],[-46.4424372,-20.2967014],[-46.4421989,-20.2966152],[-46.4420014,-20.2964182],[-46.4417715,-20.2962193],[-46.441588,-20.2960989],[-46.4413136,-20.2960151],[-46.4410477,-20.2960244],[-46.4408137,-20.2962056],[-46.4406158,-20.2964207],[-46.4405204,-20.2965122],[-46.4402228,-20.296785],[-46.4400512,-20.2969223],[-46.4399406,-20.2969871],[-46.4396222,-20.2972194],[-46.4393424,-20.2973723],[-46.4390394,-20.2974823],[-46.4386751,-20.2975427],[-46.4384162,-20.2974874],[-46.438293,-20.2973163],[-46.438329,-20.2971009],[-46.4384186,-20.2969209],[-46.4385673,-20.2968269],[-46.4388035,-20.2966237],[-46.4389619,-20.2965005],[-46.4391435,-20.2964058],[-46.4393035,-20.2962242],[-46.4394027,-20.2960526],[-46.4394141,-20.295879],[-46.4394403,-20.2956289],[-46.439431,-20.2954426],[-46.4395207,-20.2952841],[-46.4396329,-20.2950895],[-46.4397987,-20.2949376],[-46.4398578,-20.2947435],[-46.4398026,-20.2945288],[-46.4396583,-20.2945038],[-46.439422,-20.2944746],[-46.4392391,-20.2944187],[-46.4392221,-20.294218],[-46.4393573,-20.294052],[-46.4394771,-20.2938502],[-46.4394979,-20.2936349],[-46.439443,-20.2934489],[-46.4392806,-20.2932964],[-46.439231,-20.2932029],[-46.4392463,-20.2929626],[-46.4393073,-20.2927681],[-46.4393569,-20.2926422],[-46.4394179,-20.2925602],[-46.4395171,-20.292482],[-46.4396392,-20.2923809],[-46.4397727,-20.2922989],[-46.4398337,-20.2922092],[-46.4399237,-20.2920108],[-46.439998,-20.2918237],[-46.4399655,-20.2915945],[-46.4399559,-20.2913795],[-46.4400079,-20.2910829],[-46.4401112,-20.2909193],[-46.4402546,-20.2908105],[-46.4404589,-20.2907085],[-46.4405793,-20.2905784],[-46.4406232,-20.2903916],[-46.4408194,-20.2902466],[-46.4410087,-20.2901969],[-46.4411536,-20.2901645],[-46.4413482,-20.2901321],[-46.4416002,-20.2900178],[-46.4416584,-20.2897377],[-46.4418693,-20.2895352],[-46.4421128,-20.2895618],[-46.4423343,-20.2896891],[-46.4424635,-20.289688],[-46.4426299,-20.2896686],[-46.4428323,-20.2895194],[-46.443095,-20.2894312],[-46.4433595,-20.2895437],[-46.4436523,-20.2897468],[-46.4439091,-20.2898069],[-46.4441056,-20.2897045],[-46.4442333,-20.2895056],[-46.4443008,-20.2893043],[-46.444667,-20.2889076],[-46.4448043,-20.2887473],[-46.4449772,-20.2886077],[-46.4452062,-20.2885209],[-46.445432,-20.2884749],[-46.4455833,-20.2883971],[-46.445729,-20.2882669],[-46.4458394,-20.2881512],[-46.4459797,-20.2879827],[-46.4461099,-20.2878191],[-46.4462001,-20.2877036],[-46.4463307,-20.2875878],[-46.4464661,-20.2874289],[-46.4466668,-20.2872169],[-46.4468175,-20.2870818],[-46.4470083,-20.286889],[-46.4471991,-20.286701],[-46.4473907,-20.2865272],[-46.4475852,-20.2864261],[-46.4477798,-20.2862792],[-46.4479887,-20.2861041],[-46.448251,-20.2859513],[-46.4484568,-20.2857441],[-46.4486368,-20.2854844],[-46.4487718,-20.2852873],[-46.4488007,-20.2851245],[-46.4487031,-20.2849819],[-46.4485603,-20.2848827],[-46.4483977,-20.2848315],[-46.4482096,-20.2847661],[-46.4480371,-20.284734],[-46.4478291,-20.2847119],[-46.4476008,-20.2846803],[-46.447453,-20.2845811],[-46.4473335,-20.2844501],[-46.4473074,-20.2841807],[-46.4472255,-20.2840906],[-46.4470733,-20.2840679],[-46.4468917,-20.2841555],[-46.4467511,-20.2842905],[-46.4466112,-20.284502],[-46.4464561,-20.2847136],[-46.4463507,-20.2848245],[-46.4461346,-20.2850175],[-46.4459737,-20.2851527],[-46.4457926,-20.285288],[-46.4455657,-20.2854046],[-46.4454032,-20.285522],[-46.4450048,-20.2855718],[-46.4447926,-20.2856309],[-46.4444846,-20.285753],[-46.4443231,-20.2858117],[-46.4439544,-20.285939],[-46.4437116,-20.2859888],[-46.4435294,-20.2860094],[-46.4433878,-20.2860393],[-46.4431496,-20.2860317],[-46.4429924,-20.2860186],[-46.442741,-20.2860285],[-46.442476,-20.2860564],[-46.4422945,-20.2861582],[-46.4421569,-20.2862907],[-46.4420234,-20.2863689],[-46.4418899,-20.2864376],[-46.4417296,-20.28647],[-46.4415847,-20.2864662],[-46.4414861,-20.2863992],[-46.4413234,-20.2863383],[-46.4412009,-20.2862437],[-46.4410431,-20.2861686],[-46.4409004,-20.2860789],[-46.4407321,-20.2859512],[-46.4405449,-20.2859814],[-46.4404038,-20.2860734],[-46.4402778,-20.2862675],[-46.4401503,-20.2864108],[-46.4399211,-20.2864742],[-46.4397756,-20.2866284],[-46.4396556,-20.2868014],[-46.4395094,-20.2868791],[-46.4392691,-20.2869106],[-46.4390579,-20.2868207],[-46.4389356,-20.2867452],[-46.4387773,-20.2866079],[-46.4386593,-20.2864463],[-46.4385465,-20.2863086],[-46.4384085,-20.2861759],[-46.4382706,-20.2860575],[-46.4380416,-20.2859494],[-46.4378852,-20.285856],[-46.4376611,-20.2858904],[-46.4375658,-20.2859963],[-46.4375313,-20.2861066],[-46.4374821,-20.28626],[-46.4374487,-20.2864849],[-46.437446,-20.2867479],[-46.4374226,-20.2869489],[-46.4373077,-20.2871315],[-46.4372336,-20.2873329],[-46.4372154,-20.2875625],[-46.4372476,-20.2877534],[-46.4373405,-20.2879439],[-46.4373876,-20.2881013],[-46.4373996,-20.288302],[-46.4373965,-20.2885171],[-46.4373172,-20.2887138],[-46.4371977,-20.2888694],[-46.4370055,-20.2889745],[-46.4368545,-20.2890809],[-46.4367438,-20.2891975],[-46.4365008,-20.2891938],[-46.4363634,-20.2891232],[-46.4362762,-20.2890044],[-46.4362694,-20.2888228],[-46.4362424,-20.2886413],[-46.4361647,-20.2884555],[-46.4360168,-20.2883468],[-46.435813,-20.2883526],[-46.4355558,-20.2883649],[-46.4353683,-20.2883617],[-46.4351705,-20.2883394],[-46.434957,-20.2882551],[-46.4348139,-20.2881224],[-46.4346113,-20.2879062],[-46.434455,-20.2877308],[-46.4344129,-20.2874994],[-46.4342823,-20.287155],[-46.4341209,-20.2869555],[-46.4339755,-20.286842],[-46.433784,-20.2866858],[-46.4334946,-20.2866165],[-46.4333735,-20.2866748],[-46.4333832,-20.2869042],[-46.4334307,-20.2871118],[-46.4334327,-20.2873269],[-46.4333346,-20.2874066],[-46.4331456,-20.2875085],[-46.4329936,-20.2875502],[-46.4328489,-20.2875915],[-46.4325489,-20.2876823],[-46.4323307,-20.2876728],[-46.4322196,-20.2877671],[-46.4322228,-20.2879721],[-46.4322666,-20.2880761],[-46.4323652,-20.2882394],[-46.4325702,-20.2885745],[-46.4327318,-20.2887955],[-46.4328552,-20.2889953],[-46.4328948,-20.2891671],[-46.4328591,-20.2894183],[-46.4327237,-20.28957],[-46.4325438,-20.2895618],[-46.432395,-20.2896095],[-46.4320245,-20.2895757],[-46.4317282,-20.2895853],[-46.4315176,-20.2897068],[-46.4313955,-20.2897487],[-46.431262,-20.2898308],[-46.4311171,-20.2898632],[-46.430995,-20.2899318],[-46.4307242,-20.2899833],[-46.4305182,-20.2899853],[-46.4303618,-20.2900864],[-46.4303694,-20.2902809],[-46.4305812,-20.2904767],[-46.4305487,-20.2906185],[-46.4304266,-20.2906948],[-46.4302588,-20.2907883],[-46.4300701,-20.2909808],[-46.4300413,-20.2910962],[-46.4299305,-20.2912405],[-46.4297148,-20.2913598],[-46.4293915,-20.2914212],[-46.4292216,-20.2913686],[-46.4290683,-20.2912241],[-46.4290266,-20.2910496],[-46.4289908,-20.2909285],[-46.4288617,-20.2907039],[-46.4287138,-20.2905422],[-46.4285803,-20.2904259],[-46.428463,-20.2904321],[-46.4282442,-20.2904785],[-46.4281462,-20.290364],[-46.4280296,-20.2901028],[-46.4278924,-20.2898982],[-46.4276342,-20.2897963],[-46.4274806,-20.2898216],[-46.4273714,-20.2899465],[-46.427417,-20.2900938],[-46.4274509,-20.2903445],[-46.427402,-20.2905302],[-46.4271998,-20.2905916],[-46.4269743,-20.2905975],[-46.4267875,-20.2905232],[-46.4265403,-20.2905013],[-46.4263566,-20.2904909],[-46.4260473,-20.290443],[-46.4258909,-20.2904163],[-46.4257574,-20.2904182],[-46.4255132,-20.2904144],[-46.4250767,-20.2904356],[-46.4248814,-20.2905567],[-46.4247177,-20.2906596],[-46.4244885,-20.290671],[-46.4242072,-20.290659],[-46.4239189,-20.2907115],[-46.4238367,-20.2908699],[-46.4238245,-20.2911927],[-46.4238503,-20.2915224],[-46.4237528,-20.2916666],[-46.423633,-20.2918612],[-46.4234571,-20.2918774],[-46.4232597,-20.291771],[-46.4230685,-20.2916435],[-46.4228507,-20.2916167],[-46.4227199,-20.2917114],[-46.42276,-20.291983],[-46.4227006,-20.2921341],[-46.422492,-20.2921558],[-46.42229,-20.2921661],[-46.4221754,-20.2922493],[-46.4220808,-20.292512],[-46.4220599,-20.2927201],[-46.4219479,-20.2929433],[-46.4218589,-20.2931807],[-46.421861,-20.2934102],[-46.421894,-20.2936967],[-46.4217589,-20.2938843],[-46.4216384,-20.294],[-46.4214925,-20.2939755],[-46.4212195,-20.293903],[-46.4210143,-20.2939047],[-46.4209086,-20.2939844],[-46.4209432,-20.2941109],[-46.4210255,-20.294299],[-46.4210421,-20.2944566],[-46.4209279,-20.2947384],[-46.4209127,-20.2950512],[-46.4208746,-20.2951542],[-46.420691,-20.2953075],[-46.4205312,-20.2954155],[-46.4203518,-20.2954375],[-46.4201704,-20.2955465],[-46.4199888,-20.2956412],[-46.4199209,-20.2959267],[-46.4199285,-20.2960755],[-46.4199781,-20.2962014],[-46.4200353,-20.2963864],[-46.4200353,-20.2965027],[-46.4199628,-20.2966629],[-46.4198636,-20.2967526],[-46.4197416,-20.2968804],[-46.4195814,-20.2969586],[-46.4194478,-20.297073],[-46.4192151,-20.2972428],[-46.4191388,-20.2973782],[-46.4191388,-20.297527],[-46.4191884,-20.2976433],[-46.4194242,-20.297732],[-46.419534,-20.2978744],[-46.419494,-20.2980546],[-46.4194959,-20.2982626],[-46.4195356,-20.2984487],[-46.4196882,-20.2986256],[-46.4199031,-20.2987469],[-46.4201331,-20.2989673],[-46.4201524,-20.299177],[-46.4201827,-20.2994044],[-46.4203634,-20.2995049],[-46.4206259,-20.2996589],[-46.4207639,-20.2998177],[-46.420825,-20.2999074],[-46.4207601,-20.3000352],[-46.4205536,-20.3000683],[-46.4202344,-20.3000708],[-46.4199237,-20.3001666],[-46.4196282,-20.3002694],[-46.4194315,-20.3003785],[-46.4193796,-20.3005152],[-46.4194288,-20.3006455],[-46.4196547,-20.3006851],[-46.4198758,-20.300755],[-46.420173,-20.3008386],[-46.4204403,-20.3009727],[-46.42065,-20.3010337],[-46.4207906,-20.3011357],[-46.4208992,-20.3012845],[-46.421007,-20.3014414],[-46.4209928,-20.3016583],[-46.4208822,-20.3017594],[-46.4207487,-20.3018281],[-46.4205656,-20.3019063],[-46.4202747,-20.3019923],[-46.4202692,-20.3022147],[-46.4204626,-20.3023774],[-46.4206298,-20.3025918],[-46.4208681,-20.3028767],[-46.4210071,-20.3031194],[-46.4211083,-20.3033767],[-46.4211641,-20.3036631],[-46.4211129,-20.3038858],[-46.420947,-20.3040306],[-46.42068,-20.3040635],[-46.4204306,-20.3040778],[-46.4202757,-20.3042123],[-46.4202126,-20.3043521],[-46.4201683,-20.3044887],[-46.4201319,-20.3046683],[-46.4200348,-20.3048555],[-46.4198303,-20.304936],[-46.4195792,-20.3049094],[-46.419322,-20.3047578],[-46.4191045,-20.3046872],[-46.4188847,-20.3045923],[-46.4186792,-20.3045725],[-46.4184441,-20.3046246],[-46.4182472,-20.3047051],[-46.4180123,-20.3047858],[-46.4178391,-20.3049665],[-46.4179325,-20.3052096],[-46.4182233,-20.3054711],[-46.4183301,-20.3056104],[-46.4183336,-20.3058445],[-46.4183124,-20.306024],[-46.41833,-20.3062892],[-46.4184763,-20.3064888],[-46.4187659,-20.3065796],[-46.4189495,-20.3067001],[-46.4190953,-20.3068566],[-46.4192488,-20.3070132],[-46.4193525,-20.3072965],[-46.4195661,-20.3076283],[-46.4196501,-20.3078267],[-46.419856,-20.3079793],[-46.4200697,-20.3078527],[-46.4202666,-20.3077722],[-46.4204555,-20.3076416],[-46.420668,-20.307604],[-46.4208281,-20.3076601],[-46.4210615,-20.3078248],[-46.4212712,-20.3080319],[-46.4215386,-20.3080487],[-46.4217972,-20.3080681],[-46.4220174,-20.3080448],[-46.4222313,-20.308165],[-46.4223995,-20.3082712],[-46.4225678,-20.3083917],[-46.4226307,-20.3086135],[-46.4226713,-20.3088491],[-46.4227438,-20.3089979],[-46.4229326,-20.3092134],[-46.4230779,-20.3093054],[-46.423261,-20.3093828],[-46.4234673,-20.3094959],[-46.423772,-20.3095723],[-46.4240087,-20.3096851],[-46.4241133,-20.3098733],[-46.424195,-20.3101067],[-46.4242873,-20.3102278],[-46.4243191,-20.3103782],[-46.4244497,-20.3105348],[-46.4246111,-20.31072],[-46.4248177,-20.3108689],[-46.4249785,-20.3110038],[-46.4251472,-20.3111602],[-46.4252249,-20.311346],[-46.4252347,-20.3115826],[-46.4253122,-20.3117469],[-46.4254281,-20.3119539],[-46.4255437,-20.3121251],[-46.425523,-20.3123547],[-46.4253946,-20.312449],[-46.4251903,-20.312551],[-46.4249706,-20.3126245],[-46.4246826,-20.3127273],[-46.4245318,-20.3128576],[-46.4243712,-20.3130286],[-46.4243472,-20.3131698],[-46.4244292,-20.3132743],[-46.4245964,-20.3133925],[-46.424622,-20.3135811],[-46.4246162,-20.3137748],[-46.4247237,-20.3138958],[-46.4249062,-20.3138943],[-46.4252119,-20.3137757],[-46.4254446,-20.313688],[-46.4256277,-20.3136994],[-46.4257116,-20.3138591],[-46.4258271,-20.3140159],[-46.4259893,-20.3143014],[-46.4261579,-20.3144506],[-46.4263241,-20.3143417],[-46.4264444,-20.3141901],[-46.4265642,-20.3139955],[-46.4266109,-20.3138275],[-46.4268332,-20.3136174],[-46.4270096,-20.313662],[-46.4272075,-20.3136891],[-46.4274358,-20.3137087],[-46.4276168,-20.3135567],[-46.4277978,-20.3133974],[-46.4279187,-20.3133247],[-46.4281847,-20.3133154],[-46.4283298,-20.3133931],[-46.4284379,-20.3135715],[-46.4284625,-20.3137649],[-46.4284346,-20.3140448],[-46.4283987,-20.3142674],[-46.4283162,-20.31439],[-46.4281874,-20.3144777],[-46.4280055,-20.3145001],[-46.4278318,-20.3146234],[-46.4276502,-20.3147109],[-46.4274777,-20.3149633],[-46.4274266,-20.3152004],[-46.4274753,-20.3155298],[-46.4275834,-20.3157154],[-46.4277513,-20.3157929],[-46.4279128,-20.3156965],[-46.4280577,-20.3155915],[-46.4282065,-20.315521],[-46.4284507,-20.315479],[-46.4286681,-20.3154828],[-46.4288398,-20.3154943],[-46.4289962,-20.3155057],[-46.4292136,-20.3155896],[-46.429507,-20.3157571],[-46.4296158,-20.3160215],[-46.4296036,-20.3163443],[-46.4294236,-20.3166182],[-46.4292403,-20.3168332],[-46.4291002,-20.3169866],[-46.4290265,-20.3172454],[-46.4290664,-20.317453],[-46.4293709,-20.3174935],[-46.4295759,-20.3174703],[-46.4297891,-20.3175045],[-46.4299653,-20.3176608],[-46.4300279,-20.3178467],[-46.429946,-20.3180338],[-46.4299021,-20.3182206],[-46.4298011,-20.3183057],[-46.4298011,-20.3184545],[-46.4300415,-20.3185063],[-46.4303237,-20.3184945],[-46.4304572,-20.3184354],[-46.4307704,-20.3184071],[-46.4310294,-20.3183038],[-46.4312125,-20.3183076],[-46.4313727,-20.3183057],[-46.4316741,-20.3183668],[-46.4318343,-20.3184011],[-46.4319678,-20.3184716],[-46.4320632,-20.3185212],[-46.4322247,-20.3186749],[-46.4323647,-20.3188394],[-46.4325875,-20.3192671],[-46.4325743,-20.3194823],[-46.4324561,-20.3196389],[-46.43231,-20.3196781],[-46.4321436,-20.3197727],[-46.4319697,-20.3198674],[-46.4318568,-20.3199974],[-46.4318507,-20.3201623],[-46.4319361,-20.3203481],[-46.4321647,-20.3204743],[-46.4323343,-20.3206675],[-46.4323661,-20.3208178],[-46.4323376,-20.321026],[-46.4322861,-20.3212129],[-46.4321961,-20.3213427],[-46.4320832,-20.3214655],[-46.4319182,-20.3214815],[-46.431758,-20.3216188],[-46.4316856,-20.3217084],[-46.4314497,-20.3220157],[-46.4312006,-20.3222042],[-46.4309668,-20.3224069],[-46.4307707,-20.3225734],[-46.4307196,-20.3228105],[-46.4307217,-20.3230399],[-46.4307967,-20.3232648],[-46.4307929,-20.323446],[-46.4306659,-20.3235782],[-46.4304768,-20.3236873],[-46.4302571,-20.323768],[-46.4300449,-20.3238415],[-46.4298715,-20.3239935],[-46.429698,-20.3241455],[-46.4296155,-20.324268],[-46.4296676,-20.3244035],[-46.4298621,-20.3245103],[-46.4300414,-20.3245237],[-46.4303562,-20.3246277],[-46.4307215,-20.3246677],[-46.4310142,-20.3246782],[-46.4313993,-20.3247984],[-46.4319159,-20.3248986],[-46.4322044,-20.3249528],[-46.4324128,-20.3250698],[-46.4324536,-20.3253707],[-46.4323949,-20.3255624],[-46.4322898,-20.3257449],[-46.4321781,-20.3259968],[-46.4321038,-20.3261767],[-46.4319992,-20.3263855],[-46.4318406,-20.3264943],[-46.4316061,-20.3266253],[-46.431327,-20.3267172],[-46.4310104,-20.3267382],[-46.4307662,-20.3268125],[-46.4302482,-20.3269376],[-46.4298245,-20.327149],[-46.4296065,-20.3273447],[-46.4294862,-20.3275677],[-46.4292982,-20.3277916],[-46.429065,-20.3280588],[-46.4287931,-20.3282546],[-46.4285288,-20.3284432],[-46.4282104,-20.3285043],[-46.4279371,-20.3285728],[-46.4274651,-20.3284978],[-46.4270545,-20.3284586],[-46.4265662,-20.328409],[-46.4262649,-20.3282812],[-46.4261313,-20.3281324],[-46.4259239,-20.3278937],[-46.4258368,-20.3275143],[-46.4258325,-20.3270482],[-46.425853,-20.3267899],[-46.425919,-20.3265312],[-46.4260493,-20.3262165],[-46.4260741,-20.3259695],[-46.4261123,-20.3257292],[-46.4261161,-20.3255575],[-46.4261046,-20.3252924],[-46.4261084,-20.3250749],[-46.4262066,-20.3247347],[-46.4262577,-20.3245048],[-46.4262624,-20.3241821],[-46.4261533,-20.323889],[-46.4259999,-20.3237468],[-46.425672,-20.3236347],[-46.4255106,-20.3234424],[-46.4253489,-20.3232143],[-46.4251495,-20.3230295],[-46.4249737,-20.3229233],[-46.424753,-20.3228965],[-46.4245098,-20.3229056],[-46.424176,-20.3229729],[-46.4238124,-20.3231121],[-46.4235396,-20.3232075],[-46.4232516,-20.3233031],[-46.4229933,-20.3233267],[-46.4228098,-20.3232135],[-46.422725,-20.3230851],[-46.422679,-20.322912],[-46.422679,-20.3227709],[-46.4226828,-20.3225992],[-46.4227799,-20.3224321],[-46.4228691,-20.3222162],[-46.422958,-20.3219645],[-46.4229554,-20.3216777],[-46.4228161,-20.3214063],[-46.4226539,-20.321128],[-46.422575,-20.3208059],[-46.4225105,-20.3204121],[-46.4223786,-20.3201191],[-46.4222037,-20.3201062],[-46.4218935,-20.3202665],[-46.4217024,-20.3201533],[-46.4216091,-20.3199246],[-46.4214563,-20.319847],[-46.4212442,-20.3199276],[-46.4210181,-20.3201374],[-46.4207155,-20.3203047],[-46.4203832,-20.3205369],[-46.4201499,-20.320797],[-46.4198103,-20.3210695],[-46.4196005,-20.321161],[-46.419467,-20.3212297],[-46.4192228,-20.3213098],[-46.418962,-20.321409],[-46.4186883,-20.321404],[-46.4184444,-20.3213343],[-46.4183136,-20.3211632],[-46.418288,-20.3208551],[-46.4183457,-20.3205176],[-46.4184952,-20.3202367],[-46.4187135,-20.3199983],[-46.4189483,-20.3199104],[-46.4193945,-20.319803],[-46.4196163,-20.3197974],[-46.4197282,-20.319567],[-46.4196644,-20.3192448],[-46.4195859,-20.3189658],[-46.4195362,-20.3185216],[-46.4195933,-20.3181124],[-46.4194932,-20.3179698],[-46.4193176,-20.3178851],[-46.4191052,-20.3179371],[-46.4188387,-20.317889],[-46.4187531,-20.3176674],[-46.4187515,-20.3175025],[-46.4187415,-20.3172373],[-46.418739,-20.3169648],[-46.418692,-20.3168074],[-46.4185612,-20.3167356],[-46.4183941,-20.3166449],[-46.417999,-20.3166696],[-46.4177475,-20.3165999],[-46.4175852,-20.3163072],[-46.4174759,-20.3159926],[-46.4174881,-20.3156555],[-46.4175608,-20.3152963],[-46.4176942,-20.3149224],[-46.4178812,-20.314591],[-46.4180612,-20.314317],[-46.4182119,-20.3140047],[-46.4184507,-20.31369],[-46.4188488,-20.3136018],[-46.4192038,-20.3134954],[-46.4194212,-20.3133848],[-46.41961,-20.313279],[-46.4196002,-20.3130353],[-46.4194006,-20.3128218],[-46.4193222,-20.3125571],[-46.4194113,-20.3123269],[-46.4196043,-20.312227],[-46.4198038,-20.3120225],[-46.4198783,-20.311857],[-46.4198157,-20.3116639],[-46.4196706,-20.3115862],[-46.4195327,-20.3114726],[-46.4193296,-20.3112943],[-46.4192864,-20.3111304],[-46.4191389,-20.3110291],[-46.4189964,-20.3110694],[-46.4188452,-20.3112428],[-46.4185679,-20.3115306],[-46.4183302,-20.3116853],[-46.4180975,-20.3118913],[-46.4178762,-20.3119332],[-46.41751,-20.3119409],[-46.4173161,-20.3117989],[-46.4170868,-20.3116573],[-46.4168644,-20.311444],[-46.4166115,-20.3112166],[-46.4164432,-20.311096],[-46.4161777,-20.3111556],[-46.4160805,-20.3113356],[-46.4161523,-20.3117079],[-46.416047,-20.3118379],[-46.4158038,-20.3118398],[-46.4156135,-20.3118055],[-46.4152931,-20.3116862],[-46.4149966,-20.3116743],[-46.4148092,-20.3117959],[-46.4145737,-20.311986],[-46.4142875,-20.3122752],[-46.414084,-20.3124633],[-46.4139036,-20.312687],[-46.4135029,-20.3129341],[-46.4131003,-20.312966],[-46.4126348,-20.3128107],[-46.4125165,-20.3126943],[-46.4122113,-20.312494],[-46.4120664,-20.3123472],[-46.4118985,-20.3121488],[-46.4117836,-20.3119369],[-46.4116829,-20.3117369],[-46.4116502,-20.311479],[-46.41155,-20.3113292],[-46.4113217,-20.3112952],[-46.4110332,-20.3113406],[-46.4107758,-20.3114502],[-46.4105485,-20.3115381],[-46.4102983,-20.3116118],[-46.4099647,-20.3117005],[-46.4095639,-20.311775],[-46.4091506,-20.3116139],[-46.4089691,-20.3115078],[-46.4086401,-20.3114889],[-46.4082839,-20.3116065],[-46.4080841,-20.3113643],[-46.4080897,-20.311142],[-46.4082437,-20.3109666],[-46.4084767,-20.310663],[-46.4087777,-20.3104209],[-46.4090164,-20.310231],[-46.4091519,-20.3099763],[-46.4092778,-20.3097131],[-46.4092816,-20.3094365],[-46.4091524,-20.3092976],[-46.4088938,-20.3092782],[-46.4084911,-20.309303],[-46.4082534,-20.3090682],[-46.4080394,-20.3089481],[-46.4077634,-20.3090341],[-46.4074788,-20.3091534],[-46.4071908,-20.3092489],[-46.4069709,-20.3093009],[-46.4066738,-20.3092315],[-46.4063979,-20.3089899],[-46.4062205,-20.3086974],[-46.4061955,-20.3084371],[-46.4060658,-20.3080442],[-46.4059436,-20.3078229],[-46.4057759,-20.3076761],[-46.4054135,-20.3077214],[-46.4051331,-20.3078097],[-46.4046934,-20.3079352],[-46.4041549,-20.3080686],[-46.4038215,-20.3081931],[-46.4035107,-20.3082817],[-46.4031399,-20.3084639],[-46.4028738,-20.3084661],[-46.4023953,-20.3084986],[-46.4019757,-20.3083299],[-46.4016314,-20.3080888],[-46.401408,-20.3078115],[-46.4010555,-20.3074409],[-46.4007641,-20.3071492],[-46.400684,-20.306698],[-46.4006809,-20.306361],[-46.4006702,-20.3060097],[-46.4006898,-20.305651],[-46.4006121,-20.3054724],[-46.4002779,-20.3054966],[-46.3999595,-20.3055923],[-46.3996837,-20.3055894],[-46.3994778,-20.3055761],[-46.399222,-20.3055696],[-46.3989246,-20.3054644],[-46.3987377,-20.3052614],[-46.3986042,-20.3051088],[-46.3985836,-20.3047285],[-46.3985658,-20.3044418],[-46.3984875,-20.3041842],[-46.3983943,-20.3039699],[-46.3982178,-20.3037777],[-46.3978505,-20.3035081],[-46.3976436,-20.3033233],[-46.397429,-20.3031242],[-46.39729,-20.3028815],[-46.3972343,-20.3026023],[-46.3971088,-20.3021447],[-46.3971126,-20.3018014],[-46.3971126,-20.301481],[-46.3971279,-20.3012597],[-46.397166,-20.3010328],[-46.3972548,-20.3006516],[-46.3973818,-20.3004068],[-46.3975399,-20.3001725],[-46.3976619,-20.2999456],[-46.3978471,-20.2997433],[-46.397948,-20.299463],[-46.3978941,-20.2990474],[-46.3978688,-20.2987679],[-46.398003,-20.2984728],[-46.3981152,-20.2982711],[-46.3983028,-20.2980043],[-46.3985508,-20.2976868],[-46.3989803,-20.2974142],[-46.399132,-20.2972376],[-46.3990847,-20.2970515],[-46.3989084,-20.2968808],[-46.3986716,-20.2967536],[-46.398297,-20.2965128],[-46.398264,-20.296219],[-46.3982609,-20.2958749],[-46.3980765,-20.2956612],[-46.3979332,-20.2957771],[-46.3978435,-20.2959499],[-46.3977619,-20.2961729],[-46.3977418,-20.2964742],[-46.3977137,-20.2967326],[-46.3976707,-20.2970198],[-46.3975856,-20.2973706],[-46.3973409,-20.2975387],[-46.3971212,-20.2976193],[-46.3968935,-20.297657],[-46.3965598,-20.2977386],[-46.3964018,-20.2979191],[-46.396274,-20.2980779],[-46.3960945,-20.298402],[-46.3957736,-20.2985589],[-46.3955791,-20.2985608],[-46.3952955,-20.2985352],[-46.3948322,-20.2983404],[-46.3944435,-20.2982144],[-46.3941615,-20.2981306],[-46.3938346,-20.2981188],[-46.393638,-20.2982351],[-46.3936858,-20.2984786],[-46.3935667,-20.2987664],[-46.3933397,-20.2988829],[-46.3931071,-20.2988603],[-46.3925937,-20.2987526],[-46.392312,-20.2986975],[-46.3919693,-20.2986285],[-46.3915592,-20.2986604],[-46.3913676,-20.298826],[-46.3912303,-20.2989843],[-46.3912151,-20.2992799],[-46.3912409,-20.2996167],[-46.391221,-20.2999467],[-46.3910712,-20.3001917],[-46.3907454,-20.3003091],[-46.3904793,-20.300304],[-46.3902885,-20.3002123],[-46.3900347,-20.2999333],[-46.3899177,-20.2995483],[-46.3898242,-20.2992909],[-46.3896991,-20.2988975],[-46.389605,-20.2985756],[-46.3894208,-20.2983762],[-46.3892065,-20.298213],[-46.3888041,-20.298145],[-46.3885221,-20.2981754],[-46.3882416,-20.2982565],[-46.387916,-20.2983882],[-46.3875591,-20.298434],[-46.3872772,-20.2983502],[-46.3872222,-20.2981499],[-46.3873033,-20.2978695],[-46.3874055,-20.2973954],[-46.3875093,-20.2971006],[-46.3876048,-20.2967341],[-46.3878983,-20.2964019],[-46.3884352,-20.2960965],[-46.3885404,-20.2959594],[-46.3883944,-20.2957885],[-46.3881938,-20.2955796],[-46.3880492,-20.2954255],[-46.3880164,-20.2951532],[-46.3880134,-20.2948234],[-46.3881404,-20.2945325],[-46.3883203,-20.2942903],[-46.3883633,-20.2940031],[-46.3883772,-20.293655],[-46.3882518,-20.2934232],[-46.3879305,-20.2934415],[-46.3876143,-20.2935286],[-46.3874553,-20.2936016],[-46.3872134,-20.2936856],[-46.3869463,-20.2935788],[-46.3865859,-20.2932714],[-46.3864768,-20.2929711],[-46.3865042,-20.2926338],[-46.3865469,-20.2923036],[-46.3866809,-20.2919942],[-46.3868608,-20.2917131],[-46.3869502,-20.2915045],[-46.387039,-20.2912384],[-46.3871256,-20.2909314],[-46.3871396,-20.2905851],[-46.3870159,-20.2903422],[-46.3868395,-20.2901644],[-46.3867612,-20.289914],[-46.3866904,-20.289642],[-46.3866424,-20.2893699],[-46.3866526,-20.2891099],[-46.3868014,-20.2889726],[-46.3869267,-20.2888657],[-46.3870861,-20.2888429],[-46.3873374,-20.2888983],[-46.3875966,-20.2889895],[-46.3877626,-20.2891194],[-46.3879076,-20.2891671],[-46.3880183,-20.2891671],[-46.3881632,-20.2890794],[-46.3881733,-20.2888773],[-46.3881636,-20.2886408],[-46.3881837,-20.2883394],[-46.3882353,-20.2881597],[-46.3884389,-20.2879788],[-46.3885747,-20.2878702],[-46.3888804,-20.2878548],[-46.3890635,-20.2879121],[-46.3893077,-20.2878014],[-46.3892704,-20.2874775],[-46.3891169,-20.2872693],[-46.3889484,-20.2871573],[-46.3888482,-20.2870003],[-46.3888009,-20.2868071],[-46.388799,-20.2865992],[-46.3888125,-20.2864054],[-46.3889529,-20.2862603],[-46.3891016,-20.2862126],[-46.3892085,-20.2861439],[-46.3893647,-20.2861142],[-46.389352,-20.2859665],[-46.3892504,-20.285814],[-46.3891936,-20.2856781],[-46.3890331,-20.2855718],[-46.3888268,-20.2854516],[-46.3886134,-20.2853887],[-46.3882866,-20.2853841],[-46.3879823,-20.2853507],[-46.3877764,-20.2852806],[-46.3875872,-20.2852494],[-46.3873415,-20.2850833],[-46.3871572,-20.2848696],[-46.3871095,-20.2846333],[-46.3871226,-20.2843966],[-46.3872925,-20.2838502],[-46.3873517,-20.2836705],[-46.3873342,-20.2834125],[-46.3872564,-20.2832051],[-46.3869747,-20.28315],[-46.3866907,-20.2832505],[-46.3864446,-20.2833693],[-46.386072,-20.2833508],[-46.3859499,-20.2832872],[-46.3858118,-20.2831449],[-46.3857116,-20.2829879],[-46.3856715,-20.2827516],[-46.3856542,-20.2825151],[-46.3856366,-20.2822427],[-46.3856948,-20.2819482],[-46.3857984,-20.2816319],[-46.3859334,-20.2814372],[-46.3861478,-20.2813109],[-46.3865305,-20.2810596],[-46.3866885,-20.280879],[-46.3869219,-20.2806334],[-46.3871549,-20.2803447],[-46.3872592,-20.2801072],[-46.3873931,-20.2797835],[-46.3874592,-20.2795248],[-46.3875618,-20.2791009],[-46.3876436,-20.2788923],[-46.3878391,-20.2786612],[-46.3880659,-20.2785232],[-46.388537,-20.2785123],[-46.3888175,-20.2784384],[-46.3888307,-20.278216],[-46.3888213,-20.2780081],[-46.3888238,-20.2776236],[-46.3889898,-20.277304],[-46.389223,-20.2770296],[-46.3895023,-20.2768266],[-46.3898278,-20.2767952],[-46.3901861,-20.2767997],[-46.3904751,-20.2768261],[-46.3908016,-20.2767948],[-46.3909452,-20.2767004],[-46.3909053,-20.2764928],[-46.3906592,-20.2761649],[-46.3905279,-20.2759293],[-46.3905796,-20.2757568],[-46.3907114,-20.2756115],[-46.390981,-20.275603],[-46.3912621,-20.2755936],[-46.3914589,-20.2755131],[-46.3914347,-20.2753556],[-46.3913191,-20.27517],[-46.3911428,-20.2750065],[-46.3909136,-20.2747971],[-46.3907297,-20.2746942],[-46.3906847,-20.2744518],[-46.3906953,-20.2742499],[-46.3906856,-20.2740133],[-46.3906606,-20.2737697],[-46.3905684,-20.2736557],[-46.3904459,-20.2735563],[-46.3901871,-20.2735082],[-46.390042,-20.2734233],[-46.3898965,-20.2733025],[-46.3898188,-20.2731339],[-46.3897864,-20.2728875],[-46.3897319,-20.2727373],[-46.3895795,-20.2726955],[-46.3892504,-20.2726608],[-46.3890018,-20.2726714],[-46.3887659,-20.2725864],[-46.3886425,-20.2724376],[-46.3884588,-20.2722956],[-46.3883963,-20.2720953],[-46.3883032,-20.2718881],[-46.3881423,-20.2717388],[-46.3879354,-20.2715468],[-46.3876753,-20.2713481],[-46.3876575,-20.2710614],[-46.3876775,-20.2707457],[-46.3877903,-20.2706085],[-46.3880177,-20.2705422],[-46.3881634,-20.2706916],[-46.3882929,-20.2709289],[-46.3884836,-20.2710892],[-46.388682,-20.2710567],[-46.3888155,-20.2710148],[-46.3891221,-20.2708203],[-46.3892955,-20.2706683],[-46.3895746,-20.2703987],[-46.3896471,-20.2702728],[-46.3897348,-20.2701813],[-46.3898455,-20.2700134],[-46.3899294,-20.2699218],[-46.3899788,-20.269745],[-46.3901591,-20.2695141],[-46.3903237,-20.2692188],[-46.3905092,-20.2690044],[-46.3907216,-20.2686778],[-46.3910509,-20.2682872],[-46.3911997,-20.2681728],[-46.3914782,-20.2680488],[-46.3917187,-20.268003],[-46.3919181,-20.2682022],[-46.3920193,-20.2684739],[-46.3921666,-20.2688026],[-46.3923569,-20.2688297],[-46.392614,-20.2686915],[-46.3928359,-20.2688618],[-46.3930411,-20.2688673],[-46.3932377,-20.268751],[-46.3935403,-20.268598],[-46.3938054,-20.2685027],[-46.3941624,-20.2684784],[-46.3944198,-20.2683687],[-46.3947672,-20.2681365],[-46.3949391,-20.2678053],[-46.3950888,-20.2675531],[-46.3953539,-20.2674614],[-46.3956742,-20.2675843],[-46.3957975,-20.2677769],[-46.3958161,-20.2681568],[-46.3958047,-20.2685728],[-46.3957851,-20.2689316],[-46.3957575,-20.2692473],[-46.3956469,-20.2696282],[-46.3956958,-20.2699936],[-46.3958188,-20.2701504],[-46.3960684,-20.2700193],[-46.3963025,-20.2698525],[-46.3964945,-20.2695633],[-46.3967044,-20.2689777],[-46.3970095,-20.2686954],[-46.3974095,-20.268725],[-46.3976369,-20.2686586],[-46.3976084,-20.2684017],[-46.3976008,-20.2680984],[-46.3975779,-20.2678733],[-46.3975321,-20.2675761],[-46.3975321,-20.2673412],[-46.3975073,-20.2669243],[-46.397535,-20.2666229],[-46.3975855,-20.2663141],[-46.3977202,-20.2660907],[-46.3979085,-20.2658956],[-46.3981434,-20.265822],[-46.3984019,-20.2658415],[-46.3985926,-20.265987],[-46.3988468,-20.2662969],[-46.3991154,-20.2665888],[-46.3993141,-20.2667162],[-46.3995813,-20.2668575],[-46.3999687,-20.2668329],[-46.4002121,-20.2668597],[-46.400494,-20.2669435],[-46.4006984,-20.2670799],[-46.4010452,-20.267398],[-46.4011921,-20.2676765],[-46.4012029,-20.268035],[-46.4012809,-20.2682495],[-46.4014918,-20.2683158],[-46.4017627,-20.2681919],[-46.4019458,-20.2680908],[-46.4021986,-20.2680557],[-46.4023692,-20.2681651],[-46.4023698,-20.2684989],[-46.4023494,-20.2687644],[-46.4024719,-20.2688638],[-46.4027526,-20.2688114],[-46.4030258,-20.2687733],[-46.403239,-20.26893],[-46.4032793,-20.2690797],[-46.4035082,-20.2691782],[-46.4035725,-20.2689395],[-46.4036335,-20.2687583],[-46.40367,-20.268394],[-46.40367,-20.268209],[-46.4036471,-20.2680736],[-46.4036626,-20.2677571],[-46.4036443,-20.2674131],[-46.4036302,-20.2668514],[-46.4039471,-20.2664425],[-46.4039599,-20.2661699],[-46.4038821,-20.2659698],[-46.4036689,-20.2659213],[-46.4033883,-20.2659809],[-46.4030547,-20.2660696],[-46.4026302,-20.2661878],[-46.4022624,-20.2663131],[-46.4019954,-20.2663112],[-46.4017934,-20.2660941],[-46.4017309,-20.2659009],[-46.4016533,-20.2657223],[-46.4014699,-20.2656018],[-46.4012112,-20.2655681],[-46.4010051,-20.2654693],[-46.4008209,-20.2652628],[-46.4007403,-20.2650028],[-46.4007255,-20.2647903],[-46.400723,-20.2645178],[-46.4006375,-20.2643034],[-46.4004924,-20.2642257],[-46.4003023,-20.2642128],[-46.4000041,-20.2642856],[-46.399635,-20.2643688],[-46.399369,-20.2643637],[-46.3991648,-20.2641845],[-46.3989175,-20.2640088],[-46.3987789,-20.2638162],[-46.3985888,-20.2635246],[-46.3982836,-20.2634101],[-46.3980548,-20.2634521],[-46.3980031,-20.2637292],[-46.397852,-20.2638308],[-46.3976466,-20.2638164],[-46.3974624,-20.2638086],[-46.39722,-20.2636853],[-46.3969914,-20.2636225],[-46.3967404,-20.2635887],[-46.3964284,-20.263541],[-46.396124,-20.2635004],[-46.3957743,-20.2634816],[-46.3954493,-20.263454],[-46.3951735,-20.2634291],[-46.3948384,-20.2633457],[-46.3945183,-20.2632407],[-46.3943566,-20.2629981],[-46.3942479,-20.2627408],[-46.3941994,-20.2624114],[-46.3941195,-20.2619817],[-46.3940204,-20.2619395],[-46.3938229,-20.2619482],[-46.3935494,-20.2619576],[-46.3933289,-20.261945],[-46.393108,-20.2618894],[-46.3928708,-20.2616976],[-46.3926561,-20.2614914],[-46.3924113,-20.2613069],[-46.3922121,-20.261122],[-46.3919144,-20.2609666],[-46.3916475,-20.2608612],[-46.3914438,-20.2606407],[-46.3913637,-20.2603755],[-46.3913026,-20.2601314],[-46.3913065,-20.2599273],[-46.3912938,-20.2595517],[-46.3913445,-20.2592716],[-46.3914181,-20.2590057],[-46.3915684,-20.2588109],[-46.3917484,-20.2585513],[-46.3918832,-20.2583207],[-46.3920384,-20.2579881],[-46.3920542,-20.2577396],[-46.3920923,-20.2575679],[-46.3921686,-20.257257],[-46.3922296,-20.2570758],[-46.3924929,-20.2568243],[-46.3927267,-20.2566289],[-46.392915,-20.2564409],[-46.3930191,-20.2561819],[-46.3930171,-20.2559596],[-46.3929083,-20.2556808],[-46.3928171,-20.2554126],[-46.3928109,-20.254986],[-46.3929523,-20.254655],[-46.39323,-20.2542727],[-46.3935764,-20.2539114],[-46.3939845,-20.2536644],[-46.3942735,-20.2536979],[-46.3944188,-20.2537972],[-46.3945266,-20.2539541],[-46.3946887,-20.2542396],[-46.394805,-20.2544969],[-46.3949805,-20.2545815],[-46.3951364,-20.2543998],[-46.39537,-20.2539545],[-46.395429,-20.2537533],[-46.3953884,-20.2534596],[-46.3953709,-20.2532087],[-46.3953687,-20.2529578],[-46.3953195,-20.2527137],[-46.3952801,-20.2523991],[-46.3953613,-20.252126],[-46.3954731,-20.2518813],[-46.3957067,-20.2516715],[-46.3960101,-20.2516045],[-46.3963135,-20.2515519],[-46.3966325,-20.2515278],[-46.3968674,-20.2514614],[-46.3971716,-20.2514877],[-46.3974382,-20.2515573],[-46.3976214,-20.2516562],[-46.3977219,-20.2518419],[-46.3977457,-20.2521109],[-46.397742,-20.2523939],[-46.3977669,-20.2526303],[-46.3978303,-20.2529238],[-46.3979459,-20.2531022],[-46.3981386,-20.2531829],[-46.398381,-20.2533282],[-46.3985499,-20.2535133],[-46.3986356,-20.2537493],[-46.3988257,-20.2537692],[-46.3990151,-20.2537104],[-46.3992334,-20.253472],[-46.3993975,-20.2531336],[-46.3995272,-20.2528166],[-46.3995825,-20.25258],[-46.3997022,-20.2523711],[-46.3998448,-20.2521691],[-46.4001016,-20.2520022],[-46.4004008,-20.2519145],[-46.4005228,-20.2518954],[-46.4008891,-20.2518973],[-46.4011561,-20.251945],[-46.4015154,-20.2520554],[-46.4017285,-20.2520896],[-46.4020951,-20.2523018],[-46.4024543,-20.2525284],[-46.4027757,-20.2527768],[-46.4029606,-20.2530621],[-46.4030784,-20.2534915],[-46.4031887,-20.253928],[-46.4032453,-20.2543004],[-46.4033553,-20.2547083],[-46.4035175,-20.255001],[-46.4036692,-20.2549711],[-46.40382,-20.2548408],[-46.4040377,-20.2545451],[-46.4042478,-20.2542422],[-46.4043757,-20.253961],[-46.4046427,-20.2537684],[-46.4049136,-20.2536769],[-46.4052302,-20.2535796],[-46.4054858,-20.2535452],[-46.4058635,-20.2535471],[-46.4061534,-20.2535853],[-46.406409,-20.2536463],[-46.4068586,-20.2538986],[-46.4070994,-20.2540965],[-46.4073779,-20.2540984],[-46.4074273,-20.253765],[-46.407403,-20.2536074],[-46.4073026,-20.2534217],[-46.4070918,-20.2532114],[-46.4068576,-20.252952],[-46.4068249,-20.2526941],[-46.4068534,-20.2524788],[-46.4067834,-20.2523001],[-46.4066004,-20.2522298],[-46.4063212,-20.2522559],[-46.4060313,-20.2522769],[-46.4057345,-20.2522654],[-46.4054838,-20.2522746],[-46.4051952,-20.2522841],[-46.4048222,-20.2522154],[-46.4045178,-20.2521605],[-46.4041898,-20.2520268],[-46.4038848,-20.2519002],[-46.4037013,-20.2517726],[-46.4033344,-20.2515317],[-46.4030812,-20.2512684],[-46.402881,-20.2509688],[-46.4027648,-20.2507188],[-46.4027404,-20.2505469],[-46.4027004,-20.2503177],[-46.4025546,-20.2501611],[-46.4023408,-20.2500409],[-46.402165,-20.2499276],[-46.4018686,-20.2499228],[-46.4014581,-20.2499045],[-46.4009573,-20.2499731],[-46.4004713,-20.2500057],[-46.4000535,-20.2500233],[-46.3997114,-20.2500046],[-46.3994204,-20.2498583],[-46.3991926,-20.249772],[-46.3991378,-20.249586],[-46.399219,-20.2493272],[-46.3993541,-20.2491397],[-46.3996261,-20.2489654],[-46.3998148,-20.2488277],[-46.3999883,-20.2486829],[-46.4002752,-20.2484798],[-46.4005318,-20.2482841],[-46.4008488,-20.2480521],[-46.401083,-20.2478925],[-46.4012717,-20.2477547],[-46.4014307,-20.2476961],[-46.4017095,-20.2474357],[-46.4020112,-20.2471895],[-46.4022069,-20.24698],[-46.4023716,-20.2467061],[-46.4024524,-20.24639],[-46.4025113,-20.2461887],[-46.4025942,-20.2459978],[-46.4025303,-20.2457655],[-46.4023546,-20.2456521],[-46.4021496,-20.2456753],[-46.4019075,-20.245792],[-46.4017249,-20.2457576],[-46.4015567,-20.2456442],[-46.4013362,-20.2456244],[-46.4012156,-20.2457329],[-46.4011187,-20.2459417],[-46.4010373,-20.2461933],[-46.4009101,-20.2464095],[-46.4007515,-20.2465183],[-46.4005618,-20.2465485],[-46.4004246,-20.2464922],[-46.4002024,-20.246286],[-46.4000027,-20.246051],[-46.3998272,-20.2459735],[-46.3996607,-20.2460394],[-46.3995482,-20.2462052],[-46.3994518,-20.2464713],[-46.3993401,-20.2467303],[-46.3992513,-20.2469892],[-46.3991472,-20.247241],[-46.3990578,-20.2474425],[-46.3989221,-20.2475584],[-46.3987545,-20.2475095],[-46.3985544,-20.2473673],[-46.3984552,-20.2471461],[-46.3982759,-20.2469859],[-46.3981514,-20.24693],[-46.3979144,-20.2470357],[-46.3978176,-20.2472588],[-46.3978258,-20.2475485],[-46.3977762,-20.2476763],[-46.3977266,-20.2479071],[-46.3976923,-20.2481379],[-46.3975772,-20.2484081],[-46.3975265,-20.2486882],[-46.3974388,-20.2490833],[-46.3974039,-20.2494278],[-46.3972693,-20.2496655],[-46.3970425,-20.2497964],[-46.3967768,-20.24982],[-46.3964492,-20.2497222],[-46.3961053,-20.2495098],[-46.3958904,-20.2492605],[-46.3955975,-20.2488039],[-46.3952585,-20.2483649],[-46.3950817,-20.2480479],[-46.3949039,-20.2477051],[-46.3947046,-20.2475131],[-46.3945226,-20.2475504],[-46.394387,-20.2476877],[-46.3942374,-20.247947],[-46.39408,-20.2481921],[-46.3939599,-20.248358],[-46.3938242,-20.248481],[-46.3934912,-20.248627],[-46.3931876,-20.2486581],[-46.392944,-20.2486099],[-46.3926996,-20.2484684],[-46.3925083,-20.2483193],[-46.3923479,-20.2481341],[-46.3922468,-20.24797],[-46.3922374,-20.2477621],[-46.3923648,-20.2475675],[-46.3925678,-20.2473292],[-46.3928232,-20.2469974],[-46.3928438,-20.2467534],[-46.3927057,-20.2466039],[-46.3925157,-20.2465982],[-46.3922959,-20.2466573],[-46.3919851,-20.2467387],[-46.391773,-20.2468121],[-46.391561,-20.2468926],[-46.391265,-20.2469351],[-46.3909463,-20.2469807],[-46.3906499,-20.2469687],[-46.3904971,-20.2468839],[-46.390391,-20.2467639],[-46.3902972,-20.2466129],[-46.3903474,-20.2462755],[-46.3903985,-20.2460456],[-46.3904421,-20.245823],[-46.3905312,-20.2455856],[-46.3906274,-20.2453742],[-46.3905891,-20.2452625],[-46.3904819,-20.2451701],[-46.3903001,-20.2452289],[-46.3901032,-20.2453093],[-46.3898994,-20.2454616],[-46.3896958,-20.2456353],[-46.3894696,-20.2458307],[-46.3893042,-20.2460256],[-46.3891467,-20.2462635],[-46.3889669,-20.2465446],[-46.3886891,-20.2469269],[-46.3885162,-20.2471362],[-46.3883436,-20.2473814],[-46.3881404,-20.2475981],[-46.3879228,-20.247901],[-46.3876827,-20.2482471],[-46.3874343,-20.2485144],[-46.3872991,-20.2486876],[-46.3871019,-20.248725],[-46.3868426,-20.2486501],[-46.3866594,-20.2485277],[-46.3866197,-20.2483344],[-46.3866323,-20.2480403],[-46.3866372,-20.2477641],[-46.3864913,-20.247561],[-46.3863307,-20.2474475],[-46.3861225,-20.2473916],[-46.385783,-20.2473801],[-46.3855094,-20.2473679],[-46.3852434,-20.2473629],[-46.3849619,-20.2473292],[-46.3847711,-20.2472303],[-46.3845259,-20.2469956],[-46.3844864,-20.246831],[-46.3845452,-20.2466082],[-46.3846805,-20.2464422],[-46.3849,-20.2463401],[-46.3852029,-20.246223],[-46.3855212,-20.2461273],[-46.3858018,-20.2460677],[-46.3861357,-20.2460292],[-46.3865002,-20.2459976],[-46.3867357,-20.2459957],[-46.3870545,-20.2459574],[-46.3873807,-20.2459046],[-46.387631,-20.2458524],[-46.387949,-20.2457208],[-46.3881829,-20.2455325],[-46.3883558,-20.2453232],[-46.3884111,-20.2450766],[-46.3884349,-20.2448278],[-46.388303,-20.2445133],[-46.3882051,-20.2443728],[-46.3881326,-20.2442011],[-46.3879636,-20.2439494],[-46.3877879,-20.2438361],[-46.387552,-20.2438021],[-46.3872254,-20.2438119],[-46.3869214,-20.2438071],[-46.386685,-20.2437086],[-46.3864787,-20.243574],[-46.3863053,-20.2434535],[-46.3862824,-20.2431769],[-46.3862301,-20.2429664],[-46.3862351,-20.2426723],[-46.3862862,-20.2424353],[-46.3863752,-20.2421908],[-46.3865322,-20.2419027],[-46.3867507,-20.241693],[-46.387015,-20.2415044],[-46.3873255,-20.2413944],[-46.3875757,-20.2413351],[-46.3878937,-20.2412035],[-46.3880824,-20.2410729],[-46.3882931,-20.2408418],[-46.3884742,-20.2406969],[-46.3887234,-20.2405228],[-46.3889202,-20.2404424],[-46.3891851,-20.2403256],[-46.3894879,-20.2401941],[-46.3896924,-20.2401279],[-46.3899577,-20.2400541],[-46.3900632,-20.2399529],[-46.3901238,-20.2398085],[-46.3900285,-20.2396959],[-46.3899293,-20.2396387],[-46.3895883,-20.2395264],[-46.3892909,-20.2394507],[-46.3889494,-20.2394454],[-46.3885622,-20.2394843],[-46.3880772,-20.2396244],[-46.3877892,-20.2397127],[-46.3870767,-20.2399048],[-46.3866297,-20.2400446],[-46.3862653,-20.2400761],[-46.3859002,-20.2400288],[-46.3856339,-20.2399879],[-46.3854044,-20.2398104],[-46.38538,-20.2396385],[-46.3855081,-20.2395084],[-46.3858037,-20.2394272],[-46.3861674,-20.2393168],[-46.3865538,-20.2391918],[-46.3869781,-20.2390594],[-46.3872055,-20.2390002],[-46.3875002,-20.2388186],[-46.387704,-20.2386736],[-46.3879229,-20.2385069],[-46.3880655,-20.238305],[-46.3880332,-20.2380901],[-46.387903,-20.2379764],[-46.3876753,-20.2379997],[-46.3874552,-20.2380302],[-46.3872122,-20.2380464],[-46.386924,-20.2380989],[-46.3865525,-20.2381951],[-46.3862489,-20.2382333],[-46.3858993,-20.2382217],[-46.3856256,-20.2382024],[-46.3851008,-20.2381348],[-46.3846593,-20.2380379],[-46.3843469,-20.2379471],[-46.3841031,-20.2378702],[-46.3836121,-20.2377276],[-46.3834748,-20.2376475],[-46.3833565,-20.2375807],[-46.3830857,-20.2373842],[-46.3829178,-20.2372813],[-46.3828301,-20.2372011],[-46.3827347,-20.2369933],[-46.3826031,-20.2366414],[-46.3825624,-20.2363334],[-46.3826591,-20.2361031],[-46.3828637,-20.236037],[-46.3831301,-20.2360994],[-46.3833435,-20.2361766],[-46.3836109,-20.2363395],[-46.3839708,-20.2366593],[-46.3842633,-20.2368773],[-46.3843739,-20.2369345],[-46.3845513,-20.2370061],[-46.3847106,-20.236969],[-46.3847696,-20.2367749],[-46.3847595,-20.2364882],[-46.3847798,-20.2362083],[-46.3847844,-20.2358641],[-46.3848264,-20.2354693],[-46.3849153,-20.2352105],[-46.3849749,-20.2350738],[-46.3850117,-20.2349444],[-46.3851539,-20.2346923],[-46.385266,-20.2344906],[-46.3853936,-20.2343103],[-46.3855134,-20.2341157],[-46.3857923,-20.2338626],[-46.3860487,-20.2336454],[-46.3862481,-20.2334875],[-46.3863046,-20.2333709],[-46.3862724,-20.2331703],[-46.3861031,-20.2329554],[-46.385934,-20.2326997],[-46.3858632,-20.2324349],[-46.3859138,-20.2321405],[-46.3860946,-20.231967],[-46.3862989,-20.2318722],[-46.3866253,-20.2318409],[-46.3868841,-20.2318962],[-46.3871665,-20.2320374],[-46.3873807,-20.2322007],[-46.3876214,-20.2324518],[-46.3878426,-20.2326273],[-46.3880868,-20.2327875],[-46.3883042,-20.2329706],[-46.3884759,-20.233087],[-46.3885865,-20.2331671],[-46.3886933,-20.2332567],[-46.3888722,-20.2333291],[-46.3890787,-20.2334852],[-46.3892241,-20.2335988],[-46.3894141,-20.2336044],[-46.3894885,-20.2334317],[-46.3895092,-20.2331949],[-46.3894842,-20.2329441],[-46.3895433,-20.2327572],[-46.3897255,-20.2327414],[-46.3899154,-20.2327399],[-46.39002,-20.2325383],[-46.3899713,-20.2322706],[-46.3898032,-20.2320739],[-46.3897479,-20.2318449],[-46.3896629,-20.2316806],[-46.389661,-20.2314655],[-46.3896815,-20.2312072],[-46.3897996,-20.2308897],[-46.3897752,-20.2306399],[-46.3896986,-20.2305688],[-46.3895312,-20.2305415],[-46.3892503,-20.230558],[-46.3890824,-20.2305788],[-46.3889336,-20.2305349],[-46.3888268,-20.2304644],[-46.3886481,-20.2303405],[-46.3885252,-20.2301837],[-46.388493,-20.2299832],[-46.388506,-20.2297321],[-46.3885113,-20.2294739],[-46.3885707,-20.2293228],[-46.3885993,-20.2291146],[-46.3886342,-20.2287773],[-46.3886696,-20.2284758],[-46.38872,-20.2281671],[-46.3887785,-20.2279085],[-46.3887909,-20.2276],[-46.3889174,-20.2272978],[-46.3891119,-20.2269592],[-46.3894143,-20.2267919],[-46.3897031,-20.226804],[-46.3899383,-20.2267662],[-46.3900414,-20.2265639],[-46.3899424,-20.2263718],[-46.3897054,-20.2262016],[-46.3893313,-20.2259966],[-46.3889275,-20.2258707],[-46.3885556,-20.2259095],[-46.3883358,-20.2259686],[-46.3880785,-20.2260854],[-46.3877985,-20.2262095],[-46.3875106,-20.2262907],[-46.3872521,-20.2262784],[-46.3870836,-20.2261147],[-46.3868916,-20.2258868],[-46.3867231,-20.2257304],[-46.3865331,-20.2257247],[-46.3863363,-20.2258123],[-46.386071,-20.2258789],[-46.3857901,-20.2258955],[-46.3853933,-20.2256978],[-46.3853227,-20.2254474],[-46.3853429,-20.2251604],[-46.3853856,-20.2248302],[-46.3854437,-20.2245285],[-46.3855105,-20.2243487],[-46.3856291,-20.2240179],[-46.3857111,-20.223838],[-46.3860193,-20.2234698],[-46.3863368,-20.2232881],[-46.3866247,-20.2232069],[-46.3869131,-20.2231759],[-46.3872401,-20.223202],[-46.3876434,-20.2232849],[-46.3880321,-20.2234181],[-46.3883599,-20.2235517],[-46.3886644,-20.2236139],[-46.3890976,-20.223632],[-46.3895766,-20.2236784],[-46.3900401,-20.223689],[-46.3902835,-20.2237158],[-46.390435,-20.2236716],[-46.3904819,-20.2234873],[-46.3903105,-20.2233427],[-46.3900946,-20.2229787],[-46.3898788,-20.2226362],[-46.3896584,-20.2221635],[-46.3895478,-20.222051],[-46.389423,-20.2217793],[-46.3892579,-20.221475],[-46.3891135,-20.2211506],[-46.3890809,-20.2208999],[-46.3890789,-20.2206705],[-46.389122,-20.2203976],[-46.3893108,-20.220267],[-46.3894851,-20.2202226],[-46.3898807,-20.220284],[-46.3902535,-20.2204641],[-46.3904099,-20.2205232],[-46.390654,-20.2206605],[-46.3909478,-20.2208303],[-46.391269,-20.2209792],[-46.3915957,-20.2209159],[-46.3916776,-20.2207288],[-46.3915759,-20.2203997],[-46.3915314,-20.2201303],[-46.3914217,-20.2199074],[-46.3913598,-20.2197068],[-46.3913254,-20.219581],[-46.3913472,-20.2194549],[-46.3913,-20.219276],[-46.3911913,-20.2190116],[-46.3910295,-20.2187618],[-46.3908601,-20.218505],[-46.3906375,-20.2182486],[-46.3904213,-20.2179921],[-46.390315,-20.2178568],[-46.3901839,-20.2176355],[-46.3901737,-20.2173487],[-46.3902406,-20.2171833],[-46.3904611,-20.217203],[-46.3906896,-20.2172658],[-46.3909413,-20.2173785],[-46.3912232,-20.2174767],[-46.3914825,-20.2175894],[-46.3917571,-20.2177091],[-46.3920239,-20.2178146],[-46.3922824,-20.2178412],[-46.3925486,-20.2178749],[-46.3928229,-20.217966],[-46.3930671,-20.218086],[-46.3933102,-20.2180912],[-46.3934502,-20.2179101],[-46.3933663,-20.2176126],[-46.3931815,-20.2172891],[-46.3930001,-20.2169927],[-46.3928296,-20.2167997],[-46.3927429,-20.2166615],[-46.3927565,-20.2164749],[-46.3927851,-20.2162739],[-46.3928211,-20.2160585],[-46.3930016,-20.2158491],[-46.3931222,-20.2156136],[-46.3932103,-20.2153957],[-46.393095,-20.2152532],[-46.3928818,-20.2151975],[-46.3926312,-20.2151995],[-46.392365,-20.2151657],[-46.392174,-20.2150453],[-46.3919282,-20.2149098],[-46.3917336,-20.2147248],[-46.3915123,-20.2144883],[-46.3911843,-20.2141965],[-46.3909783,-20.2138779],[-46.3909172,-20.2137387],[-46.3908677,-20.213567],[-46.3907526,-20.2132495],[-46.3906523,-20.213071],[-46.3905964,-20.2127702],[-46.390562,-20.2123187],[-46.3905287,-20.211982],[-46.3904203,-20.2117533],[-46.3902972,-20.2115822],[-46.3903096,-20.2112666],[-46.3902988,-20.2109009],[-46.3903029,-20.2105137],[-46.3903458,-20.210205],[-46.390381,-20.2098963],[-46.3904395,-20.2096449],[-46.390497,-20.2092787],[-46.3906602,-20.2088328],[-46.3908707,-20.2085802],[-46.3911415,-20.208284],[-46.3913301,-20.2081391],[-46.391511,-20.2079799],[-46.3916689,-20.2077994],[-46.3918186,-20.20754],[-46.3919453,-20.2072737],[-46.3921095,-20.2069425],[-46.3922583,-20.2065899],[-46.3923923,-20.2062805],[-46.3925256,-20.2058922],[-46.3926752,-20.20564],[-46.3928097,-20.205388],[-46.3930125,-20.2051211],[-46.3932535,-20.2048897],[-46.3935025,-20.2047012],[-46.3937519,-20.2045558],[-46.3939636,-20.2044466],[-46.3943492,-20.2042428],[-46.394675,-20.2041469],[-46.3950989,-20.2039858],[-46.3954852,-20.2038608],[-46.395781,-20.2038155],[-46.3961444,-20.2036691],[-46.3964855,-20.2035947],[-46.3967505,-20.2034994],[-46.3970156,-20.2034112],[-46.3974173,-20.2033148],[-46.397736,-20.2032693],[-46.3980015,-20.2032313],[-46.3982975,-20.2032002],[-46.3985856,-20.2031406],[-46.3989416,-20.203023],[-46.3992664,-20.2028196],[-46.3995006,-20.2026744],[-46.3997102,-20.2026054],[-46.3999314,-20.2025501],[-46.4000993,-20.2025749],[-46.400393,-20.2026321],[-46.4006324,-20.2025469],[-46.400683,-20.2023766],[-46.400683,-20.2022278],[-46.4006105,-20.202079],[-46.4005265,-20.2018349],[-46.4003777,-20.2016651],[-46.4000506,-20.2013218],[-46.3997302,-20.2011666],[-46.3996142,-20.2009452],[-46.3996126,-20.2007588],[-46.3997252,-20.2006073],[-46.3999139,-20.2004767],[-46.4000993,-20.2004711],[-46.4004731,-20.2003452],[-46.4006864,-20.2002196],[-46.4008832,-20.2001463],[-46.4010796,-20.2000156],[-46.4012069,-20.1998138],[-46.401281,-20.1996125],[-46.4013006,-20.1992537],[-46.4012823,-20.1989025],[-46.401278,-20.1985504],[-46.4012162,-20.1983078],[-46.4010636,-20.1982373],[-46.400874,-20.1982604],[-46.4007156,-20.1983907],[-46.400558,-20.1985999],[-46.4002671,-20.1989872],[-46.4000459,-20.1990988],[-46.3998748,-20.199264],[-46.399672,-20.1993076],[-46.3995118,-20.1993095],[-46.3993554,-20.1993057],[-46.3991054,-20.1992569],[-46.3988232,-20.1991301],[-46.3985104,-20.1989748],[-46.39838,-20.1988324],[-46.3980889,-20.1984798],[-46.3979792,-20.1981759],[-46.39797,-20.1980038],[-46.3979825,-20.1976954],[-46.3980561,-20.1974366],[-46.3981598,-20.1971418],[-46.3982949,-20.1968128],[-46.3984205,-20.196566],[-46.3985325,-20.1963428],[-46.3986687,-20.1960766],[-46.3987716,-20.1958963],[-46.3990061,-20.1957869],[-46.399218,-20.1958019],[-46.3994126,-20.1957008],[-46.3995805,-20.1955959],[-46.39963,-20.1955044],[-46.399569,-20.1954242],[-46.3992524,-20.1951381],[-46.3991074,-20.1950809],[-46.3989014,-20.1949875],[-46.3986687,-20.1949302],[-46.3985123,-20.194873],[-46.3984246,-20.1948234],[-46.398161,-20.1947251],[-46.3979702,-20.1946191],[-46.3977714,-20.1944701],[-46.3976701,-20.194184],[-46.3977895,-20.1939464],[-46.3979783,-20.193823],[-46.3982591,-20.1937993],[-46.3985634,-20.1938942],[-46.3989595,-20.1939412],[-46.3992633,-20.1939705],[-46.3994202,-20.1939079],[-46.3993859,-20.1936409],[-46.3993248,-20.1934921],[-46.3991303,-20.1932632],[-46.3989356,-20.1929979],[-46.398759,-20.1927842],[-46.3985291,-20.1925637],[-46.3982612,-20.1923292],[-46.3980615,-20.1920869],[-46.3977094,-20.1917742],[-46.3975863,-20.1916031],[-46.3975236,-20.1913813],[-46.3975439,-20.1911086],[-46.3976333,-20.1909143],[-46.3978371,-20.1907621],[-46.3980493,-20.1907102],[-46.3982851,-20.1907513],[-46.3984981,-20.1907855],[-46.3989397,-20.1909111],[-46.3993737,-20.1910223],[-46.3997539,-20.1910767],[-46.4000345,-20.1910243],[-46.4000763,-20.1908256],[-46.4000388,-20.1906585],[-46.3998931,-20.1905019],[-46.399709,-20.1902954],[-46.3994943,-20.1900748],[-46.3992486,-20.1898929],[-46.399059,-20.1898058],[-46.3988595,-20.1895851],[-46.3987813,-20.1893347],[-46.3987713,-20.1890551],[-46.3988938,-20.1888477],[-46.398993,-20.188676],[-46.3991379,-20.1886073],[-46.3994505,-20.1885692],[-46.3996933,-20.1885386],[-46.3999894,-20.1885219],[-46.4003381,-20.1884546],[-46.4007632,-20.1884225],[-46.4010523,-20.1884704],[-46.4012657,-20.1885619],[-46.4014,-20.1887466],[-46.4016442,-20.1889068],[-46.4018869,-20.1888636],[-46.4020066,-20.1887828],[-46.402026,-20.1886419],[-46.4019396,-20.1883199],[-46.4019371,-20.1880474],[-46.4020483,-20.1877382],[-46.402222,-20.1876292],[-46.4024567,-20.1876537],[-46.4025673,-20.1876537],[-46.4027009,-20.1876517],[-46.4028115,-20.1876651],[-46.4030404,-20.187667],[-46.403056,-20.1874648],[-46.4029553,-20.1872433],[-46.4029836,-20.1870136],[-46.4030731,-20.1868265],[-46.4033299,-20.1866595],[-46.4036025,-20.1865712],[-46.4037532,-20.1864338],[-46.4037061,-20.1862692],[-46.4035678,-20.1860911],[-46.4033985,-20.1858486],[-46.4032743,-20.1855412],[-46.4031887,-20.1853196],[-46.4031783,-20.184997],[-46.4032287,-20.1846954],[-46.4032873,-20.1844511],[-46.4033918,-20.1842495],[-46.4035493,-20.1840188],[-46.4037297,-20.1838165],[-46.4039104,-20.1836358],[-46.4039842,-20.1833986],[-46.4040735,-20.1831899],[-46.4040331,-20.1829249],[-46.4040084,-20.1827028],[-46.4041543,-20.1825267],[-46.4043405,-20.1824778],[-46.4045615,-20.182555],[-46.4048142,-20.1827842],[-46.4049682,-20.183025],[-46.4054023,-20.1831506],[-46.4056377,-20.1831487],[-46.4059877,-20.1832176],[-46.4062372,-20.1833345],[-46.4064202,-20.1834403],[-46.4066658,-20.1834489],[-46.4067944,-20.1833976],[-46.4069428,-20.1831504],[-46.4069657,-20.1829196],[-46.4070309,-20.1826715],[-46.4071584,-20.182484],[-46.4073922,-20.1823028],[-46.4076979,-20.1822469],[-46.4080833,-20.1822973],[-46.408339,-20.1823588],[-46.4085107,-20.1823569],[-46.4087167,-20.1823588],[-46.4088038,-20.1821768],[-46.4088405,-20.1820403],[-46.4087926,-20.1817825],[-46.408684,-20.1815252],[-46.4085677,-20.181268],[-46.4086416,-20.1810307],[-46.4088121,-20.1808501],[-46.4090219,-20.180749],[-46.4092153,-20.1806389],[-46.4095035,-20.1806007],[-46.4098153,-20.1806413],[-46.4101354,-20.1807678],[-46.4105462,-20.1808434],[-46.4109024,-20.1807545],[-46.4110284,-20.1806784],[-46.4110586,-20.1803946],[-46.4109353,-20.1801877],[-46.4108331,-20.1798831],[-46.4109142,-20.1795353],[-46.4112608,-20.1792241],[-46.4115853,-20.1789992],[-46.4119107,-20.1788604],[-46.4121756,-20.1787578],[-46.4124775,-20.1785546],[-46.4128105,-20.1784229],[-46.4130607,-20.1783707],[-46.4132982,-20.1783934],[-46.413569,-20.1784182],[-46.4137254,-20.1784296],[-46.4139272,-20.1784498],[-46.4142399,-20.1785907],[-46.4144311,-20.1787397],[-46.4146071,-20.1788889],[-46.4148136,-20.179045],[-46.4149966,-20.1791296],[-46.4150968,-20.1792937],[-46.4151979,-20.179534],[-46.4152093,-20.1796599],[-46.4153075,-20.1799159],[-46.4154387,-20.1801443],[-46.4156252,-20.1801997],[-46.4157472,-20.1802111],[-46.4158578,-20.1801882],[-46.4159418,-20.1801196],[-46.4160257,-20.1800147],[-46.416115,-20.1796334],[-46.4161995,-20.1794498],[-46.4162805,-20.1791694],[-46.4163617,-20.1789035],[-46.4164202,-20.1786592],[-46.416631,-20.1784567],[-46.4168879,-20.178304],[-46.4171701,-20.17834],[-46.4173531,-20.1785154],[-46.4174834,-20.1786506],[-46.4176822,-20.1787924],[-46.4178873,-20.1787634],[-46.4179388,-20.1786111],[-46.41796,-20.1784388],[-46.4179352,-20.1782167],[-46.4178953,-20.1780019],[-46.417939,-20.1778008],[-46.4180747,-20.1776849],[-46.4182993,-20.1777888],[-46.4184046,-20.1780552],[-46.4185734,-20.1782402],[-46.4187184,-20.178318],[-46.4189005,-20.178295],[-46.4189985,-20.1782153],[-46.4191026,-20.1779778],[-46.419184,-20.1777333],[-46.4193792,-20.1774808],[-46.4196053,-20.1772925],[-46.4198623,-20.1771542],[-46.4201656,-20.1771015],[-46.4204766,-20.177056],[-46.4207729,-20.1770751],[-46.4210239,-20.177109],[-46.4212596,-20.1771429],[-46.4215349,-20.1773486],[-46.4218029,-20.1775903],[-46.4220325,-20.1777892],[-46.4222071,-20.1777735],[-46.4223884,-20.1776716],[-46.4226296,-20.1774689],[-46.4228333,-20.1773166],[-46.4230215,-20.1771287],[-46.423225,-20.1769621],[-46.4236327,-20.1766934],[-46.4239803,-20.176497],[-46.4241157,-20.1763597],[-46.4244484,-20.176192],[-46.4248418,-20.1760239],[-46.4251295,-20.1759212],[-46.4253263,-20.1758551],[-46.425584,-20.1757956],[-46.4258194,-20.1757865],[-46.4259801,-20.1759215],[-46.4260121,-20.1761005],[-46.4257484,-20.1763393],[-46.4254839,-20.1764777],[-46.4252958,-20.1766728],[-46.4252825,-20.176888],[-46.4254748,-20.17694],[-46.4257767,-20.1769414],[-46.426042,-20.1768891],[-46.4262695,-20.1768514],[-46.4264893,-20.1767994],[-46.4267696,-20.1767182],[-46.4270733,-20.1767158],[-46.4274227,-20.1767201],[-46.4276052,-20.1767401],[-46.4277206,-20.1769041],[-46.4276172,-20.1772277],[-46.4274526,-20.1775015],[-46.4272046,-20.1777904],[-46.4270702,-20.1780353],[-46.4269283,-20.1783089],[-46.4267791,-20.1786041],[-46.4266914,-20.1789777],[-46.4267637,-20.1794074],[-46.4269243,-20.179528],[-46.4272727,-20.1794248],[-46.4276132,-20.1792858],[-46.4279687,-20.1791323],[-46.4282867,-20.1790222],[-46.4287038,-20.1789542],[-46.4289015,-20.1789741],[-46.4291227,-20.1790799],[-46.4292915,-20.1792722],[-46.4295379,-20.1796359],[-46.4298064,-20.1799349],[-46.4298579,-20.1802511],[-46.4297815,-20.1805374],[-46.4297459,-20.1807887],[-46.4299063,-20.180895],[-46.4301339,-20.1808644],[-46.4303463,-20.180834],[-46.4306188,-20.1807314],[-46.4308842,-20.1806934],[-46.4312258,-20.1806691],[-46.4316127,-20.1807928],[-46.4318587,-20.1809436],[-46.4320944,-20.1809704],[-46.4322307,-20.1809778],[-46.4322983,-20.1808468],[-46.4322811,-20.1806247],[-46.4322341,-20.1804673],[-46.4322803,-20.1802263],[-46.4322803,-20.179965],[-46.4322917,-20.1798029],[-46.4323146,-20.179698],[-46.4323756,-20.1795492],[-46.4324252,-20.1794348],[-46.4324367,-20.179286],[-46.4324595,-20.1791468],[-46.4324022,-20.178917],[-46.4323617,-20.1786376],[-46.4323055,-20.1783082],[-46.4322798,-20.1779929],[-46.4323076,-20.1777058],[-46.4323204,-20.1774404],[-46.4324388,-20.1771096],[-46.4325118,-20.1767863],[-46.4326756,-20.1764192],[-46.4329395,-20.1762091],[-46.4331443,-20.1761859],[-46.4332593,-20.1763069],[-46.4332997,-20.1765719],[-46.4334747,-20.1765992],[-46.4336707,-20.176447],[-46.4337604,-20.1762628],[-46.4338414,-20.1760082],[-46.433824,-20.1757645],[-46.4337234,-20.1755573],[-46.4335855,-20.1754294],[-46.433257,-20.1752241],[-46.4330506,-20.1750752],[-46.4326999,-20.1749429],[-46.4324824,-20.1748819],[-46.4321975,-20.1748025],[-46.431839,-20.1746261],[-46.4315939,-20.1743986],[-46.431425,-20.1741992],[-46.4313228,-20.17382],[-46.4314114,-20.1735468],[-46.4316904,-20.1733222],[-46.4319169,-20.1731769],[-46.4321826,-20.1731676],[-46.4323352,-20.1732452],[-46.4324038,-20.1734885],[-46.4324003,-20.173718],[-46.4326214,-20.1738094],[-46.4328677,-20.1738119],[-46.4330828,-20.173612],[-46.433286,-20.1734096],[-46.4335193,-20.1731782],[-46.4337757,-20.1729754],[-46.4339574,-20.1729165],[-46.434057,-20.1730089],[-46.4340666,-20.173224],[-46.4339476,-20.1735046],[-46.4338286,-20.1737781],[-46.4337844,-20.173929],[-46.4338847,-20.1741003],[-46.4342067,-20.1741037],[-46.4344609,-20.1739952],[-46.43468,-20.1738644],[-46.4348459,-20.1737339],[-46.4350041,-20.1735964],[-46.4351775,-20.1734516],[-46.4353587,-20.1733425],[-46.4355556,-20.1734876],[-46.4355739,-20.1736204],[-46.4355847,-20.1739717],[-46.4357703,-20.1743359],[-46.4359729,-20.1744833],[-46.4360797,-20.1745729],[-46.436274,-20.1746043],[-46.4366699,-20.1747015],[-46.4370357,-20.1748419],[-46.4372569,-20.1749477],[-46.4374454,-20.1750135],[-46.4375293,-20.1747903],[-46.4375179,-20.1746645],[-46.4375026,-20.1745386],[-46.4374683,-20.174426],[-46.4374416,-20.1742773],[-46.4374301,-20.1741361],[-46.4374301,-20.1739053],[-46.4373789,-20.1733475],[-46.4373841,-20.1730822],[-46.4375264,-20.1728659],[-46.4377531,-20.1727349],[-46.4379574,-20.1726616],[-46.4382766,-20.1726876],[-46.4386499,-20.1728137],[-46.4388485,-20.1729339],[-46.4390094,-20.1731023],[-46.4390972,-20.1731977],[-46.4391485,-20.1733546],[-46.4392488,-20.1735259],[-46.4394172,-20.1736607],[-46.4395542,-20.1736955],[-46.4397056,-20.1736495],[-46.4398525,-20.1735162],[-46.4398525,-20.173335],[-46.4398258,-20.1731042],[-46.4397203,-20.1727619],[-46.4397107,-20.1725468],[-46.4397757,-20.1721806],[-46.4399413,-20.1720214],[-46.4401157,-20.1719842],[-46.4402918,-20.1721405],[-46.440398,-20.1723108],[-46.4405201,-20.172471],[-46.4407806,-20.1724448],[-46.4409239,-20.1723361],[-46.4408987,-20.172071],[-46.4408883,-20.1717627],[-46.440893,-20.1714543],[-46.4410585,-20.1712809],[-46.4411862,-20.1711292],[-46.4414587,-20.1710338],[-46.4416938,-20.170996],[-46.4418919,-20.1710589],[-46.4420753,-20.1711865],[-46.4419887,-20.1714162],[-46.4419043,-20.1715823],[-46.4419587,-20.1717253],[-46.4423236,-20.1717581],[-46.4424525,-20.1717355],[-46.4426954,-20.1717192],[-46.4429841,-20.1717384],[-46.443031,-20.1718814],[-46.4428585,-20.1720456],[-46.4426775,-20.1722572],[-46.4425271,-20.1724162],[-46.4425136,-20.1725956],[-46.442652,-20.1727809],[-46.4429109,-20.1728576],[-46.4431763,-20.1728124],[-46.4434339,-20.1727458],[-46.4436166,-20.1727945],[-46.4436713,-20.1729661],[-46.4435751,-20.1732394],[-46.4433645,-20.1734563],[-46.4432457,-20.1737513],[-46.4432705,-20.1739663],[-46.443259,-20.1740941],[-46.443259,-20.1742429],[-46.4432819,-20.1744279],[-46.4433811,-20.1746797],[-46.443584,-20.1747124],[-46.4437248,-20.1746509],[-46.443883,-20.1745133],[-46.4439654,-20.1743907],[-46.444077,-20.1741388],[-46.4441056,-20.1739378],[-46.4442477,-20.1737072],[-46.4444526,-20.173684],[-46.4446728,-20.1736822],[-46.4447277,-20.1738682],[-46.4447544,-20.1740713],[-46.4449132,-20.174218],[-46.4451409,-20.1742018],[-46.445483,-20.174138],[-46.4457386,-20.174014],[-46.4459598,-20.1740026],[-46.4463845,-20.173998],[-46.4467381,-20.1741189],[-46.4471615,-20.1742569],[-46.4474365,-20.1744196],[-46.4476434,-20.1746258],[-46.4477666,-20.1748113],[-46.4478368,-20.1750115],[-46.4479074,-20.1752475],[-46.4479551,-20.1754838],[-46.447871,-20.175786],[-46.4477557,-20.176095],[-46.4476519,-20.1763683],[-46.447517,-20.1765631],[-46.4474432,-20.1767931],[-46.4473847,-20.1770374],[-46.4474622,-20.1772089],[-46.447881,-20.1773274],[-46.448041,-20.1773834],[-46.4482618,-20.1774461],[-46.4484903,-20.177516],[-46.448734,-20.1775857],[-46.4489099,-20.1777133],[-46.449101,-20.1778551],[-46.4493092,-20.1781187],[-46.4494041,-20.1782298],[-46.449576,-20.1782447],[-46.4497184,-20.1780939],[-46.4497313,-20.1778428],[-46.4497515,-20.1775629],[-46.4496954,-20.1772479],[-46.4496932,-20.1770041],[-46.4497136,-20.1767458],[-46.4497341,-20.1765089],[-46.4498689,-20.1762999],[-46.4500607,-20.1761426],[-46.4500469,-20.1758395],[-46.4499623,-20.1757182],[-46.4498243,-20.175576],[-46.4496782,-20.1753907],[-46.4495336,-20.1752567],[-46.4495114,-20.1751298],[-46.4494503,-20.1748285],[-46.4494878,-20.1745031],[-46.4494857,-20.1742808],[-46.4494447,-20.1739513],[-46.4493966,-20.1736792],[-46.4493259,-20.1734216],[-46.449168,-20.173232],[-46.4490841,-20.173129],[-46.4488896,-20.1729898],[-46.4487789,-20.1729326],[-46.448428,-20.1726903],[-46.4482792,-20.1725969],[-46.4479869,-20.1723498],[-46.4478862,-20.1721283],[-46.4478761,-20.1718631],[-46.4479199,-20.1716691],[-46.4480016,-20.1714677],[-46.4482049,-20.1712795],[-46.448448,-20.1712847],[-46.4486305,-20.1713191],[-46.4488296,-20.1714895],[-46.4491413,-20.1717729],[-46.4494024,-20.1718362],[-46.4495702,-20.1719209],[-46.4497834,-20.1719765],[-46.4500034,-20.1719531],[-46.4501408,-20.1717729],[-46.4501027,-20.1716699],[-46.4500416,-20.1715764],[-46.4499348,-20.171441],[-46.4496461,-20.1710956],[-46.4495232,-20.170946],[-46.4494534,-20.1707888],[-46.4493224,-20.1705748],[-46.4492219,-20.1703316],[-46.4492186,-20.1700263],[-46.4493156,-20.1698462],[-46.4494512,-20.1697232],[-46.4496173,-20.1696215],[-46.4497984,-20.1695102],[-46.4499185,-20.1693393],[-46.4499018,-20.1691817],[-46.4498618,-20.1689597],[-46.4497212,-20.1687364],[-46.4497097,-20.1685876],[-46.4497097,-20.1683568],[-46.4497212,-20.1681642],[-46.4497326,-20.1680592],[-46.4498818,-20.1678337],[-46.4501012,-20.1677387],[-46.4502757,-20.1677229],[-46.4504505,-20.167743],[-46.4506257,-20.1677989],[-46.4508012,-20.1678907],[-46.4509764,-20.1679466],[-46.4511061,-20.1680101],[-46.4512975,-20.1681734],[-46.4515194,-20.168358],[-46.4517163,-20.1685761],[-46.4518765,-20.1686925],[-46.4520825,-20.1687936],[-46.4522155,-20.1688973],[-46.4524209,-20.1689386],[-46.4526186,-20.1689585],[-46.4528462,-20.1689423],[-46.4528977,-20.1687554],[-46.4528493,-20.1685303],[-46.4528225,-20.1683816],[-46.4527768,-20.1681432],[-46.4526547,-20.1679399],[-46.4526304,-20.1677752],[-46.4526207,-20.1675458],[-46.4526493,-20.1673591],[-46.4526626,-20.1671582],[-46.4527746,-20.1669422],[-46.4529478,-20.1667901],[-46.4531452,-20.1667813],[-46.4533508,-20.1668442],[-46.453534,-20.166943],[-46.4537398,-20.1670274],[-46.4540061,-20.1670754],[-46.4541345,-20.1670026],[-46.4543065,-20.1668195],[-46.4543433,-20.1665922],[-46.4543267,-20.1664345],[-46.4542936,-20.166148],[-46.4542913,-20.165897],[-46.4543421,-20.1656456],[-46.4544701,-20.1655226],[-46.4546511,-20.1653921],[-46.4549391,-20.1653251],[-46.4551896,-20.1653159],[-46.4554934,-20.1653206],[-46.4556915,-20.1653906],[-46.4558437,-20.1654252],[-46.4561326,-20.1654587],[-46.4564439,-20.1654489],[-46.456672,-20.1654829],[-46.4570365,-20.1654799],[-46.457234,-20.1654783],[-46.4575756,-20.1654683],[-46.4577733,-20.1654953],[-46.4580393,-20.1655146],[-46.4582975,-20.1655196],[-46.4585714,-20.1655747],[-46.4588844,-20.1657514],[-46.4591359,-20.1659573],[-46.4593038,-20.1660965],[-46.4595635,-20.16609],[-46.4596611,-20.1659744],[-46.4598192,-20.1658297],[-46.4599239,-20.1656567],[-46.4599826,-20.1654268],[-46.4600257,-20.1651683],[-46.4600536,-20.1648955],[-46.4601051,-20.164723],[-46.4602246,-20.1645069],[-46.4603822,-20.1643048],[-46.460548,-20.1641672],[-46.4607595,-20.1640435],[-46.4609634,-20.1639271],[-46.4612819,-20.1638742],[-46.4615555,-20.1638935],[-46.4619168,-20.1639698],[-46.4623693,-20.1640301],[-46.462711,-20.1640273],[-46.4629008,-20.1640186],[-46.4632291,-20.1638916],[-46.4633779,-20.1637505],[-46.4633397,-20.1634529],[-46.4633016,-20.1633252],[-46.4632406,-20.1632355],[-46.463028,-20.1630064],[-46.4629652,-20.1627846],[-46.4629631,-20.1625552],[-46.4630215,-20.1623037],[-46.4631409,-20.1620804],[-46.4633828,-20.1619565],[-46.4635952,-20.1619332],[-46.4638079,-20.1619458],[-46.4639984,-20.1620159],[-46.4642265,-20.1620427],[-46.4643778,-20.1619841],[-46.4644601,-20.1618543],[-46.4644803,-20.1615913],[-46.4644637,-20.161424],[-46.4644015,-20.1612668],[-46.4642853,-20.1610168],[-46.4641232,-20.1607384],[-46.4640827,-20.1604663],[-46.4641555,-20.1601358],[-46.4643363,-20.1599765],[-46.4645634,-20.1598958],[-46.4648218,-20.1599223],[-46.4650726,-20.1599417],[-46.4653012,-20.1600259],[-46.4655149,-20.160146],[-46.4657064,-20.1603237],[-46.4659586,-20.1604937],[-46.4662027,-20.1606064],[-46.4664078,-20.160619],[-46.4666427,-20.1605597],[-46.4667425,-20.1603477],[-46.4667831,-20.1601426],[-46.4667353,-20.1599064],[-46.4666318,-20.1596478],[-46.4665558,-20.1594313],[-46.4664894,-20.1591648],[-46.4666386,-20.1589656],[-46.4668712,-20.1589139],[-46.4671271,-20.1589473],[-46.4673463,-20.1590733],[-46.4675661,-20.159256],[-46.4677267,-20.1594322],[-46.4678602,-20.1595123],[-46.4681882,-20.1597851],[-46.4684592,-20.1598876],[-46.4687603,-20.1599277],[-46.4690087,-20.159878],[-46.4691308,-20.1598589],[-46.4692629,-20.1598028],[-46.4694868,-20.1596305],[-46.4695824,-20.1593954],[-46.4696182,-20.1592034],[-46.4695928,-20.1589054],[-46.4695759,-20.1586997],[-46.4695958,-20.1584226],[-46.469744,-20.1581871],[-46.4699747,-20.1579295],[-46.470281,-20.1577282],[-46.470475,-20.1575633],[-46.4707366,-20.1574049],[-46.4710512,-20.1572744],[-46.4712914,-20.1572298],[-46.4714719,-20.1572354],[-46.4717049,-20.1572264],[-46.471938,-20.1572315],[-46.4722543,-20.1572857],[-46.4724734,-20.1574046],[-46.4726699,-20.1575094],[-46.4727995,-20.1577],[-46.4728689,-20.1579121],[-46.472907,-20.1580875],[-46.4730595,-20.1581664],[-46.4732093,-20.1581084],[-46.4733585,-20.1579864],[-46.4735137,-20.157694],[-46.4736395,-20.15748],[-46.4737203,-20.1572734],[-46.473853,-20.1569954],[-46.4740081,-20.1566959],[-46.474119,-20.1565033],[-46.4743282,-20.1563595],[-46.4745756,-20.1562865],[-46.4747635,-20.1562778],[-46.4749827,-20.1563967],[-46.4751539,-20.1566284],[-46.4752422,-20.1568134],[-46.4753715,-20.1569685],[-46.475501,-20.157152],[-46.4756304,-20.1573142],[-46.4758596,-20.157294],[-46.4760571,-20.157126],[-46.4762744,-20.157039],[-46.4765133,-20.1568666],[-46.4768053,-20.1567364],[-46.4771201,-20.1566343],[-46.4773302,-20.15659],[-46.4776391,-20.1566513],[-46.4779257,-20.1567483],[-46.4781332,-20.1569374],[-46.4783352,-20.1571211],[-46.4784948,-20.1573044],[-46.4786248,-20.1575305],[-46.4788161,-20.1577843],[-46.4788542,-20.158118],[-46.4788657,-20.1582592],[-46.4788771,-20.1585109],[-46.4788771,-20.1586464],[-46.4788771,-20.1588676],[-46.4788771,-20.159085],[-46.4787249,-20.1593827],[-46.4785622,-20.1596681],[-46.4784216,-20.1599036],[-46.4782577,-20.1600682],[-46.4780571,-20.1603255],[-46.4777961,-20.1605549],[-46.477505,-20.1607775],[-46.4772814,-20.1609852],[-46.4769979,-20.1612219],[-46.4767213,-20.1613946],[-46.4765351,-20.1615808],[-46.4763255,-20.1616819],[-46.4761691,-20.1618395],[-46.4761035,-20.162053],[-46.4761803,-20.1622299],[-46.4765047,-20.1623407],[-46.476874,-20.162437],[-46.4773411,-20.1625325],[-46.4776725,-20.1626007],[-46.4778765,-20.1627055],[-46.4780363,-20.1629101],[-46.4781286,-20.1631294],[-46.4781561,-20.1634319],[-46.4781801,-20.1638035],[-46.4782729,-20.1640725],[-46.4784258,-20.1643481],[-46.4785948,-20.1645439],[-46.4786673,-20.1647518],[-46.478771,-20.1650409],[-46.4788782,-20.1652744],[-46.4790888,-20.1652797],[-46.4793206,-20.1651429],[-46.4794319,-20.1649857],[-46.4796108,-20.1648209],[-46.4797736,-20.1646603],[-46.4798476,-20.1644213],[-46.4799273,-20.1641083],[-46.4799922,-20.1638095],[-46.4800864,-20.1634324],[-46.4801661,-20.1631194],[-46.4802315,-20.1628703],[-46.4803194,-20.1626282],[-46.4804604,-20.1624353],[-46.4805864,-20.1622354],[-46.4808253,-20.1620559],[-46.4810723,-20.1619403],[-46.4813049,-20.1618886],[-46.4815079,-20.1618869],[-46.4817792,-20.1619556],[-46.4820211,-20.1620885],[-46.4822255,-20.1622358],[-46.4825316,-20.1624649],[-46.4826919,-20.1625126],[-46.4828368,-20.1625126],[-46.482935,-20.1625014],[-46.4830083,-20.1623287],[-46.4829763,-20.162123],[-46.4829366,-20.1619033],[-46.4828736,-20.1615985],[-46.4827886,-20.1613578],[-46.482823,-20.1610238],[-46.4828493,-20.1606189],[-46.4829366,-20.1603129],[-46.4830693,-20.1600349],[-46.4832479,-20.1598417],[-46.4834725,-20.1597333],[-46.4837579,-20.1597025],[-46.4841453,-20.1597869],[-46.484473,-20.1597887],[-46.4846144,-20.1596384],[-46.4845668,-20.1593762],[-46.4844324,-20.1590933],[-46.4843739,-20.1588524],[-46.4844096,-20.1586533],[-46.4845351,-20.1584037],[-46.4846692,-20.1582748],[-46.4848263,-20.1581954],[-46.4851348,-20.1582212],[-46.4853684,-20.158276],[-46.4856902,-20.1583641],[-46.4859458,-20.158385],[-46.4862128,-20.1584403],[-46.4864303,-20.1584587],[-46.4866645,-20.1585775],[-46.4867943,-20.1587894],[-46.4868461,-20.1589954],[-46.4868461,-20.1592262],[-46.4867627,-20.1594215],[-46.4867416,-20.1595779],[-46.4868554,-20.1596834],[-46.4870406,-20.159663],[-46.4872964,-20.159417],[-46.4874751,-20.1592238],[-46.487708,-20.1592076],[-46.4878733,-20.1591991],[-46.4879726,-20.1593616],[-46.4879447,-20.159589],[-46.4878489,-20.1597957],[-46.4877753,-20.1599597],[-46.4877094,-20.1601519],[-46.4876816,-20.1603935],[-46.4877207,-20.1605494],[-46.4877304,-20.1607765],[-46.4877556,-20.1610603],[-46.4877502,-20.1612918],[-46.4876385,-20.161395],[-46.487482,-20.1615383],[-46.487266,-20.1617602],[-46.4871324,-20.161946],[-46.4871568,-20.1621374],[-46.4873168,-20.1623562],[-46.4874603,-20.162545],[-46.4875823,-20.162833],[-46.4876052,-20.1629379],[-46.4876108,-20.1632341],[-46.4875901,-20.163426],[-46.4876295,-20.1636173],[-46.487669,-20.1638158],[-46.4878494,-20.1639927],[-46.4880233,-20.1639193],[-46.4881571,-20.1637549],[-46.488283,-20.163555],[-46.4884012,-20.1633339],[-46.4884743,-20.1631061],[-46.4886158,-20.1629629],[-46.4887579,-20.1628836],[-46.4889385,-20.1629034],[-46.4891051,-20.1630298],[-46.4892112,-20.1631229],[-46.4894138,-20.1630698],[-46.4895096,-20.1628701],[-46.4896055,-20.1626705],[-46.4896103,-20.1623865],[-46.4896983,-20.1621515],[-46.4898319,-20.1619728],[-46.490034,-20.1618788],[-46.4903644,-20.1618263],[-46.4905682,-20.1619169],[-46.4907807,-20.1621281],[-46.4910728,-20.1622341],[-46.4913456,-20.1622227],[-46.4914352,-20.1620643],[-46.4913874,-20.1618745],[-46.4913552,-20.1616546],[-46.4912921,-20.1613499],[-46.491244,-20.1610308],[-46.4912792,-20.160782],[-46.4913143,-20.1605119],[-46.4913796,-20.1602628],[-46.49149,-20.1600134],[-46.4916145,-20.1598442],[-46.4917042,-20.159614],[-46.4917553,-20.1594503],[-46.4918356,-20.159194],[-46.4918861,-20.1589735],[-46.4918688,-20.1587322],[-46.4917823,-20.1584441],[-46.4917273,-20.1580873],[-46.4918823,-20.1577878],[-46.4920232,-20.1575736],[-46.4922168,-20.1573803],[-46.4924794,-20.1573213],[-46.4926906,-20.1573976],[-46.4929546,-20.1574805],[-46.4931521,-20.157699],[-46.4933491,-20.1578535],[-46.493606,-20.1579862],[-46.4937726,-20.1581197],[-46.4939244,-20.1582675],[-46.494016,-20.1584087],[-46.4939747,-20.1588138],[-46.4939867,-20.1592823],[-46.4940646,-20.1595656],[-46.4941798,-20.1598202],[-46.4942872,-20.1600465],[-46.4945305,-20.1603284],[-46.4946832,-20.1605756],[-46.4947807,-20.1608207],[-46.4949057,-20.1610423],[-46.4950953,-20.1612182],[-46.495285,-20.1613941],[-46.4954519,-20.1615489],[-46.4957091,-20.1617171],[-46.4959361,-20.1618713],[-46.4962082,-20.1620181],[-46.4963888,-20.1620379],[-46.4964859,-20.1619575],[-46.4965809,-20.1616813],[-46.4966314,-20.1614536],[-46.4966964,-20.1611762],[-46.4967308,-20.1608422],[-46.4967726,-20.160494],[-46.4968223,-20.1601882],[-46.496879,-20.1598257],[-46.4969447,-20.1596192],[-46.4970556,-20.1594195],[-46.4971814,-20.1592054],[-46.4973302,-20.1590408],[-46.4975545,-20.1589111],[-46.4977728,-20.1589377],[-46.4979616,-20.1590284],[-46.4980988,-20.1592189],[-46.4981607,-20.1595474],[-46.4981871,-20.1598145],[-46.4982715,-20.1599913],[-46.4983033,-20.1601685],[-46.4983502,-20.1603598],[-46.498481,-20.1606711],[-46.4986048,-20.1610322],[-46.4987954,-20.1613145],[-46.4989323,-20.1614767],[-46.4990761,-20.1614749],[-46.4992325,-20.1614749],[-46.4993889,-20.1612689],[-46.4995661,-20.1609246],[-46.4996244,-20.1607253],[-46.4997119,-20.1604405],[-46.499799,-20.1601203],[-46.499827,-20.1599],[-46.4998619,-20.1596934],[-46.4998619,-20.1595676],[-46.4998619,-20.1594321],[-46.4998391,-20.1592471],[-46.4998352,-20.159003],[-46.4998352,-20.1588675],[-46.4998352,-20.1586959],[-46.4998352,-20.1585109],[-46.4998467,-20.1583163],[-46.4998142,-20.1580476],[-46.4998372,-20.1578084],[-46.4999872,-20.1576111],[-46.5001734,-20.1574948],[-46.5004225,-20.1576074],[-46.500678,-20.1578538],[-46.5008814,-20.1579477],[-46.5010595,-20.1580418],[-46.501272,-20.1580304],[-46.5013873,-20.1579099],[-46.5015279,-20.157794],[-46.5016484,-20.1576926],[-46.501789,-20.1575671],[-46.5020111,-20.1574983],[-46.5022342,-20.1575346],[-46.5023573,-20.1576523],[-46.5024996,-20.157757],[-46.5026478,-20.1579087],[-46.5028015,-20.1580939],[-46.5028633,-20.1582033],[-46.502931,-20.1584035],[-46.5029989,-20.158618],[-46.5030668,-20.1588374],[-46.5031399,-20.1590758],[-46.5031724,-20.1593002],[-46.5031745,-20.1595105],[-46.5031522,-20.159831],[-46.5031038,-20.1600609],[-46.5030149,-20.1602959],[-46.5029757,-20.1604301],[-46.5028656,-20.1605649],[-46.5027909,-20.1606898],[-46.5027217,-20.1608721],[-46.5026118,-20.161026],[-46.5024265,-20.1612331],[-46.5023016,-20.1614063],[-46.5021712,-20.1615317],[-46.5020665,-20.1616999],[-46.5019314,-20.1618732],[-46.5017657,-20.1620084],[-46.5015649,-20.1621918],[-46.5013745,-20.162399],[-46.5012448,-20.1626009],[-46.5010903,-20.1628005],[-46.501056,-20.1629855],[-46.501056,-20.1631706],[-46.501056,-20.1632831],[-46.5010521,-20.1634013],[-46.5011847,-20.1637248],[-46.5011722,-20.1640022],[-46.5011044,-20.1643073],[-46.501056,-20.1645625],[-46.5012137,-20.1646425],[-46.5015063,-20.1645348],[-46.5017545,-20.1645422],[-46.502003,-20.1645831],[-46.5022471,-20.1647006],[-46.5024602,-20.1647561],[-46.5026765,-20.1647373],[-46.5027372,-20.164596],[-46.5027449,-20.1643426],[-46.5027836,-20.1641606],[-46.5028577,-20.1639687],[-46.5029137,-20.1637924],[-46.5030472,-20.1635825],[-46.5032189,-20.1634776],[-46.5033791,-20.1633861],[-46.5035584,-20.1633155],[-46.5037568,-20.163306],[-46.5038636,-20.1632964],[-46.5041573,-20.1632926],[-46.5043807,-20.1633486],[-46.504614,-20.1633944],[-46.5048527,-20.1634688],[-46.5050758,-20.1635099],[-46.5052171,-20.1634657],[-46.5053229,-20.1634026],[-46.505296,-20.1632403],[-46.5052235,-20.1630689],[-46.5051301,-20.1629054],[-46.5051301,-20.1627795],[-46.5051301,-20.162585],[-46.5051301,-20.1624095],[-46.5051682,-20.1622283],[-46.5052407,-20.1620547],[-46.5053337,-20.1618919],[-46.5053726,-20.1617242],[-46.5053807,-20.1615138],[-46.5053513,-20.1613318],[-46.5052805,-20.161094],[-46.5052888,-20.1609075],[-46.5053224,-20.160716],[-46.5054124,-20.1605594],[-46.5054353,-20.1604316],[-46.5054848,-20.1602275],[-46.5056249,-20.1600584],[-46.5057303,-20.1599667],[-46.5058309,-20.1598989],[-46.5059466,-20.1598167],[-46.506077,-20.1596913],[-46.5062075,-20.1595754],[-46.506232,-20.159289],[-46.5063241,-20.1591231],[-46.5063737,-20.1589972],[-46.5065618,-20.1588189],[-46.5067017,-20.1588275],[-46.5068493,-20.1589245],[-46.5068562,-20.1591205],[-46.5068848,-20.159331],[-46.5068963,-20.1595694],[-46.5069537,-20.1597794],[-46.5070208,-20.1599126],[-46.5071404,-20.1600558],[-46.5071633,-20.1601817],[-46.5071748,-20.1602866],[-46.5072015,-20.1603858],[-46.5072854,-20.1605479],[-46.507368,-20.1607511],[-46.5074557,-20.1609176],[-46.5075892,-20.1611125],[-46.5077364,-20.1611542],[-46.5078927,-20.1610908],[-46.5079367,-20.1609278],[-46.5080409,-20.160707],[-46.5081247,-20.1604769],[-46.5081828,-20.1601943],[-46.5082467,-20.1600329],[-46.5082963,-20.1598555],[-46.5083306,-20.1597564],[-46.5084196,-20.1595517],[-46.5084583,-20.1593601],[-46.5084541,-20.159111],[-46.5084337,-20.158911],[-46.5084317,-20.1587054],[-46.5084758,-20.1585521],[-46.5085302,-20.1584177],[-46.508747,-20.1583251],[-46.5089601,-20.1583758],[-46.5091229,-20.1584557],[-46.509227,-20.1585147],[-46.5093522,-20.1586115],[-46.5094597,-20.1587396],[-46.5096033,-20.1589296],[-46.5097211,-20.1590672],[-46.5098035,-20.1592147],[-46.5099262,-20.1593428],[-46.5100299,-20.1596],[-46.510103,-20.1598241],[-46.5101504,-20.1600149],[-46.5102384,-20.1602149],[-46.5103209,-20.160372],[-46.5105455,-20.1605661],[-46.510729,-20.1607031],[-46.5109325,-20.1608065],[-46.5111057,-20.160915],[-46.5113189,-20.1609705],[-46.5114465,-20.1610794],[-46.5114487,-20.1613136],[-46.511536,-20.1614372],[-46.511643,-20.1615127],[-46.5117896,-20.1614828],[-46.5119157,-20.1614387],[-46.5120042,-20.1613147],[-46.5121359,-20.1611739],[-46.5123317,-20.1610001],[-46.5124925,-20.1609141],[-46.5126888,-20.1607628],[-46.5128287,-20.1605703],[-46.5129689,-20.1604114],[-46.5130433,-20.1602482],[-46.5130668,-20.1600568],[-46.5131154,-20.1598508],[-46.5131339,-20.159669],[-46.5131921,-20.1594008],[-46.5132308,-20.159214],[-46.5132796,-20.1590271],[-46.513354,-20.158864],[-46.5134385,-20.1587055],[-46.5135578,-20.1585792],[-46.5137535,-20.1584006],[-46.51395,-20.1583033],[-46.514147,-20.1582634],[-46.5144696,-20.1581124],[-46.514691,-20.1579767],[-46.5148775,-20.157889],[-46.5150894,-20.1578155],[-46.5153158,-20.1576701],[-46.5154863,-20.1575013],[-46.5156417,-20.1573422],[-46.5157972,-20.1571975],[-46.5160583,-20.1569753],[-46.5163047,-20.1568059],[-46.5165862,-20.1566027],[-46.5168035,-20.1565625],[-46.516986,-20.1565801],[-46.5171285,-20.1566649],[-46.517236,-20.1567835],[-46.5172734,-20.1569887],[-46.5172804,-20.1571942],[-46.5172568,-20.1573618],[-46.5172533,-20.1575476],[-46.5172445,-20.157663],[-46.517195,-20.157783],[-46.5171265,-20.1580274],[-46.5170769,-20.1581378],[-46.5169818,-20.1583415],[-46.5168684,-20.1585555],[-46.5168245,-20.1587327],[-46.5168261,-20.1589],[-46.5168531,-20.1590719],[-46.5169057,-20.1592722],[-46.5169581,-20.159463],[-46.5170203,-20.1596107],[-46.5171176,-20.1597293],[-46.5172501,-20.1598142],[-46.5175036,-20.1598503],[-46.5176959,-20.1598486],[-46.5179393,-20.1598896],[-46.5181928,-20.1599256],[-46.5184363,-20.1599809],[-46.5186995,-20.1599691],[-46.5189927,-20.1599331],[-46.5191439,-20.1598648],[-46.5192897,-20.1597584],[-46.5194553,-20.1596088],[-46.5196053,-20.1594163],[-46.5198362,-20.1592039],[-46.519977,-20.1591071],[-46.5201083,-20.1590773],[-46.5203302,-20.1589893],[-46.5205425,-20.158954],[-46.5207749,-20.158909],[-46.5211138,-20.1588726],[-46.5213566,-20.1588562],[-46.5215579,-20.1587349],[-46.5216987,-20.1586333],[-46.5218324,-20.1584891],[-46.5219291,-20.1583779],[-46.5219986,-20.1582387],[-46.5220376,-20.1580806],[-46.5220609,-20.1578748],[-46.5221555,-20.1577115],[-46.5222551,-20.1575481],[-46.5223609,-20.1574898],[-46.5225176,-20.1574522],[-46.5226397,-20.1574522],[-46.5228068,-20.1575337],[-46.5229343,-20.157633],[-46.5230219,-20.15779],[-46.5230177,-20.1578761],[-46.52306,-20.158067],[-46.5230514,-20.1582152],[-46.5230529,-20.1583778],[-46.5230697,-20.1585402],[-46.5231167,-20.158688],[-46.5232246,-20.1588543],[-46.5233219,-20.1589682],[-46.5234,-20.1591922],[-46.5234119,-20.159369],[-46.5234522,-20.1596228],[-46.5234204,-20.1597323],[-46.5234064,-20.1598519],[-46.5233216,-20.1599817],[-46.5231914,-20.160131],[-46.5231218,-20.1602607],[-46.5229612,-20.1604055],[-46.5228463,-20.1605595],[-46.5227111,-20.1607184],[-46.5225199,-20.160977],[-46.5223974,-20.1612518],[-46.5223136,-20.161482],[-46.5223861,-20.1616582],[-46.5225543,-20.1617667],[-46.5227876,-20.1618173],[-46.5230909,-20.1617716],[-46.5233416,-20.1617362],[-46.5234951,-20.1617731],[-46.5236086,-20.1619689],[-46.5235864,-20.1622263],[-46.5236038,-20.1624556],[-46.5236509,-20.1626129],[-46.5237991,-20.1627551],[-46.5239726,-20.162897],[-46.5241704,-20.1629287],[-46.5243732,-20.1629652],[-46.5245611,-20.1630257],[-46.5247695,-20.1631052],[-46.5249326,-20.1632233],[-46.5250308,-20.163428],[-46.5250437,-20.1637195],[-46.5250602,-20.1639527],[-46.5251474,-20.1640714],[-46.5253393,-20.1640267],[-46.5255258,-20.1639343],[-46.5257119,-20.1638084],[-46.5258834,-20.1637447],[-46.5260299,-20.1637196],[-46.526207,-20.1637037],[-46.5263643,-20.1637454],[-46.5265272,-20.1638396],[-46.5266801,-20.1639434],[-46.5268338,-20.1641237],[-46.527008,-20.1643421],[-46.5271261,-20.1645084],[-46.5272797,-20.1646887],[-46.5273874,-20.1648264],[-46.5275206,-20.1649878],[-46.5277343,-20.1651007],[-46.527938,-20.165228],[-46.528167,-20.1653408],[-46.5283547,-20.1653821],[-46.5284804,-20.1652998],[-46.528463,-20.1650705],[-46.5284311,-20.164913],[-46.52848,-20.1647357],[-46.528583,-20.1645877],[-46.5286441,-20.1645056],[-46.5287508,-20.1644752],[-46.5288915,-20.1643592],[-46.5290372,-20.1642432],[-46.5291812,-20.1639551],[-46.5292504,-20.1637824],[-46.529259,-20.1636294],[-46.5293228,-20.1634281],[-46.5294071,-20.1632457],[-46.5295016,-20.163068],[-46.5296872,-20.1628943],[-46.5298063,-20.1627761],[-46.5299718,-20.1626145],[-46.5301073,-20.1624986],[-46.5302386,-20.1623542],[-46.5303301,-20.1622409],[-46.5303844,-20.162097],[-46.5304217,-20.1619555],[-46.5303346,-20.16166],[-46.5302046,-20.1615751],[-46.5301106,-20.1615353],[-46.5299889,-20.1615148],[-46.5298215,-20.1614804],[-46.5296163,-20.1614583],[-46.5294612,-20.1613904],[-46.5292399,-20.1612847],[-46.5291145,-20.1611424],[-46.5289864,-20.1609786],[-46.5288837,-20.160836],[-46.5287227,-20.1606725],[-46.5286204,-20.160573],[-46.5285133,-20.1604879],[-46.5284109,-20.1603693],[-46.5283463,-20.1602384],[-46.5282995,-20.1601025],[-46.5282714,-20.1598255],[-46.5282772,-20.159639],[-46.5283439,-20.1594711],[-46.5284188,-20.1593629],[-46.5285065,-20.1592713],[-46.5286068,-20.1591677],[-46.5287246,-20.1590543],[-46.5288149,-20.1589675],[-46.5289939,-20.1588894],[-46.5291882,-20.1588351],[-46.5293803,-20.1588],[-46.5295797,-20.1587505],[-46.5297486,-20.1586998],[-46.5298969,-20.1585981],[-46.5300354,-20.1585228],[-46.5301663,-20.1584428],[-46.530345,-20.1583408],[-46.5305364,-20.1582412],[-46.530723,-20.1581726],[-46.5309074,-20.1581304],[-46.5310972,-20.1581263],[-46.531267,-20.1581535],[-46.5313991,-20.1581978],[-46.5315158,-20.1582302],[-46.5316528,-20.1582625],[-46.5318459,-20.1583349],[-46.5320241,-20.158386],[-46.5322125,-20.1584919],[-46.5323146,-20.1585842],[-46.5324271,-20.1587028],[-46.5325401,-20.1588672],[-46.5326563,-20.1591028],[-46.5327517,-20.1592765],[-46.5328672,-20.159438],[-46.5330002,-20.1595826],[-46.5331885,-20.1596886],[-46.5333772,-20.1598017],[-46.5334591,-20.1598918],[-46.5336102,-20.1600697],[-46.533662,-20.1601936],[-46.53371,-20.1603457],[-46.5337215,-20.1605498],[-46.5337329,-20.1607481],[-46.5337825,-20.1608969],[-46.5338168,-20.1610323],[-46.5338648,-20.1612626],[-46.533972,-20.1613477],[-46.5341083,-20.1613107],[-46.5342912,-20.1611203],[-46.5344104,-20.1608826],[-46.534498,-20.1607815],[-46.5345676,-20.160647],[-46.5347227,-20.1604592],[-46.5348989,-20.1603644],[-46.535068,-20.160308],[-46.5352118,-20.1602613],[-46.5353761,-20.1602384],[-46.5355811,-20.1602366],[-46.5358009,-20.1601964],[-46.5359165,-20.160107],[-46.5359399,-20.1599179],[-46.5358301,-20.1598137],[-46.5357181,-20.1597502],[-46.5355852,-20.1596246],[-46.535458,-20.1595588],[-46.5352772,-20.1594481],[-46.5350713,-20.1593519],[-46.5349235,-20.1592551],[-46.5348033,-20.1591247],[-46.5346066,-20.1589457],[-46.5345115,-20.1587936],[-46.5344269,-20.1586868],[-46.5343647,-20.1585367],[-46.5343079,-20.1584225],[-46.5343165,-20.1582694],[-46.5343347,-20.1580637],[-46.5344087,-20.1578623],[-46.5345011,-20.1577324],[-46.5346241,-20.1576238],[-46.5347446,-20.1575223],[-46.5348529,-20.1574688],[-46.5349739,-20.1574176],[-46.5351257,-20.1574162],[-46.535316,-20.1574369],[-46.5354877,-20.1574484],[-46.5356097,-20.1574617],[-46.5358272,-20.1575037],[-46.5359378,-20.1575533],[-46.5361438,-20.1575743],[-46.5364718,-20.157702],[-46.5366664,-20.157746],[-46.5369825,-20.1578709],[-46.5371856,-20.1579361],[-46.5373581,-20.1579967],[-46.5375711,-20.1580331],[-46.5377588,-20.1580792],[-46.5379365,-20.1581255],[-46.5381504,-20.1581484],[-46.5383564,-20.1581694],[-46.5389781,-20.1582598],[-46.5394757,-20.1582794],[-46.5399007,-20.1582541],[-46.5401176,-20.1581805],[-46.5403341,-20.1580567],[-46.5405024,-20.1579238],[-46.5406834,-20.1577955],[-46.5408255,-20.1575811],[-46.5409099,-20.1574106],[-46.5409816,-20.1572331],[-46.5411189,-20.1570383],[-46.5412338,-20.1568843],[-46.5413584,-20.1566872],[-46.541438,-20.1565383],[-46.5415406,-20.1564203],[-46.5415922,-20.1562621],[-46.5417064,-20.156034],[-46.5418163,-20.1558897],[-46.5419439,-20.155738],[-46.5421377,-20.1556239],[-46.5423745,-20.1555119],[-46.5425488,-20.1554721],[-46.5427286,-20.1554777],[-46.5428959,-20.1555073],[-46.5430409,-20.1555754],[-46.5432163,-20.1556599],[-46.5433358,-20.1557066],[-46.5434965,-20.1558319],[-46.5436945,-20.1560214],[-46.5438983,-20.1561559],[-46.5440964,-20.156221],[-46.5443385,-20.1562596],[-46.5445259,-20.1562722],[-46.5447428,-20.1561962],[-46.5449068,-20.1561422],[-46.5450937,-20.1560976],[-46.5452605,-20.1560722],[-46.5454326,-20.1560683],[-46.5455642,-20.1560624],[-46.5456782,-20.1560733],[-46.5457823,-20.1561078],[-46.5458838,-20.1561379],[-46.5459858,-20.1562088],[-46.5460929,-20.1562891],[-46.546223,-20.1563979],[-46.5463786,-20.156516],[-46.5465491,-20.1566078],[-46.5467369,-20.1566611],[-46.5470731,-20.1566199],[-46.5472754,-20.1565942],[-46.5475156,-20.1565706],[-46.5477075,-20.1565259],[-46.5479579,-20.1565022],[-46.5481783,-20.156517],[-46.5483278,-20.1565348],[-46.5484548,-20.1565791],[-46.5485747,-20.1566784],[-46.5486799,-20.1568233],[-46.5487567,-20.1569086],[-46.5488417,-20.1570609],[-46.5488799,-20.157334],[-46.5488599,-20.157621],[-46.548805,-20.1579537],[-46.5487339,-20.1584443],[-46.5485772,-20.1587254],[-46.5483782,-20.1590809],[-46.5482615,-20.1593114],[-46.5482315,-20.1596056],[-46.5481936,-20.1598737],[-46.5481265,-20.1599986],[-46.548032,-20.1601643],[-46.5479477,-20.1603467],[-46.5477924,-20.160513],[-46.5476015,-20.1606581],[-46.5474402,-20.160736],[-46.5472818,-20.1608354],[-46.5470295,-20.1609213],[-46.5468072,-20.1609663],[-46.5466155,-20.1610397],[-46.5464592,-20.1610984],[-46.5463334,-20.1611808],[-46.5462509,-20.1612867],[-46.5461332,-20.1614096],[-46.545982,-20.1615797],[-46.5457472,-20.1617954],[-46.5456142,-20.1619209],[-46.5454961,-20.1620032],[-46.5453805,-20.1620903],[-46.5452724,-20.1621605],[-46.5451237,-20.1622312],[-46.5449569,-20.1622613],[-46.5447825,-20.162282],[-46.544643,-20.1622912],[-46.5445095,-20.1623255],[-46.5442528,-20.1624683],[-46.5440211,-20.1625922],[-46.5439064,-20.1627701],[-46.5439734,-20.1628938],[-46.5441036,-20.1630002],[-46.5442612,-20.1630658],[-46.5444087,-20.1631433],[-46.5445286,-20.1632331],[-46.544651,-20.1633229],[-46.5448436,-20.1634765],[-46.5450474,-20.1636062],[-46.5452072,-20.1636455],[-46.5454026,-20.1636892],[-46.5456129,-20.163716],[-46.5458761,-20.1637089],[-46.5460704,-20.1636474],[-46.5462344,-20.163591],[-46.5464254,-20.1635774],[-46.5466133,-20.1636403],[-46.5466961,-20.1638212],[-46.5467465,-20.164055],[-46.5468628,-20.1642978],[-46.5469678,-20.1644235],[-46.5471556,-20.1644673],[-46.5472603,-20.164311],[-46.5473186,-20.1640571],[-46.5473647,-20.1638607],[-46.547391,-20.1637028],[-46.5474706,-20.1635562],[-46.547601,-20.1634332],[-46.5477101,-20.1633574],[-46.5479035,-20.1633062],[-46.548075,-20.1632378],[-46.5482387,-20.1631575],[-46.5483744,-20.1630583],[-46.5484797,-20.1629546],[-46.5485597,-20.1628511],[-46.5486295,-20.1627405],[-46.5487057,-20.1625906],[-46.5488183,-20.1623875],[-46.5488824,-20.1622125],[-46.5489766,-20.1620833],[-46.5490839,-20.1618474],[-46.5491635,-20.161708],[-46.5492734,-20.1615589],[-46.5493959,-20.1614024],[-46.5495519,-20.1613126],[-46.5496701,-20.1612327],[-46.549811,-20.1611502],[-46.5499545,-20.1610724],[-46.550045,-20.1610023],[-46.5501668,-20.1608664],[-46.5502726,-20.1607302],[-46.5503111,-20.1605291],[-46.5503217,-20.1603115],[-46.5504226,-20.1600238],[-46.5505444,-20.159865],[-46.5505967,-20.1597163],[-46.5506436,-20.1596018],[-46.5507275,-20.1595197],[-46.5508267,-20.1594644],[-46.5509484,-20.1594383],[-46.5510651,-20.159466],[-46.5511343,-20.1595514],[-46.5512136,-20.1596368],[-46.5512953,-20.1597149],[-46.5513748,-20.1598122],[-46.5514261,-20.1598811],[-46.5514879,-20.1599857],[-46.5515439,-20.160153],[-46.5515439,-20.1602655],[-46.5515439,-20.1604296],[-46.5515324,-20.1606603],[-46.5515188,-20.1608125],[-46.5514392,-20.1609494],[-46.5513496,-20.1611079],[-46.5511974,-20.1613268],[-46.5511228,-20.1614685],[-46.5510556,-20.1615759],[-46.551053,-20.1616961],[-46.5510502,-20.1618292],[-46.5510951,-20.1619874],[-46.5511241,-20.1621091],[-46.5511304,-20.1622333],[-46.5511037,-20.1623483],[-46.5510241,-20.1624948],[-46.5509416,-20.1626007],[-46.550839,-20.1627187],[-46.550739,-20.1628653],[-46.5506902,-20.163026],[-46.5506386,-20.1631818],[-46.550597,-20.1633279],[-46.5505708,-20.1634979],[-46.5506353,-20.1636216],[-46.5507429,-20.1637526],[-46.5508783,-20.1638733],[-46.5510004,-20.1639344],[-46.5511373,-20.1639619],[-46.551353,-20.1640078],[-46.5515052,-20.1640423],[-46.5516527,-20.1641103],[-46.5518029,-20.1642022],[-46.5519534,-20.164318],[-46.5520983,-20.1643765],[-46.5522505,-20.164411],[-46.5524686,-20.1644569],[-46.5525667,-20.1643867],[-46.5525932,-20.1642598],[-46.5526022,-20.1641449],[-46.5525957,-20.163992],[-46.5525719,-20.1638928],[-46.5525849,-20.1636728],[-46.5525853,-20.1634553],[-46.5526497,-20.1633089],[-46.5527341,-20.1631432],[-46.5527551,-20.1629685],[-46.5527942,-20.1628272],[-46.5528791,-20.162706],[-46.5530011,-20.1625887],[-46.5531231,-20.1625532],[-46.5532649,-20.1625568],[-46.5534119,-20.162577],[-46.5535352,-20.1626421],[-46.5536229,-20.1627451],[-46.5536458,-20.1629892],[-46.5536146,-20.1633625],[-46.5536191,-20.1635585],[-46.5537499,-20.1637318],[-46.5538923,-20.1638023],[-46.5540526,-20.1638797],[-46.5542406,-20.1639498],[-46.5544766,-20.1640098],[-46.5547343,-20.1640864],[-46.5548562,-20.1641284],[-46.5549907,-20.1641631],[-46.555123,-20.1642288],[-46.5552558,-20.1643567],[-46.5553608,-20.1644729],[-46.5554548,-20.1646413],[-46.5556081,-20.1647834],[-46.5557662,-20.1648967],[-46.555962,-20.1649906],[-46.5561221,-20.1650513],[-46.5563735,-20.1651327],[-46.5566701,-20.1651755],[-46.5568726,-20.1651785],[-46.5570426,-20.1652129],[-46.5572182,-20.1653069],[-46.5573861,-20.1655277],[-46.5575703,-20.1657173],[-46.557802,-20.1658563],[-46.5579408,-20.165812],[-46.557987,-20.1656614],[-46.5579759,-20.1655201],[-46.5579939,-20.165301],[-46.5580635,-20.1651665],[-46.5581207,-20.1650656],[-46.5581952,-20.1649192],[-46.5582866,-20.1646961],[-46.5583532,-20.164538],[-46.5583595,-20.1643895],[-46.5583758,-20.1642435],[-46.5583714,-20.1640524],[-46.5583942,-20.1637988],[-46.5584525,-20.1635592],[-46.5585423,-20.1634198],[-46.558642,-20.163266],[-46.5588056,-20.1631737],[-46.5589773,-20.1631339],[-46.5592051,-20.1631247],[-46.5594023,-20.1631015],[-46.5595337,-20.1630812],[-46.5597308,-20.1630484],[-46.559882,-20.1629849],[-46.560046,-20.1629237],[-46.5601767,-20.1628389],[-46.5602997,-20.1627326],[-46.5603688,-20.1625527],[-46.5604046,-20.1623382],[-46.5603777,-20.1621783],[-46.5602829,-20.1620549],[-46.5601702,-20.1619292],[-46.5600121,-20.1618063],[-46.5598416,-20.1617146],[-46.5596506,-20.1616015],[-46.5593487,-20.1615277],[-46.5591001,-20.161475],[-46.5588258,-20.1613842],[-46.5586099,-20.1613144],[-46.5583768,-20.1612901],[-46.5580449,-20.1612525],[-46.5577257,-20.1612266],[-46.5574368,-20.1611909],[-46.557198,-20.161107],[-46.5569539,-20.1609968],[-46.5567834,-20.1609027],[-46.5566076,-20.1607895],[-46.5565103,-20.1606733],[-46.5564572,-20.1605535],[-46.5563426,-20.1603544],[-46.55626,-20.160195],[-46.5561242,-20.1600337],[-46.5559751,-20.1597979],[-46.5558673,-20.159653],[-46.5557472,-20.159537],[-46.5556194,-20.1594138],[-46.5554334,-20.1592864],[-46.5552234,-20.1591683],[-46.5550174,-20.1590649],[-46.5548445,-20.1589923],[-46.554699,-20.1588669],[-46.5545045,-20.1586535],[-46.5543786,-20.1584658],[-46.5542939,-20.1583471],[-46.5542116,-20.1582163],[-46.5541747,-20.1580613],[-46.554158,-20.1579108],[-46.554136,-20.1577318],[-46.5541132,-20.1574791],[-46.5540562,-20.1573433],[-46.5539891,-20.1572125],[-46.5539323,-20.157103],[-46.5538277,-20.1570155],[-46.5536924,-20.1568996],[-46.5535341,-20.1567671],[-46.5534188,-20.1566247],[-46.5531882,-20.1563452],[-46.5530808,-20.1562338],[-46.5530138,-20.1561149],[-46.5529263,-20.1559603],[-46.5528828,-20.1557279],[-46.5528714,-20.1555887],[-46.5528485,-20.1554399],[-46.5528485,-20.1552778],[-46.5528485,-20.1550966],[-46.5529954,-20.1548912],[-46.5531609,-20.154732],[-46.5533722,-20.1546011],[-46.5535838,-20.1544988],[-46.5538261,-20.154425],[-46.5541073,-20.1544512],[-46.5543427,-20.1544491],[-46.5546463,-20.1544392],[-46.5548592,-20.1544732],[-46.5552017,-20.1545491],[-46.5554681,-20.1546112],[-46.5556889,-20.1546738],[-46.5559631,-20.1547575],[-46.5561616,-20.1548704],[-46.556368,-20.1550049],[-46.5565591,-20.1551322],[-46.5567808,-20.1552809],[-46.5569953,-20.1554726],[-46.5572094,-20.1556213],[-46.5574157,-20.1557485],[-46.5575393,-20.1559625],[-46.5576553,-20.1561766],[-46.5577648,-20.1564984],[-46.5579422,-20.1567764],[-46.5581587,-20.1571617],[-46.5583922,-20.1575292],[-46.5587125,-20.1576626],[-46.5588948,-20.1576682],[-46.559015,-20.1573852],[-46.5589804,-20.1571153],[-46.5590387,-20.1568709],[-46.5591202,-20.1566694],[-46.5592086,-20.156389],[-46.5592665,-20.1561088],[-46.5592558,-20.1557934],[-46.5592537,-20.1555783],[-46.5592058,-20.1553421],[-46.5590742,-20.1550923],[-46.5589508,-20.1548998],[-46.5588044,-20.154686],[-46.5587411,-20.1544284],[-46.5587687,-20.1541485],[-46.558736,-20.1539121],[-46.5588243,-20.1536317],[-46.5590663,-20.1535291],[-46.5593324,-20.1535698],[-46.5595482,-20.1538834],[-46.559711,-20.154219],[-46.5597441,-20.1544984],[-46.5598677,-20.1547124],[-46.5600903,-20.154947],[-46.5603979,-20.1553387],[-46.5606277,-20.1555446],[-46.5608577,-20.1557649],[-46.5611776,-20.1558624],[-46.5615217,-20.1561032],[-46.5616599,-20.1562525],[-46.5617452,-20.1564311],[-46.5617857,-20.1566817],[-46.5617889,-20.1570043],[-46.5617535,-20.15727],[-46.5617108,-20.1575572],[-46.5616838,-20.1578873],[-46.5616787,-20.1581383],[-46.5617332,-20.1582812],[-46.561841,-20.1584308],[-46.5619641,-20.1585875],[-46.5621106,-20.1588157],[-46.5622564,-20.158965],[-46.5623578,-20.1592365],[-46.5624217,-20.1595515],[-46.5625824,-20.159672],[-46.5627949,-20.1596629],[-46.5630115,-20.1593024],[-46.5632049,-20.1588992],[-46.5633924,-20.1586977],[-46.5634649,-20.1585718],[-46.5635641,-20.158444],[-46.5638676,-20.1583411],[-46.5641704,-20.1582452],[-46.5645644,-20.1581628],[-46.5648976,-20.1580667],[-46.5651554,-20.1580285],[-46.5653833,-20.1580408],[-46.5655357,-20.1580897],[-46.5657265,-20.1581884],[-46.5658495,-20.1583379],[-46.5660433,-20.1587377],[-46.5661462,-20.1591598],[-46.5661805,-20.1595468],[-46.5663212,-20.1599471],[-46.5664653,-20.1599386],[-46.5666752,-20.1596571],[-46.5668169,-20.1594049],[-46.5669214,-20.1592247],[-46.5670552,-20.1589366],[-46.5672353,-20.1587199],[-46.5674437,-20.158545],[-46.5676268,-20.1585202],[-46.567782,-20.158715],[-46.5679435,-20.1589144],[-46.5680909,-20.1592357],[-46.5683447,-20.159549],[-46.5685746,-20.1597621],[-46.5688808,-20.1600031],[-46.5690545,-20.1599084],[-46.5691832,-20.1597619],[-46.5690734,-20.159521],[-46.5690791,-20.1593345],[-46.5691227,-20.1591405],[-46.5692809,-20.15901],[-46.5695916,-20.1589499],[-46.5697745,-20.1590128],[-46.5699424,-20.1590973],[-46.5701186,-20.1592535],[-46.5702268,-20.159439],[-46.5704029,-20.159588],[-46.5705031,-20.1597377],[-46.570595,-20.1598158],[-46.5707117,-20.1600944],[-46.5708814,-20.1603582],[-46.5710594,-20.1606864],[-46.5712741,-20.1608996],[-46.571413,-20.1611207],[-46.5715738,-20.1612483],[-46.5718397,-20.1612675],[-46.5720832,-20.1613155],[-46.5724782,-20.1613263],[-46.5729636,-20.1612649],[-46.5732454,-20.1613481],[-46.5733677,-20.1614331],[-46.5735208,-20.1615536],[-46.5736738,-20.161667],[-46.5739254,-20.1617723],[-46.5740617,-20.161728],[-46.574169,-20.1615434],[-46.574202,-20.1613324],[-46.5743145,-20.161188],[-46.5744649,-20.1610504],[-46.5747986,-20.1610542],[-46.5749975,-20.161146],[-46.575188,-20.161216],[-46.5753486,-20.1613293],[-46.575525,-20.161507],[-46.5757298,-20.1614837],[-46.5758566,-20.1612509],[-46.5759145,-20.1609729],[-46.5758898,-20.1607795],[-46.5759563,-20.1605925],[-46.5760844,-20.1604981],[-46.5762575,-20.1603388],[-46.5765687,-20.1603217],[-46.5768347,-20.160348],[-46.5771459,-20.1603308],[-46.5775107,-20.1603706],[-46.5778151,-20.1604324],[-46.5780367,-20.1605738],[-46.5782809,-20.1606935],[-46.5785091,-20.1607273],[-46.578575,-20.1606088],[-46.5786203,-20.160461],[-46.5785806,-20.1602821],[-46.5784576,-20.1601326],[-46.5783805,-20.1600186],[-46.5782732,-20.1599263],[-46.5781422,-20.1597339],[-46.5779354,-20.1595565],[-46.5777969,-20.1593785],[-46.5775294,-20.1592088],[-46.5772395,-20.1590751],[-46.5767903,-20.1589501],[-46.5763244,-20.1588502],[-46.5759963,-20.1588845],[-46.5754965,-20.158978],[-46.5751685,-20.1591268],[-46.5748023,-20.159287],[-46.5745734,-20.1594243],[-46.5741233,-20.1595655],[-46.5736694,-20.1597166],[-46.5732906,-20.1597989],[-46.5729253,-20.1597161],[-46.57259,-20.1596043],[-46.572277,-20.159435],[-46.5720085,-20.159165],[-46.5718159,-20.158887],[-46.5716296,-20.1584871],[-46.5715202,-20.1581726],[-46.5714339,-20.1579009],[-46.5714313,-20.1576356],[-46.5713745,-20.1572704],[-46.5713484,-20.1569408],[-46.5712772,-20.1566546],[-46.5711237,-20.156491],[-46.571023,-20.1562983],[-46.5708392,-20.156135],[-46.570693,-20.1559499],[-46.570486,-20.155751],[-46.5703242,-20.1555158],[-46.5702466,-20.1553444],[-46.5702138,-20.155108],[-46.5701894,-20.1549433],[-46.5701419,-20.1547501],[-46.5699492,-20.154465],[-46.5697358,-20.1543809],[-46.5695228,-20.1543469],[-46.569272,-20.1543205],[-46.5689832,-20.154273],[-46.5686987,-20.1543279],[-46.568387,-20.1544008],[-46.5682257,-20.1544671],[-46.5679235,-20.1546337],[-46.5676592,-20.1547794],[-46.5673952,-20.154961],[-46.5671308,-20.1550508],[-46.56686,-20.1552262],[-46.5666807,-20.1552587],[-46.566276,-20.1554228],[-46.5659583,-20.1555403],[-46.5656248,-20.1556006],[-46.5654043,-20.1555811],[-46.5651683,-20.1555115],[-46.5649013,-20.155392],[-46.5646719,-20.1552291],[-46.564472,-20.154987],[-46.5644695,-20.1547289],[-46.564491,-20.1545281],[-46.5643139,-20.1543574],[-46.5641295,-20.1541368],[-46.5639972,-20.1538153],[-46.5642549,-20.15377],[-46.5642373,-20.1535263],[-46.5640983,-20.1532981],[-46.5639223,-20.1531562],[-46.5637166,-20.1530935],[-46.5634874,-20.1529521],[-46.5632738,-20.1528465],[-46.5630751,-20.1527192],[-46.5628304,-20.1525492],[-46.5626232,-20.1523288],[-46.5625142,-20.1520644],[-46.5624964,-20.1517993],[-46.5626312,-20.1516045],[-46.5627972,-20.1515026],[-46.5629705,-20.1513648],[-46.5633008,-20.1513086],[-46.5637823,-20.1513003],[-46.5641091,-20.151326],[-46.5643065,-20.1513315],[-46.5645568,-20.1513005],[-46.5647685,-20.1512126],[-46.5650339,-20.1511744],[-46.5653307,-20.1512363],[-46.565567,-20.1513346],[-46.5657348,-20.151412],[-46.565934,-20.1515823],[-46.5660729,-20.1518105],[-46.566274,-20.1521816],[-46.5665192,-20.1524017],[-46.5667037,-20.1526224],[-46.5669858,-20.1527418],[-46.5672751,-20.1528181],[-46.5677234,-20.1528428],[-46.5681483,-20.1528175],[-46.5685049,-20.1527856],[-46.5688079,-20.1527112],[-46.5690883,-20.1526585],[-46.5693992,-20.1526199],[-46.5697859,-20.1525591],[-46.5701503,-20.1525558],[-46.5705758,-20.1525807],[-46.5708423,-20.15265],[-46.5710332,-20.1527631],[-46.5712463,-20.1528114],[-46.5715141,-20.1530097],[-46.5717737,-20.153158],[-46.5719735,-20.1533929],[-46.5721973,-20.1537566],[-46.5723849,-20.1541755],[-46.5724358,-20.1545007],[-46.5724514,-20.1548711],[-46.5725845,-20.1551057],[-46.5727944,-20.1552835],[-46.5729918,-20.1553997],[-46.5732541,-20.1554759],[-46.5734812,-20.1555918],[-46.5736902,-20.1556798],[-46.5738752,-20.1557511],[-46.574019,-20.1558565],[-46.5742225,-20.1559894],[-46.5744083,-20.1561394],[-46.5746288,-20.1561879],[-46.5747284,-20.1560467],[-46.5747565,-20.1558194],[-46.5747415,-20.1555693],[-46.5749227,-20.1552645],[-46.5752067,-20.1551061],[-46.5753586,-20.1548507],[-46.5754403,-20.1546984],[-46.5756119,-20.1543989],[-46.5757638,-20.1543474],[-46.5760378,-20.1544011],[-46.5763186,-20.1549644],[-46.5765077,-20.1551395],[-46.5766791,-20.1552548],[-46.5769088,-20.1552555],[-46.5770752,-20.1551966],[-46.5772773,-20.1551565],[-46.5774394,-20.1551647],[-46.5776428,-20.1552537],[-46.5778058,-20.1553574],[-46.5779589,-20.1554851],[-46.5780971,-20.1556272],[-46.5782204,-20.1558078],[-46.5783745,-20.1560359],[-46.5785307,-20.1559628],[-46.5785791,-20.1557424],[-46.5787012,-20.1554721],[-46.5789346,-20.1553473],[-46.5791015,-20.1553362],[-46.5792829,-20.1553851],[-46.5794932,-20.1555079],[-46.5796535,-20.1555844],[-46.5798245,-20.1556296],[-46.5799745,-20.1555987],[-46.5800475,-20.1554684],[-46.5799645,-20.155327],[-46.5798807,-20.1551927],[-46.5797046,-20.1550586],[-46.5795312,-20.1549101],[-46.5794417,-20.1547654],[-46.5792916,-20.1546057],[-46.579141,-20.1544045],[-46.5790065,-20.1541563],[-46.5789318,-20.1538349],[-46.5789835,-20.1535123],[-46.5790805,-20.1533037],[-46.5792435,-20.1531048],[-46.5794341,-20.1529066],[-46.5795969,-20.1526912],[-46.5797805,-20.1524357],[-46.5800361,-20.1522984],[-46.5804137,-20.1520829],[-46.5807075,-20.1520219],[-46.5810584,-20.1519093],[-46.5814361,-20.1519055],[-46.5819472,-20.1519055],[-46.582356,-20.1520108],[-46.5826716,-20.1520921],[-46.5828981,-20.1521836],[-46.5831352,-20.1522438],[-46.5833628,-20.1524444],[-46.5836184,-20.1526966],[-46.5839168,-20.1528238],[-46.5841368,-20.1528218],[-46.5843672,-20.1527626],[-46.5846467,-20.152651],[-46.5849483,-20.1525548],[-46.5852669,-20.1525103],[-46.5856631,-20.1525172],[-46.5858452,-20.1525727],[-46.5859675,-20.1527066],[-46.5859709,-20.1530339],[-46.5859677,-20.1532625],[-46.5860188,-20.1534231],[-46.5861186,-20.1535001],[-46.5862396,-20.1534939],[-46.5864255,-20.1533883],[-46.5865615,-20.1532364],[-46.5866755,-20.1530795],[-46.5868065,-20.1529796],[-46.5868832,-20.1529478],[-46.587085,-20.1527946],[-46.587496,-20.1527336],[-46.5879286,-20.152786],[-46.5884293,-20.1529362],[-46.5888634,-20.1531293],[-46.5895585,-20.1533482],[-46.5902147,-20.1534056],[-46.5908099,-20.1533228],[-46.5911803,-20.1531084],[-46.591475,-20.1527821],[-46.5916742,-20.1525974],[-46.5918972,-20.1525391],[-46.59218,-20.1525084],[-46.5924621,-20.1524143],[-46.5924448,-20.1521753],[-46.5924441,-20.1519122],[-46.5927896,-20.1516515],[-46.5930722,-20.1515927],[-46.5933181,-20.1515975],[-46.5935802,-20.1517288],[-46.5938052,-20.1518815],[-46.5941568,-20.1520191],[-46.5945162,-20.1521988],[-46.5948919,-20.152512],[-46.5951037,-20.1528357],[-46.5952924,-20.1530642],[-46.5954573,-20.1531612],[-46.595568,-20.1530546],[-46.5956812,-20.152829],[-46.5959497,-20.1526626],[-46.5963877,-20.1524007],[-46.5963637,-20.1521502],[-46.596079,-20.1519785],[-46.5957699,-20.1518187],[-46.5957056,-20.1515521],[-46.5956536,-20.1512737],[-46.5954635,-20.1512015],[-46.5950682,-20.1514182],[-46.5947233,-20.1513199],[-46.5944164,-20.150724],[-46.5942943,-20.1503395],[-46.593905,-20.1500893],[-46.5935815,-20.1499806],[-46.6655382,-20.1500018],[-46.7614632,-20.1086524],[-46.9198027,-20.0758734]]]]}}]}
